<unk>	0.0
<s>	0.0
</s>	0.0
<pad>	0.0
.	-2.9174017906188965
▁the	-3.0829250812530518
,	-3.2470853328704834
▁to	-3.786827564239502
s	-3.923222541809082
▁a	-3.9305620193481445
▁and	-3.9581120014190674
▁of	-4.048865795135498
▁in	-4.1256103515625
'	-4.1489691734313965
▁it	-4.731903076171875
▁is	-4.737890243530273
▁that	-4.7672929763793945
▁for	-4.809263706207275
▁on	-4.915935516357422
▁i	-4.980572700500488
▁was	-5.027390956878662
▁he	-5.128931045532227
▁with	-5.141412258148193
▁said	-5.244284152984619
▁be	-5.37575101852417
▁we	-5.393659591674805
▁have	-5.3974456787109375
▁are	-5.414532661437988
▁as	-5.461686134338379
▁at	-5.462925434112549
▁this	-5.4824538230896
t	-5.4843950271606445
▁has	-5.532629013061523
▁but	-5.580145835876465
▁from	-5.6319169998168945
▁you	-5.639531135559082
▁they	-5.669743061065674
▁not	-5.7133588790893555
▁his	-5.7289042472839355
▁by	-5.759105205535889
▁will	-5.784188747406006
▁she	-5.8344292640686035
▁an	-5.883361339569092
▁been	-6.00246524810791
▁had	-6.036689758300781
▁her	-6.0511555671691895
▁were	-6.066671848297119
▁their	-6.072739124298096
▁one	-6.14171838760376
▁there	-6.156264781951904
▁can	-6.165462017059326
▁also	-6.1717963218688965
▁more	-6.182230472564697
▁who	-6.21594762802124
▁all	-6.2274394035339355
▁people	-6.23142147064209
▁about	-6.249659538269043
▁up	-6.256319046020508
?	-6.271492958068848
▁so	-6.274036407470703
▁or	-6.307936191558838
▁out	-6.340333938598633
▁after	-6.358585834503174
▁what	-6.377464771270752
ing	-6.3902764320373535
▁when	-6.392749309539795
m	-6.428549766540527
▁my	-6.471139907836914
▁year	-6.479997158050537
▁if	-6.4833083152771
▁just	-6.491466999053955
▁new	-6.493669033050537
▁would	-6.49926233291626
▁time	-6.511221408843994
▁no	-6.548723220825195
▁like	-6.594369888305664
▁which	-6.6058878898620605
▁do	-6.619126319885254
▁over	-6.630319118499756
▁our	-6.636831760406494
▁first	-6.637631893157959
re	-6.651523590087891
▁now	-6.674756050109863
▁than	-6.678703784942627
▁some	-6.681807994842529
▁two	-6.6912102699279785
d	-6.725696086883545
▁last	-6.783846855163574
▁get	-6.803054332733154
▁into	-6.813180446624756
▁other	-6.821629524230957
ed	-6.830297946929932
▁your	-6.845376491546631
▁its	-6.8463335037231445
▁me	-6.8514251708984375
▁could	-6.868188858032227
▁them	-6.871576309204102
▁back	-6.89842414855957
▁him	-6.913119792938232
▁how	-6.917319297790527
▁us	-6.937093257904053
▁	-7.002901554107666
▁only	-7.045304775238037
▁before	-7.052664279937744
▁years	-7.067049026489258
▁being	-7.080699443817139
ve	-7.090718746185303
▁don	-7.096261978149414
▁day	-7.096827030181885
▁many	-7.1106414794921875
▁these	-7.111527442932129
▁mr	-7.119274616241455
▁because	-7.128671646118164
▁very	-7.129278659820557
▁going	-7.143124580383301
▁most	-7.145808696746826
▁then	-7.14586067199707
▁think	-7.166291236877441
▁those	-7.171023368835449
▁told	-7.171145915985107
▁off	-7.193403244018555
▁government	-7.194834232330322
▁three	-7.196472644805908
▁while	-7.197173118591309
▁even	-7.206709861755371
▁make	-7.221678256988525
▁still	-7.2243804931640625
▁made	-7.231379985809326
▁home	-7.24144172668457
▁well	-7.24719762802124
▁know	-7.249150276184082
▁go	-7.264499187469482
▁good	-7.26621150970459
▁any	-7.268019676208496
▁should	-7.274065017700195
▁says	-7.277287483215332
▁did	-7.290620803833008
▁against	-7.29682731628418
▁where	-7.297085762023926
▁world	-7.303342342376709
▁work	-7.3098673820495605
▁down	-7.315426826477051
▁may	-7.3164191246032715
▁way	-7.32066535949707
▁state	-7.324892520904541
▁police	-7.330804347991943
▁through	-7.3376312255859375
▁during	-7.338066577911377
▁see	-7.338551998138428
▁really	-7.339693069458008
▁take	-7.341911315917969
▁since	-7.342554092407227
▁much	-7.351226806640625
▁need	-7.362676620483398
▁around	-7.3653106689453125
▁added	-7.3656325340271
▁week	-7.374861240386963
▁another	-7.384376049041748
▁want	-7.388338565826416
n	-7.4232940673828125
▁right	-7.431875228881836
▁got	-7.470630645751953
▁19	-7.4846882820129395
▁family	-7.490434646606445
▁say	-7.497315406799316
y	-7.499517440795898
▁long	-7.5005879402160645
▁country	-7.502355098724365
▁team	-7.5051398277282715
▁game	-7.513123035430908
▁life	-7.517428874969482
▁old	-7.539895534515381
▁president	-7.549903869628906
e	-7.551578998565674
▁health	-7.5619330406188965
▁here	-7.564507007598877
▁second	-7.572981357574463
▁both	-7.5803303718566895
▁too	-7.587446212768555
▁however	-7.601551532745361
ly	-7.603127956390381
▁next	-7.609086513519287
▁come	-7.616036415100098
▁under	-7.619327068328857
▁according	-7.62798547744751
▁such	-7.628223896026611
▁never	-7.655183792114258
ll	-7.658743381500244
▁four	-7.659056663513184
▁per	-7.679255485534668
▁part	-7.6829094886779785
a	-7.685123920440674
▁million	-7.6949687004089355
▁help	-7.695561408996582
▁city	-7.709902286529541
▁left	-7.713856220245361
▁between	-7.714078903198242
▁high	-7.720623016357422
▁show	-7.730482578277588
▁best	-7.731391429901123
▁end	-7.732917785644531
▁every	-7.733866214752197
▁place	-7.740894317626953
▁including	-7.741573333740234
▁10	-7.748547077178955
▁season	-7.749663352966309
▁didn	-7.75706148147583
▁man	-7.7748541831970215
▁public	-7.776421546936035
▁same	-7.782272815704346
er	-7.78478479385376
▁house	-7.790555000305176
▁lot	-7.794051170349121
▁days	-7.79859733581543
▁vaccine	-7.799246311187744
▁set	-7.807343006134033
▁found	-7.810074329376221
▁own	-7.813558101654053
▁biden	-7.822000980377197
▁children	-7.82773494720459
▁later	-7.830311298370361
▁big	-7.830563545227051
▁always	-7.830744743347168
▁u	-7.831092834472656
▁again	-7.843088626861572
▁de	-7.854920864105225
▁uk	-7.861520767211914
▁five	-7.863531589508057
▁today	-7.864871501922607
▁why	-7.86580753326416
▁something	-7.866450309753418
▁things	-7.870167255401611
▁great	-7.870853424072266
▁women	-7.872872829437256
▁called	-7.873363494873047
▁put	-7.875060081481934
▁trump	-7.876156806945801
▁look	-7.885151386260986
▁number	-7.894235134124756
▁cases	-7.895766735076904
▁support	-7.898425102233887
▁play	-7.90720796585083
▁company	-7.909851551055908
▁won	-7.910098552703857
▁group	-7.910496234893799
▁former	-7.932514667510986
▁little	-7.93257474899292
▁away	-7.935850143432617
▁month	-7.937638759613037
▁news	-7.9417219161987305
▁far	-7.948648452758789
▁1	-7.950836181640625
▁better	-7.9549407958984375
▁night	-7.95943021774292
▁came	-7.9601826667785645
▁without	-7.9619879722595215
▁love	-7.964781284332275
▁use	-7.9661359786987305
▁months	-7.967056751251221
▁took	-7.968427658081055
▁national	-7.974437713623047
▁top	-7.97633695602417
▁already	-7.980842113494873
▁each	-7.981154918670654
▁start	-7.984151840209961
▁across	-7.984961032867432
▁school	-7.989583492279053
▁minister	-7.990881443023682
▁feel	-7.99497127532959
▁different	-7.9961934089660645
▁court	-7.996205806732178
▁change	-7.998318195343018
▁few	-8.00048542022705
▁times	-8.010456085205078
▁seen	-8.01488208770752
▁used	-8.01694107055664
▁run	-8.02071762084961
▁does	-8.021400451660156
▁went	-8.023286819458008
▁social	-8.024625778198242
▁yet	-8.024845123291016
th	-8.034588813781738
▁until	-8.036067962646484
▁asked	-8.041054725646973
▁media	-8.041763305664062
c	-8.047135353088379
▁six	-8.051972389221191
▁case	-8.055435180664062
▁united	-8.06060791015625
▁reported	-8.06331729888916
▁win	-8.06690788269043
o	-8.071179389953613
▁2	-8.081157684326172
▁black	-8.091397285461426
▁working	-8.093669891357422
▁must	-8.10204029083252
▁white	-8.105081558227539
▁point	-8.112080574035645
▁person	-8.1159029006958
▁12	-8.125113487243652
▁3	-8.12635326385498
▁might	-8.12647819519043
▁having	-8.129677772521973
▁keep	-8.132064819335938
r	-8.138063430786133
▁past	-8.138894081115723
▁half	-8.139058113098145
▁am	-8.139328002929688
▁getting	-8.140388488769531
▁party	-8.147133827209473
▁find	-8.159936904907227
▁wrote	-8.165748596191406
▁third	-8.166149139404297
▁face	-8.168399810791016
▁5	-8.168954849243164
▁states	-8.171163558959961
▁making	-8.176867485046387
▁together	-8.179154396057129
▁thing	-8.179814338684082
▁among	-8.181127548217773
▁20	-8.18567943572998
▁ms	-8.185851097106934
▁games	-8.18592643737793
▁friday	-8.188033103942871
▁able	-8.18877124786377
▁report	-8.19753646850586
▁ever	-8.197833061218262
▁money	-8.198038101196289
▁local	-8.20182991027832
▁done	-8.204660415649414
▁once	-8.205018997192383
▁death	-8.20595932006836
▁hard	-8.207316398620605
▁monday	-8.207560539245605
▁open	-8.209939956665039
▁doing	-8.21249771118164
▁points	-8.216708183288574
▁full	-8.220932960510254
▁early	-8.222076416015625
▁important	-8.222116470336914
▁side	-8.224371910095215
▁players	-8.226943016052246
▁cent	-8.229670524597168
▁comes	-8.23825454711914
i	-8.239477157592773
▁star	-8.243481636047363
▁p	-8.245232582092285
▁hit	-8.24582576751709
▁business	-8.250543594360352
▁looking	-8.252007484436035
▁young	-8.25230598449707
▁office	-8.254694938659668
▁sunday	-8.25481128692627
▁everyone	-8.254839897155762
▁due	-8.256274223327637
▁though	-8.257458686828613
▁taken	-8.261336326599121
▁final	-8.266565322875977
▁started	-8.267768859863281
▁england	-8.267939567565918
▁let	-8.270028114318848
▁care	-8.27104377746582
▁power	-8.276217460632324
▁free	-8.276466369628906
▁enough	-8.277547836303711
▁south	-8.28003215789795
▁law	-8.280566215515137
▁least	-8.282486915588379
▁several	-8.282695770263672
▁doesn	-8.283893585205078
▁following	-8.284178733825684
▁wednesday	-8.284551620483398
▁4	-8.288297653198242
▁give	-8.289615631103516
▁thought	-8.291913032531738
▁15	-8.292874336242676
▁live	-8.295846939086914
▁become	-8.296992301940918
▁video	-8.30387020111084
▁thursday	-8.304183006286621
▁weeks	-8.305042266845703
▁league	-8.3079833984375
▁tuesday	-8.308409690856934
▁coming	-8.314655303955078
▁real	-8.320724487304688
▁statement	-8.323953628540039
▁given	-8.326120376586914
▁whether	-8.32614517211914
▁less	-8.32703971862793
▁american	-8.327872276306152
▁others	-8.333694458007812
▁countries	-8.335243225097656
▁move	-8.335442543029785
▁further	-8.335445404052734
▁earlier	-8.339385032653809
▁lost	-8.339801788330078
▁expected	-8.339865684509277
▁died	-8.34290599822998
▁11	-8.345429420471191
▁water	-8.347090721130371
▁international	-8.351418495178223
▁officials	-8.352468490600586
▁post	-8.352743148803711
▁fans	-8.352913856506348
▁series	-8.355345726013184
▁6	-8.358479499816895
▁hospital	-8.359580039978027
es	-8.360408782958984
▁continue	-8.36172103881836
▁everything	-8.362589836120605
▁market	-8.365511894226074
▁march	-8.366806983947754
▁decision	-8.369808197021484
▁future	-8.370309829711914
▁saying	-8.373549461364746
▁close	-8.373701095581055
▁taking	-8.375896453857422
▁head	-8.377074241638184
▁saturday	-8.377228736877441
▁system	-8.380349159240723
▁announced	-8.384649276733398
▁members	-8.38512134552002
▁often	-8.389575004577637
▁community	-8.392777442932129
▁forward	-8.394437789916992
▁hours	-8.39495849609375
▁call	-8.401263236999512
▁bit	-8.402048110961914
▁car	-8.402297973632812
▁behind	-8.402968406677246
▁china	-8.403921127319336
▁based	-8.418635368347168
▁known	-8.42068099975586
▁job	-8.422298431396484
▁data	-8.424642562866211
▁london	-8.426141738891602
▁men	-8.426833152770996
▁outside	-8.43402099609375
▁clear	-8.43404483795166
▁trying	-8.434385299682617
▁woman	-8.440712928771973
▁travel	-8.444490432739258
▁india	-8.445474624633789
▁shot	-8.450249671936035
▁likely	-8.453574180603027
▁service	-8.454544067382812
▁return	-8.458388328552246
▁area	-8.458792686462402
▁30	-8.461304664611816
▁believe	-8.462333679199219
▁wanted	-8.464582443237305
▁18	-8.464738845825195
▁available	-8.466896057128906
▁staff	-8.467589378356934
▁played	-8.471505165100098
▁food	-8.471922874450684
▁ago	-8.472915649414062
▁almost	-8.474617958068848
▁recent	-8.475631713867188
g	-8.47590446472168
▁political	-8.478137016296387
▁course	-8.4804105758667
k	-8.482251167297363
▁security	-8.48593807220459
▁sure	-8.486442565917969
▁deal	-8.489167213439941
▁small	-8.489274978637695
▁plan	-8.49087905883789
▁club	-8.491018295288086
▁within	-8.491392135620117
▁chief	-8.494281768798828
▁risk	-8.495078086853027
▁york	-8.497851371765137
▁despite	-8.497894287109375
▁wasn	-8.501315116882324
▁moment	-8.502455711364746
▁received	-8.505584716796875
▁felt	-8.505970001220703
▁west	-8.506875991821289
▁line	-8.50730037689209
▁level	-8.508710861206055
▁online	-8.509729385375977
▁department	-8.511165618896484
▁seven	-8.513041496276855
▁pay	-8.513448715209961
▁couple	-8.515512466430664
▁anything	-8.522777557373047
▁stop	-8.524314880371094
▁january	-8.524877548217773
▁information	-8.526989936828613
▁test	-8.52761459350586
▁la	-8.528834342956543
▁morning	-8.54104995727539
▁late	-8.54249095916748
▁story	-8.542845726013184
▁someone	-8.547080039978027
▁johnson	-8.551589965820312
▁mother	-8.552082061767578
▁april	-8.553150177001953
▁saw	-8.55459976196289
▁nothing	-8.555595397949219
▁kind	-8.556978225708008
▁possible	-8.564303398132324
▁air	-8.565058708190918
▁co	-8.567883491516113
▁major	-8.569470405578613
▁june	-8.572322845458984
▁workers	-8.573553085327148
▁friends	-8.573609352111816
▁body	-8.576436042785645
al	-8.577486991882324
▁minutes	-8.581418991088867
▁record	-8.585175514221191
▁fire	-8.586247444152832
▁hope	-8.587784767150879
▁dr	-8.587994575500488
▁summer	-8.590645790100098
▁history	-8.591618537902832
▁situation	-8.59310245513916
▁north	-8.593266487121582
▁election	-8.595904350280762
▁son	-8.596959114074707
▁experience	-8.5975980758667
▁control	-8.598488807678223
▁means	-8.601622581481934
▁red	-8.606844902038574
▁try	-8.6083402633667
▁using	-8.611738204956055
▁process	-8.61279582977295
▁led	-8.61510181427002
▁name	-8.617156982421875
▁lead	-8.620546340942383
▁ahead	-8.621060371398926
▁ball	-8.622076988220215
▁lives	-8.622123718261719
▁held	-8.622532844543457
▁8	-8.624526977539062
▁14	-8.627143859863281
▁began	-8.627364158630371
▁july	-8.627397537231445
▁soon	-8.628095626831055
▁total	-8.628796577453613
▁d	-8.629010200500488
▁currently	-8.631163597106934
▁16	-8.631207466125488
▁action	-8.631694793701172
▁space	-8.63249397277832
▁price	-8.633102416992188
▁2020	-8.634411811828613
▁short	-8.636199951171875
▁global	-8.63641357421875
▁leave	-8.636811256408691
▁comment	-8.637842178344727
▁single	-8.640190124511719
man	-8.641165733337402
▁percent	-8.642500877380371
▁scotland	-8.643404006958008
▁low	-8.643921852111816
▁anyone	-8.644964218139648
▁playing	-8.646003723144531
▁13	-8.647344589233398
▁prime	-8.648772239685059
p	-8.649124145507812
▁positive	-8.649141311645508
▁virus	-8.64970874786377
▁age	-8.650501251220703
▁along	-8.651535034179688
▁became	-8.656813621520996
▁result	-8.65685749053955
▁happened	-8.659188270568848
▁actually	-8.659303665161133
▁nearly	-8.659653663635254
▁fight	-8.662910461425781
▁university	-8.663134574890137
▁football	-8.669861793518066
▁7	-8.671916007995605
▁companies	-8.671931266784668
▁child	-8.672185897827148
▁issue	-8.672825813293457
▁twitter	-8.672844886779785
▁instead	-8.67325496673584
▁role	-8.676278114318848
▁isn	-8.676907539367676
▁recently	-8.678035736083984
▁australia	-8.678059577941895
▁released	-8.681270599365234
▁bill	-8.682759284973145
▁father	-8.68295955657959
▁services	-8.684173583984375
▁needed	-8.688207626342773
▁order	-8.689046859741211
▁british	-8.69100284576416
▁stay	-8.692811965942383
▁un	-8.69507122039795
▁officers	-8.696477890014648
▁eight	-8.69963550567627
▁general	-8.702374458312988
▁america	-8.703275680541992
▁happy	-8.703815460205078
▁war	-8.704512596130371
▁film	-8.706134796142578
in	-8.706475257873535
▁reports	-8.706740379333496
▁makes	-8.711877822875977
▁o	-8.712952613830566
▁federal	-8.714383125305176
▁goal	-8.715431213378906
▁front	-8.715897560119629
▁room	-8.716131210327148
▁large	-8.716240882873535
▁re	-8.718476295471191
▁climate	-8.723830223083496
▁issues	-8.724226951599121
▁24	-8.7249755859375
▁needs	-8.724987983703613
▁confirmed	-8.72503662109375
▁match	-8.726287841796875
▁energy	-8.726740837097168
l	-8.727936744689941
▁problem	-8.728067398071289
▁parents	-8.730243682861328
▁list	-8.730708122253418
▁street	-8.730744361877441
▁career	-8.73386001586914
▁washington	-8.734803199768066
▁county	-8.7349853515625
▁human	-8.737117767333984
▁100	-8.739069938659668
▁quite	-8.739879608154297
▁25	-8.739983558654785
▁event	-8.74169635772705
▁september	-8.742284774780273
▁administration	-8.742942810058594
▁hand	-8.743311882019043
▁book	-8.744248390197754
▁strong	-8.744258880615234
▁matter	-8.744428634643555
▁military	-8.745230674743652
▁director	-8.74579906463623
▁shared	-8.74603271484375
▁special	-8.74846076965332
▁bad	-8.748590469360352
▁medical	-8.749009132385254
▁50	-8.749188423156738
▁term	-8.755195617675781
▁revealed	-8.75533390045166
▁students	-8.75574779510498
▁remain	-8.75865364074707
▁continued	-8.761216163635254
▁billion	-8.763446807861328
▁plans	-8.765786170959473
▁building	-8.766706466674805
▁key	-8.76687240600586
▁difficult	-8.767853736877441
▁tv	-8.769526481628418
▁tell	-8.771706581115723
▁shows	-8.773514747619629
▁whole	-8.779191970825195
▁industry	-8.77991771697998
▁attack	-8.784662246704102
▁near	-8.78516674041748
▁november	-8.78536319732666
en	-8.786617279052734
▁latest	-8.79025650024414
▁restrictions	-8.793137550354004
▁meanwhile	-8.793932914733887
▁showed	-8.797722816467285
▁press	-8.7979736328125
▁authorities	-8.799110412597656
▁john	-8.800697326660156
▁official	-8.801905632019043
▁mean	-8.8028564453125
▁question	-8.803069114685059
▁policy	-8.804303169250488
▁met	-8.806221008300781
▁talk	-8.806974411010742
▁especially	-8.80744743347168
▁bring	-8.808167457580566
▁current	-8.810093879699707
▁investigation	-8.810298919677734
▁include	-8.81044864654541
▁huge	-8.810953140258789
▁campaign	-8.814156532287598
▁leader	-8.814432144165039
▁december	-8.817965507507324
▁daughter	-8.818198204040527
▁green	-8.819095611572266
▁running	-8.819779396057129
▁0	-8.823201179504395
▁player	-8.825262069702148
▁rate	-8.827381134033203
▁road	-8.827840805053711
▁rules	-8.82807731628418
▁meeting	-8.828123092651367
▁n	-8.831074714660645
▁share	-8.832755088806152
▁himself	-8.833956718444824
▁living	-8.833992958068848
▁park	-8.834687232971191
▁kids	-8.837681770324707
▁fact	-8.83780574798584
▁august	-8.838587760925293
▁worked	-8.83923625946045
▁heart	-8.839957237243652
▁october	-8.840426445007324
▁gave	-8.840544700622559
▁race	-8.8408203125
▁9	-8.841300010681152
▁officer	-8.842289924621582
▁inside	-8.84239673614502
▁17	-8.848639488220215
▁read	-8.85140323638916
▁patients	-8.853374481201172
▁european	-8.853412628173828
▁california	-8.855307579040527
▁deaths	-8.855483055114746
▁remains	-8.85640811920166
▁provide	-8.856546401977539
▁research	-8.857150077819824
▁killed	-8.857897758483887
ers	-8.859560012817383
▁l	-8.86007308959961
▁happen	-8.862082481384277
▁music	-8.862089157104492
▁impact	-8.862320899963379
▁increase	-8.86558723449707
▁allowed	-8.870444297790527
▁incident	-8.870545387268066
f	-8.872441291809082
▁rights	-8.872918128967285
▁higher	-8.873994827270508
▁cost	-8.874738693237305
▁heard	-8.875929832458496
▁justice	-8.87729549407959
▁response	-8.877504348754883
▁britain	-8.879396438598633
▁step	-8.879688262939453
▁joe	-8.879844665527344
▁period	-8.879905700683594
▁longer	-8.88027572631836
▁wife	-8.88578987121582
▁evidence	-8.886542320251465
▁watch	-8.890259742736816
▁probably	-8.891083717346191
▁cut	-8.893248558044434
on	-8.893607139587402
▁chance	-8.893961906433105
▁safe	-8.895400047302246
▁nation	-8.898799896240234
▁act	-8.899410247802734
▁fully	-8.900602340698242
▁board	-8.902576446533203
▁phone	-8.903617858886719
▁financial	-8.903953552246094
▁safety	-8.90488052368164
▁areas	-8.906356811523438
▁christmas	-8.909844398498535
▁similar	-8.910107612609863
▁turn	-8.910699844360352
▁21	-8.91074275970459
▁private	-8.910904884338379
▁self	-8.911172866821289
▁idea	-8.91187858581543
▁region	-8.913895606994629
▁nine	-8.917333602905273
▁crisis	-8.91838264465332
▁pressure	-8.920400619506836
▁rather	-8.921905517578125
▁c	-8.925307273864746
▁leaders	-8.926947593688965
▁coach	-8.928362846374512
▁cannot	-8.929054260253906
▁sent	-8.92934799194336
▁eu	-8.93059253692627
▁wrong	-8.93115234375
▁offer	-8.931633949279785
▁knew	-8.93291187286377
▁access	-8.934500694274902
▁previously	-8.936551094055176
▁focus	-8.936731338500977
▁secretary	-8.93768310546875
▁force	-8.939364433288574
▁families	-8.940053939819336
▁manager	-8.94013500213623
▁round	-8.941704750061035
▁couldn	-8.942429542541504
▁results	-8.9425630569458
▁light	-8.943055152893066
▁involved	-8.944192886352539
▁quickly	-8.944684028625488
▁gone	-8.945876121520996
▁understand	-8.948498725891113
▁interview	-8.949488639831543
▁economic	-8.950918197631836
▁immediately	-8.951051712036133
▁bank	-8.953597068786621
▁daily	-8.956888198852539
▁vote	-8.958873748779297
am	-8.959552764892578
▁mark	-8.959687232971191
▁40	-8.963217735290527
▁easy	-8.963438034057617
▁border	-8.9642915725708
▁biggest	-8.965469360351562
▁claimed	-8.966570854187012
▁study	-8.967904090881348
▁else	-8.968419075012207
▁relationship	-8.968446731567383
▁hold	-8.969526290893555
▁agency	-8.970383644104004
▁husband	-8.974910736083984
▁themselves	-8.978630065917969
▁t	-8.980459213256836
▁looked	-8.98141098022461
▁foreign	-8.983461380004883
▁previous	-8.983532905578613
▁union	-8.98410701751709
u	-8.98667049407959
▁ready	-8.987990379333496
▁although	-8.989033699035645
▁february	-8.989033699035645
h	-8.990415573120117
▁al	-8.991451263427734
▁turned	-8.992289543151855
▁training	-8.992334365844727
▁rest	-8.993901252746582
▁sense	-8.996392250061035
▁date	-8.997246742248535
▁friend	-8.998628616333008
▁ground	-8.9990816116333
▁centre	-9.000146865844727
▁sometimes	-9.00112533569336
an	-9.003280639648438
▁weekend	-9.00500774383545
▁non	-9.005415916442871
▁facebook	-9.005508422851562
▁either	-9.008891105651855
▁position	-9.009224891662598
▁looks	-9.010608673095703
▁republican	-9.011138916015625
▁violence	-9.011881828308105
b	-9.012850761413574
▁break	-9.013473510742188
▁worth	-9.015174865722656
▁st	-9.015393257141113
▁project	-9.017422676086426
▁tried	-9.0193452835083
▁performance	-9.019911766052246
▁legal	-9.020455360412598
▁spent	-9.022268295288086
▁pre	-9.022721290588379
▁e	-9.02331256866455
▁david	-9.024331092834473
▁cup	-9.025107383728027
▁personal	-9.02907657623291
▁brought	-9.031765937805176
▁s	-9.03296184539795
▁account	-9.03390121459961
▁europe	-9.034709930419922
▁variant	-9.035857200622559
▁form	-9.037233352661133
▁member	-9.037626266479492
▁true	-9.039324760437012
▁moved	-9.039436340332031
▁22	-9.039750099182129
▁potential	-9.041805267333984
▁reason	-9.042552947998047
▁residents	-9.043146133422852
▁b	-9.0449800491333
▁winning	-9.045003890991211
▁capital	-9.045363426208496
▁scene	-9.045685768127441
▁cause	-9.046343803405762
▁schools	-9.047198295593262
▁royal	-9.047669410705566
x	-9.048338890075684
▁opportunity	-9.04893970489502
▁pretty	-9.04893970489502
▁trial	-9.048965454101562
▁tax	-9.049148559570312
▁goes	-9.04948616027832
▁serious	-9.049688339233398
▁economy	-9.05161190032959
▁field	-9.05211353302002
▁development	-9.05480670928955
▁james	-9.055662155151367
▁loss	-9.057487487792969
▁americans	-9.060876846313477
▁feeling	-9.061042785644531
▁words	-9.062947273254395
▁described	-9.063074111938477
▁arrested	-9.064659118652344
▁events	-9.064682960510254
▁speaking	-9.065417289733887
▁maybe	-9.067965507507324
▁claims	-9.068225860595703
▁groups	-9.068456649780273
▁stage	-9.070724487304688
▁average	-9.071560859680176
▁significant	-9.071810722351074
▁center	-9.073147773742676
▁committee	-9.073436737060547
▁population	-9.074204444885254
▁seems	-9.074987411499023
▁anti	-9.075517654418945
▁central	-9.075939178466797
▁technology	-9.076406478881836
▁interest	-9.078362464904785
▁mind	-9.078521728515625
▁meet	-9.081711769104004
▁helped	-9.082046508789062
▁changed	-9.083650588989258
▁conference	-9.089323997497559
pm	-9.090361595153809
▁france	-9.091320037841797
▁pro	-9.091923713684082
▁yes	-9.09203052520752
▁sun	-9.093478202819824
▁demand	-9.098684310913086
▁customers	-9.09886360168457
▁thousands	-9.098896026611328
▁dead	-9.102883338928223
▁myself	-9.103710174560547
▁paid	-9.10374641418457
▁quarter	-9.10914134979248
▁executive	-9.110605239868164
▁democrats	-9.110647201538086
▁sports	-9.110923767089844
▁los	-9.111273765563965
▁towards	-9.113015174865723
▁en	-9.113059043884277
▁le	-9.114490509033203
▁takes	-9.116275787353516
▁middle	-9.116375923156738
▁afghanistan	-9.117409706115723
▁baby	-9.118400573730469
▁finally	-9.118571281433105
▁prices	-9.119237899780273
▁reached	-9.119771003723145
▁particularly	-9.121028900146484
▁example	-9.121294021606445
▁release	-9.122076034545898
▁simply	-9.122654914855957
▁buy	-9.123149871826172
▁businesses	-9.123231887817383
▁judge	-9.123357772827148
▁congress	-9.123431205749512
▁san	-9.12686824798584
▁stand	-9.128437995910645
▁actor	-9.130358695983887
▁born	-9.130707740783691
▁throughout	-9.130939483642578
▁experts	-9.131893157958984
▁east	-9.132475852966309
▁ask	-9.133610725402832
▁fourth	-9.133684158325195
▁closed	-9.134824752807617
▁expect	-9.135041236877441
▁changes	-9.135612487792969
▁leading	-9.13602352142334
▁emergency	-9.13662052154541
▁message	-9.138406753540039
▁growth	-9.13875961303711
▁main	-9.140819549560547
▁starting	-9.140963554382324
▁wants	-9.141610145568848
▁rise	-9.141838073730469
▁russia	-9.142873764038086
▁texas	-9.14294147491455
▁appeared	-9.143659591674805
▁questions	-9.145578384399414
▁alone	-9.148261070251465
▁visit	-9.14956283569336
▁problems	-9.150189399719238
▁taliban	-9.150777816772461
▁talking	-9.151659965515137
▁remember	-9.152194023132324
▁measures	-9.152557373046875
▁numbers	-9.153114318847656
▁doses	-9.154130935668945
▁council	-9.155399322509766
▁seeing	-9.157089233398438
▁challenge	-9.158347129821777
▁oil	-9.160615921020508
▁site	-9.161225318908691
▁hour	-9.16152572631836
▁senate	-9.164161682128906
▁gold	-9.164867401123047
▁rose	-9.165868759155273
▁range	-9.168109893798828
▁above	-9.168145179748535
▁followed	-9.16916561126709
▁africa	-9.169880867004395
▁approach	-9.17066764831543
▁treatment	-9.170684814453125
▁teams	-9.170792579650879
▁lower	-9.172237396240234
▁land	-9.173842430114746
▁sign	-9.174901962280273
▁supply	-9.175168991088867
▁protect	-9.176009178161621
▁education	-9.177172660827637
▁scored	-9.177474021911621
▁accused	-9.177898406982422
▁fell	-9.17834758758545
▁harry	-9.178712844848633
▁prince	-9.17923641204834
▁wouldn	-9.18092155456543
▁property	-9.181248664855957
▁fall	-9.182689666748047
▁senior	-9.183155059814453
▁testing	-9.183435440063477
▁jobs	-9.184447288513184
▁program	-9.184864044189453
▁included	-9.185003280639648
▁super	-9.185497283935547
▁opening	-9.186657905578613
▁create	-9.187004089355469
▁majority	-9.187440872192383
▁french	-9.188179969787598
▁host	-9.188507080078125
▁bbc	-9.190423965454102
le	-9.190465927124023
te	-9.191154479980469
▁growing	-9.192519187927246
▁pass	-9.192667007446289
▁decided	-9.192988395690918
▁spread	-9.1965913772583
▁f	-9.197223663330078
co	-9.197830200195312
▁gas	-9.200509071350098
▁drive	-9.200955390930176
▁loved	-9.200997352600098
▁warned	-9.201395988464355
1	-9.203360557556152
▁district	-9.203937530517578
▁concerns	-9.20570182800293
▁efforts	-9.20602798461914
▁paul	-9.206998825073242
▁ireland	-9.208476066589355
▁follow	-9.210550308227539
able	-9.210563659667969
▁build	-9.21136474609375
▁popular	-9.211549758911133
▁scottish	-9.212678909301758
▁premier	-9.21290111541748
▁levels	-9.213517189025879
2	-9.216215133666992
▁hear	-9.216470718383789
▁completely	-9.216713905334473
▁kept	-9.218419075012207
▁certainly	-9.2194185256958
▁terms	-9.219557762145996
▁conditions	-9.219597816467285
▁pair	-9.219651222229004
▁success	-9.221098899841309
▁giving	-9.222637176513672
▁highest	-9.223434448242188
▁normal	-9.224679946899414
▁allow	-9.225515365600586
▁trade	-9.225863456726074
▁blood	-9.226312637329102
▁contact	-9.227995872497559
▁disease	-9.228574752807617
▁save	-9.23028564453125
▁posted	-9.231040954589844
▁returned	-9.23184585571289
▁tested	-9.232757568359375
▁class	-9.232796669006348
▁governor	-9.233522415161133
▁increased	-9.234992027282715
▁add	-9.235212326049805
▁60	-9.235236167907715
▁perfect	-9.235936164855957
▁ensure	-9.238146781921387
▁queen	-9.23841381072998
▁beat	-9.238551139831543
▁absolutely	-9.239280700683594
▁recorded	-9.241211891174316
z	-9.242646217346191
▁town	-9.243804931640625
▁yesterday	-9.244000434875488
▁effort	-9.244250297546387
▁common	-9.244421005249023
▁forces	-9.245828628540039
▁runs	-9.24704360961914
▁production	-9.247861862182617
▁ways	-9.247905731201172
▁forced	-9.250012397766113
▁sex	-9.25027084350586
▁republicans	-9.250950813293457
▁amazon	-9.253219604492188
▁caused	-9.253602981567383
▁amount	-9.254517555236816
▁26	-9.254965782165527
▁website	-9.25500202178955
▁ended	-9.255936622619629
▁reach	-9.256269454956055
▁chinese	-9.257589340209961
▁model	-9.257643699645996
▁weather	-9.25869083404541
▁beyond	-9.261974334716797
▁crime	-9.26202392578125
▁art	-9.262466430664062
▁certain	-9.263631820678711
▁works	-9.264336585998535
▁moving	-9.264726638793945
▁source	-9.264883995056152
▁leaving	-9.265277862548828
▁double	-9.265397071838379
▁m	-9.265464782714844
▁michael	-9.268047332763672
▁blue	-9.268084526062012
▁itself	-9.26859188079834
▁related	-9.268817901611328
▁independent	-9.269756317138672
▁rates	-9.27031421661377
▁tests	-9.270947456359863
▁northern	-9.273028373718262
▁firm	-9.274410247802734
▁hands	-9.275284767150879
▁victory	-9.275307655334473
▁extra	-9.27553939819336
▁stock	-9.275785446166992
▁college	-9.276955604553223
▁haven	-9.278738021850586
▁goals	-9.280611991882324
▁quality	-9.280838012695312
▁wearing	-9.281179428100586
▁required	-9.2815523147583
▁view	-9.281556129455566
▁married	-9.283080101013184
▁king	-9.28311824798584
▁multiple	-9.283685684204102
▁brother	-9.284697532653809
▁calls	-9.285011291503906
▁perhaps	-9.285327911376953
▁created	-9.287778854370117
▁launched	-9.287801742553711
▁deep	-9.289061546325684
▁manchester	-9.292106628417969
▁smith	-9.293856620788574
▁sport	-9.294341087341309
▁fast	-9.297119140625
▁effect	-9.298118591308594
▁missing	-9.29822826385498
▁straight	-9.298684120178223
▁holiday	-9.299309730529785
▁charges	-9.300262451171875
▁comments	-9.300919532775879
▁thinking	-9.301039695739746
▁published	-9.301907539367676
▁island	-9.302326202392578
▁products	-9.30233383178711
▁compared	-9.305390357971191
▁walk	-9.305556297302246
▁wait	-9.306106567382812
▁app	-9.30654525756836
▁joined	-9.307190895080566
▁23	-9.307876586914062
la	-9.309460639953613
▁labour	-9.309677124023438
▁brown	-9.309813499450684
na	-9.310699462890625
▁tough	-9.312484741210938
▁trust	-9.314867973327637
▁details	-9.315343856811523
▁passed	-9.315655708312988
▁named	-9.315889358520508
▁raised	-9.318056106567383
▁germany	-9.318848609924316
▁definitely	-9.320849418640137
▁largest	-9.3209810256958
▁dog	-9.321087837219238
ness	-9.322285652160645
▁sea	-9.323028564453125
▁mental	-9.323229789733887
▁g	-9.324732780456543
▁explained	-9.325404167175293
▁offered	-9.325929641723633
▁girl	-9.326606750488281
▁whose	-9.326634407043457
▁murder	-9.326865196228027
▁additional	-9.327499389648438
▁sales	-9.328508377075195
▁democratic	-9.329022407531738
▁check	-9.329039573669434
▁includes	-9.32960319519043
▁review	-9.329718589782715
▁injury	-9.33376407623291
▁value	-9.334762573242188
▁opened	-9.335258483886719
▁cnn	-9.336132049560547
▁cover	-9.336369514465332
▁address	-9.337265968322754
▁fine	-9.338628768920898
▁spoke	-9.33906078338623
▁angeles	-9.34149169921875
▁mask	-9.345603942871094
▁speak	-9.3465576171875
▁reality	-9.346972465515137
▁decades	-9.351655006408691
▁arrived	-9.352066993713379
ra	-9.355280876159668
▁brand	-9.357236862182617
us	-9.357656478881836
▁charge	-9.357720375061035
▁miss	-9.35789680480957
▁hair	-9.358088493347168
▁27	-9.358631134033203
▁ex	-9.358783721923828
▁track	-9.359156608581543
▁plus	-9.35986614227295
▁hotel	-9.360010147094727
▁defense	-9.360493659973145
▁investment	-9.360527038574219
▁choice	-9.361749649047852
▁homes	-9.362190246582031
▁commission	-9.363910675048828
▁agreed	-9.364398956298828
▁photo	-9.365337371826172
▁employees	-9.36682415008545
▁reportedly	-9.367359161376953
▁mid	-9.367402076721191
▁evening	-9.369050025939941
▁r	-9.372438430786133
▁partner	-9.373512268066406
▁store	-9.373614311218262
▁failed	-9.374396324157715
▁29	-9.374473571777344
▁die	-9.375323295593262
▁prison	-9.377503395080566
▁threat	-9.37905502319336
▁learn	-9.3794584274292
▁gets	-9.379900932312012
▁attention	-9.38027286529541
▁george	-9.380927085876465
▁culture	-9.381950378417969
▁feels	-9.382311820983887
▁title	-9.382454872131348
▁avoid	-9.382844924926758
▁lack	-9.38376522064209
▁receive	-9.384678840637207
▁cancer	-9.38505744934082
▁fan	-9.38530445098877
▁entire	-9.3853120803833
▁begin	-9.386341094970703
▁box	-9.386571884155273
▁users	-9.38715648651123
▁shooting	-9.387350082397461
ar	-9.38878059387207
▁amid	-9.388834953308105
▁fun	-9.388943672180176
5	-9.389281272888184
▁answer	-9.389761924743652
▁boy	-9.392243385314941
▁present	-9.392400741577148
▁communities	-9.393348693847656
▁capitol	-9.393353462219238
▁consider	-9.394201278686523
▁continues	-9.395611763000488
▁thank	-9.396028518676758
▁figure	-9.397727966308594
▁via	-9.398673057556152
▁built	-9.399005889892578
▁chelsea	-9.399636268615723
▁hearing	-9.399782180786133
▁claim	-9.401910781860352
▁missed	-9.403923034667969
▁figures	-9.40414047241211
▁style	-9.404888153076172
▁dad	-9.406021118164062
▁finished	-9.4061861038208
▁aren	-9.4075345993042
▁flight	-9.408013343811035
▁admitted	-9.408014297485352
▁credit	-9.40827465057373
▁victims	-9.408281326293945
▁charged	-9.408493041992188
▁signed	-9.408584594726562
▁digital	-9.408699035644531
▁bar	-9.40896987915039
▁issued	-9.409095764160156
▁injuries	-9.409144401550293
▁considered	-9.411505699157715
▁obviously	-9.411895751953125
▁winter	-9.412614822387695
▁trip	-9.41396713256836
▁beginning	-9.41426944732666
▁natural	-9.414393424987793
▁pick	-9.414568901062012
▁australian	-9.415127754211426
▁limited	-9.416101455688477
▁society	-9.416812896728516
▁costs	-9.41777229309082
▁spot	-9.417946815490723
▁hot	-9.419112205505371
▁wear	-9.420112609863281
▁el	-9.420332908630371
▁believed	-9.42121410369873
▁wall	-9.422804832458496
▁sector	-9.424426078796387
▁sky	-9.425491333007812
ic	-9.427170753479004
▁door	-9.428441047668457
▁fear	-9.4288330078125
▁masks	-9.43220043182373
▁injured	-9.433720588684082
▁protection	-9.433738708496094
▁minute	-9.434268951416016
▁28	-9.437040328979492
▁complete	-9.437830924987793
▁girls	-9.438508033752441
▁eventually	-9.438905715942383
▁eye	-9.44064712524414
▁competition	-9.441010475158691
▁provided	-9.441672325134277
▁character	-9.442057609558105
j	-9.442484855651855
▁calling	-9.445840835571289
▁facing	-9.446111679077148
▁infections	-9.4479398727417
▁respond	-9.448235511779785
▁cash	-9.448795318603516
▁noted	-9.449178695678711
▁recovery	-9.449606895446777
▁2017	-9.45107364654541
▁movie	-9.451775550842285
▁spending	-9.452896118164062
▁ministry	-9.454737663269043
ie	-9.454967498779297
▁critical	-9.455608367919922
▁word	-9.455626487731934
▁wide	-9.455843925476074
▁proud	-9.456930160522461
▁meant	-9.457124710083008
▁exactly	-9.457551956176758
▁apple	-9.457718849182129
ton	-9.457961082458496
▁contract	-9.45965576171875
▁jones	-9.46149730682373
▁target	-9.462610244750977
▁ap	-9.463706970214844
▁waiting	-9.46405029296875
v	-9.464692115783691
▁russian	-9.465654373168945
▁drug	-9.46606731414795
▁attorney	-9.466114044189453
▁mum	-9.466147422790527
▁ten	-9.46726131439209
▁ban	-9.467741012573242
▁researchers	-9.467803001403809
▁picture	-9.468169212341309
▁attempt	-9.469136238098145
▁sold	-9.46934986114502
▁skin	-9.471138954162598
▁watching	-9.47114086151123
▁overall	-9.471230506896973
ia	-9.473479270935059
▁card	-9.47377872467041
▁budget	-9.474071502685547
▁airport	-9.475845336914062
▁worst	-9.477660179138184
▁parts	-9.47774887084961
ta	-9.477884292602539
▁usually	-9.477912902832031
▁everybody	-9.478348731994629
▁adding	-9.478564262390137
▁2016	-9.478899955749512
▁heat	-9.479802131652832
▁sexual	-9.479857444763184
▁nations	-9.479896545410156
▁programme	-9.480341911315918
▁shares	-9.480905532836914
▁hundreds	-9.481273651123047
▁nice	-9.48139476776123
▁movement	-9.482177734375
▁florida	-9.483128547668457
▁worse	-9.483171463012695
▁damage	-9.483672142028809
▁indian	-9.483872413635254
▁x	-9.484906196594238
▁rule	-9.485352516174316
▁environment	-9.485386848449707
▁station	-9.485912322998047
▁lose	-9.486774444580078
▁alongside	-9.487305641174316
▁effective	-9.487369537353516
▁denied	-9.487940788269043
▁cross	-9.488450050354004
▁fair	-9.488512992858887
▁donald	-9.491316795349121
▁simple	-9.491707801818848
▁older	-9.492212295532227
▁fighting	-9.493836402893066
▁condition	-9.4942045211792
▁tournament	-9.494755744934082
▁israel	-9.496955871582031
▁guy	-9.498315811157227
▁god	-9.500852584838867
▁below	-9.50267219543457
▁asking	-9.5027494430542
▁fox	-9.50324535369873
▁writing	-9.503978729248047
▁politics	-9.50461196899414
▁agreement	-9.505423545837402
▁scott	-9.505703926086426
▁income	-9.506187438964844
▁page	-9.506607055664062
▁affected	-9.507302284240723
▁90	-9.508769035339355
▁challenges	-9.509204864501953
▁yourself	-9.510231018066406
▁leadership	-9.512372016906738
▁infection	-9.512520790100098
▁dangerous	-9.513278007507324
▁option	-9.51376724243164
▁v	-9.514004707336426
▁ran	-9.514416694641113
▁regular	-9.514680862426758
▁dose	-9.516590118408203
▁stopped	-9.516648292541504
▁platform	-9.51685619354248
▁stories	-9.517904281616211
▁management	-9.518027305603027
▁spokesperson	-9.520143508911133
▁clearly	-9.52089786529541
▁camera	-9.522275924682617
▁seem	-9.523247718811035
▁driving	-9.523706436157227
▁beach	-9.524506568908691
▁type	-9.524920463562012
▁abuse	-9.525742530822754
▁caught	-9.526567459106445
▁please	-9.526729583740234
▁beautiful	-9.526786804199219
▁network	-9.526816368103027
▁letter	-9.528009414672852
▁amazing	-9.529655456542969
▁criminal	-9.529744148254395
▁capacity	-9.53087329864502
▁offers	-9.53149127960205
▁contributed	-9.532686233520508
son	-9.532825469970703
▁voters	-9.53365421295166
▁request	-9.534761428833008
▁voice	-9.534929275512695
▁learning	-9.534984588623047
▁responded	-9.535642623901367
w	-9.536941528320312
▁suggested	-9.537321090698242
▁individual	-9.53754997253418
▁pain	-9.53943920135498
▁appear	-9.539663314819336
3	-9.540148735046387
or	-9.540223121643066
▁guys	-9.540384292602539
▁confidence	-9.541718482971191
▁search	-9.54237174987793
▁nature	-9.54245376586914
▁student	-9.543966293334961
▁features	-9.54448127746582
▁aged	-9.546148300170898
▁western	-9.546822547912598
▁shots	-9.547713279724121
▁table	-9.547987937927246
▁opposition	-9.548284530639648
ri	-9.548994064331055
▁difference	-9.549215316772461
▁boris	-9.549764633178711
▁wales	-9.550525665283203
▁ok	-9.551261901855469
▁concern	-9.552383422851562
▁massive	-9.552947998046875
▁associated	-9.553685188293457
▁chris	-9.55441951751709
▁extremely	-9.554450035095215
▁suffered	-9.55451774597168
▁vehicle	-9.555187225341797
▁professional	-9.556938171386719
▁size	-9.557852745056152
▁driver	-9.558154106140137
▁freedom	-9.56130599975586
▁sir	-9.561532020568848
▁80	-9.561551094055176
▁fit	-9.56360912322998
▁supporters	-9.563661575317383
▁70	-9.564448356628418
▁rising	-9.564627647399902
▁join	-9.564749717712402
▁dropped	-9.565277099609375
▁gun	-9.565658569335938
▁afternoon	-9.56600284576416
▁k	-9.566043853759766
▁wish	-9.566181182861328
▁putting	-9.567532539367676
▁shown	-9.571252822875977
▁spend	-9.572633743286133
▁actions	-9.57266902923584
▁science	-9.573476791381836
▁heavy	-9.574978828430176
▁spokesman	-9.574986457824707
▁ongoing	-9.574990272521973
▁english	-9.575555801391602
▁elections	-9.575986862182617
▁net	-9.576082229614258
▁poor	-9.576560974121094
▁investors	-9.577330589294434
▁original	-9.577566146850586
▁progress	-9.577930450439453
▁negative	-9.57900333404541
it	-9.57916259765625
▁successful	-9.579792976379395
▁happening	-9.579904556274414
▁design	-9.581475257873535
▁planning	-9.581828117370605
▁tech	-9.582077026367188
▁happens	-9.582633972167969
▁sale	-9.582770347595215
▁options	-9.583076477050781
▁advice	-9.584041595458984
▁enjoy	-9.585946083068848
▁fresh	-9.586564064025879
▁sound	-9.586569786071777
ley	-9.586926460266113
▁herself	-9.587080001831055
is	-9.587137222290039
▁identified	-9.587860107421875
to	-9.587864875793457
▁35	-9.588258743286133
▁sister	-9.588849067687988
▁various	-9.589367866516113
▁hasn	-9.590208053588867
▁highly	-9.590285301208496
▁leg	-9.591485977172852
▁whatever	-9.591833114624023
▁faced	-9.592035293579102
▁delivery	-9.592073440551758
▁improve	-9.592432975769043
▁italy	-9.592467308044434
▁addition	-9.592967987060547
▁sort	-9.593364715576172
▁physical	-9.59416389465332
▁places	-9.594342231750488
▁professor	-9.594719886779785
▁clean	-9.595296859741211
▁dark	-9.59682559967041
▁launch	-9.59787654876709
▁miles	-9.598236083984375
▁alleged	-9.598276138305664
▁weight	-9.599830627441406
▁ability	-9.599896430969238
▁civil	-9.599967956542969
▁floor	-9.600778579711914
▁tonight	-9.600956916809082
▁speed	-9.6010103225708
▁eyes	-9.601236343383789
▁female	-9.602218627929688
▁earth	-9.602535247802734
▁sleep	-9.603574752807617
▁squad	-9.603983879089355
▁cast	-9.603984832763672
▁prevent	-9.604016304016113
▁served	-9.604294776916504
▁cold	-9.604680061340332
▁benefits	-9.606337547302246
▁concerned	-9.606636047363281
4	-9.607446670532227
▁declined	-9.608434677124023
▁version	-9.609273910522461
▁telling	-9.609368324279785
▁helping	-9.611376762390137
▁seemed	-9.611433029174805
▁parties	-9.612035751342773
▁lived	-9.61323070526123
▁channel	-9.61404800415039
▁speech	-9.614901542663574
▁seattle	-9.615636825561523
▁grow	-9.616951942443848
el	-9.617263793945312
▁olympic	-9.617999076843262
▁fund	-9.619300842285156
▁welcome	-9.620138168334961
▁holding	-9.622870445251465
▁singer	-9.623083114624023
▁scientists	-9.62343692779541
▁captain	-9.623480796813965
▁respect	-9.623977661132812
▁scheduled	-9.624083518981934
▁score	-9.624454498291016
▁winner	-9.624653816223145
▁japan	-9.625059127807617
▁allegations	-9.625143051147461
▁urged	-9.625489234924316
▁knows	-9.626090049743652
▁wave	-9.626164436340332
▁active	-9.627781867980957
▁coast	-9.628917694091797
▁finish	-9.629136085510254
▁reduce	-9.630535125732422
▁truth	-9.63061809539795
▁greater	-9.630619049072266
▁keeping	-9.630942344665527
▁victim	-9.631698608398438
▁battle	-9.632349014282227
▁drop	-9.63349437713623
▁mayor	-9.63359260559082
▁necessary	-9.634596824645996
▁tour	-9.636154174804688
▁y	-9.636635780334473
▁essential	-9.637802124023438
▁foot	-9.63875961303711
▁base	-9.639522552490234
▁remained	-9.639571189880371
▁van	-9.6399507522583
▁song	-9.640702247619629
▁twice	-9.64100170135498
▁45	-9.642402648925781
▁parliament	-9.64256763458252
▁liverpool	-9.642606735229492
▁stuff	-9.643092155456543
▁domestic	-9.64335823059082
▁attacks	-9.6437349319458
▁showing	-9.644257545471191
▁managed	-9.646418571472168
▁grand	-9.646474838256836
▁stars	-9.646636009216309
▁et	-9.647588729858398
ne	-9.649054527282715
▁symptoms	-9.65072250366211
▁appears	-9.651501655578613
▁martin	-9.651564598083496
▁peace	-9.653087615966797
▁losing	-9.654376029968262
▁iran	-9.655159950256348
▁crowd	-9.656365394592285
▁paper	-9.656400680541992
▁doubt	-9.657736778259277
▁reasons	-9.658317565917969
os	-9.658458709716797
▁tokyo	-9.658822059631348
▁sat	-9.65926456451416
▁product	-9.659599304199219
▁becoming	-9.659761428833008
▁slow	-9.660046577453613
▁spring	-9.661327362060547
▁arsenal	-9.662095069885254
▁citizens	-9.664579391479492
▁footage	-9.664593696594238
▁offering	-9.66490650177002
7	-9.665129661560059
▁infrastructure	-9.665392875671387
▁african	-9.666075706481934
▁practice	-9.66683292388916
▁oh	-9.66877555847168
▁broke	-9.668865203857422
▁guilty	-9.670419692993164
▁feet	-9.670495986938477
▁designed	-9.670672416687012
▁camp	-9.671096801757812
▁army	-9.671592712402344
▁content	-9.672301292419434
▁particular	-9.673154830932617
▁quick	-9.673296928405762
▁talks	-9.674123764038086
▁fifth	-9.674471855163574
▁reporters	-9.674782752990723
▁dream	-9.675726890563965
ch	-9.67670726776123
▁band	-9.678412437438965
▁choose	-9.678635597229004
▁serve	-9.678740501403809
▁changing	-9.678768157958984
da	-9.680279731750488
▁mass	-9.680879592895508
▁touch	-9.681648254394531
▁j	-9.681941032409668
▁square	-9.682369232177734
▁planned	-9.682899475097656
▁conservative	-9.684181213378906
▁jan	-9.68427848815918
▁sit	-9.684572219848633
▁andrew	-9.685083389282227
▁rain	-9.685503005981445
▁champions	-9.686118125915527
▁southern	-9.686163902282715
▁approved	-9.686497688293457
▁championship	-9.68676471710205
▁boss	-9.687355041503906
▁send	-9.687992095947266
▁hospitals	-9.688462257385254
ro	-9.689082145690918
▁doctor	-9.690238952636719
▁millions	-9.690430641174316
▁cars	-9.692855834960938
▁scale	-9.693147659301758
▁modern	-9.693976402282715
▁boys	-9.695054054260254
▁conversation	-9.695366859436035
▁younger	-9.696340560913086
▁push	-9.6969633102417
▁cities	-9.697186470031738
▁decade	-9.69791316986084
▁episode	-9.697951316833496
▁journey	-9.698006629943848
▁defence	-9.698844909667969
▁placed	-9.70051383972168
▁champion	-9.702071189880371
▁individuals	-9.703157424926758
▁piece	-9.7049560546875
▁image	-9.705856323242188
▁doctors	-9.708456039428711
▁vice	-9.708888053894043
▁feature	-9.709805488586426
▁hall	-9.71061897277832
▁responsible	-9.713410377502441
▁none	-9.71509075164795
▁pm	-9.715319633483887
rs	-9.71640682220459
▁announcement	-9.717276573181152
▁organization	-9.717545509338379
▁fuel	-9.718183517456055
▁committed	-9.719481468200684
ma	-9.721349716186523
il	-9.722918510437012
▁finding	-9.723372459411621
▁thanks	-9.723484992980957
▁mission	-9.723570823669434
▁ice	-9.72397518157959
▁healthy	-9.724207878112793
▁kick	-9.724737167358398
▁se	-9.724871635437012
▁operations	-9.72525691986084
▁funding	-9.725683212280273
▁brain	-9.725834846496582
▁seeking	-9.725961685180664
▁policies	-9.726442337036133
▁upon	-9.726466178894043
▁photos	-9.728503227233887
▁direct	-9.729063987731934
▁annual	-9.729451179504395
▁guard	-9.7304048538208
▁thomas	-9.730826377868652
▁storm	-9.731093406677246
▁chicago	-9.731703758239746
▁zero	-9.731733322143555
▁paris	-9.732013702392578
▁bed	-9.732370376586914
▁delta	-9.732633590698242
▁focused	-9.734077453613281
▁gives	-9.734418869018555
▁rare	-9.735304832458496
▁language	-9.735977172851562
▁excited	-9.736157417297363
▁sad	-9.736176490783691
▁stadium	-9.736902236938477
▁standard	-9.738656044006348
▁sell	-9.738670349121094
▁responsibility	-9.738760948181152
▁decisions	-9.739500999450684
▁rs	-9.741209983825684
▁benefit	-9.741246223449707
▁developed	-9.741454124450684
▁powerful	-9.74190616607666
▁democracy	-9.742308616638184
▁sydney	-9.742308616638184
▁aid	-9.74308967590332
▁train	-9.743311882019043
▁shop	-9.743531227111816
▁learned	-9.743849754333496
▁specific	-9.744211196899414
▁nigeria	-9.744386672973633
▁plays	-9.74490737915039
est	-9.745476722717285
▁written	-9.74594783782959
▁carried	-9.746964454650879
▁opportunities	-9.748547554016113
▁plenty	-9.748547554016113
▁trading	-9.748547554016113
▁traditional	-9.749015808105469
é	-9.74955940246582
▁housing	-9.7521333694458
▁bringing	-9.753735542297363
▁standing	-9.754593849182129
ry	-9.75486946105957
▁status	-9.756635665893555
▁replied	-9.757528305053711
▁believes	-9.75767993927002
▁seriously	-9.759437561035156
▁starts	-9.760116577148438
▁aware	-9.760390281677246
▁award	-9.760501861572266
▁tomorrow	-9.761143684387207
▁mom	-9.761649131774902
▁association	-9.762469291687012
ling	-9.762557029724121
▁31	-9.762697219848633
▁ultimately	-9.763129234313965
20	-9.763303756713867
▁note	-9.764062881469727
▁severe	-9.76495361328125
▁linked	-9.765308380126953
▁experienced	-9.765891075134277
▁reading	-9.766213417053223
▁2015	-9.768082618713379
▁fellow	-9.768428802490234
▁w	-9.76928424835205
▁subject	-9.76967716217041
▁williams	-9.769780158996582
▁plant	-9.77001953125
▁harris	-9.770069122314453
▁wedding	-9.770787239074707
▁incredible	-9.77115249633789
▁fashion	-9.77180290222168
▁protests	-9.7721529006958
▁nobody	-9.774857521057129
▁olympics	-9.775720596313477
▁warning	-9.77586841583252
▁grew	-9.776713371276855
▁german	-9.77685546875
▁estimated	-9.777020454406738
ity	-9.777139663696289
▁struggling	-9.77757453918457
▁sitting	-9.778505325317383
▁transport	-9.77938175201416
ist	-9.779450416564941
▁inflation	-9.779847145080566
▁treated	-9.78021240234375
▁bottom	-9.780247688293457
▁carry	-9.78083324432373
▁restaurant	-9.78105354309082
de	-9.782246589660645
ter	-9.78350830078125
▁rich	-9.78443431854248
▁bigger	-9.786108016967773
▁electric	-9.786198616027832
▁adults	-9.7864990234375
▁walking	-9.786738395690918
▁radio	-9.786931037902832
▁protest	-9.787007331848145
▁largely	-9.7882661819458
▁internet	-9.788694381713867
▁georgia	-9.789012908935547
▁sam	-9.789191246032715
▁shut	-9.789993286132812
▁hill	-9.790937423706055
▁mostly	-9.79284954071045
▁count	-9.79358959197998
▁rock	-9.7937650680542
▁era	-9.79394245147705
less	-9.79504108428955
▁carbon	-9.795079231262207
▁century	-9.795232772827148
▁emotional	-9.795710563659668
▁debut	-9.795846939086914
▁require	-9.796894073486328
▁user	-9.798614501953125
▁hopes	-9.798891067504883
▁struck	-9.798978805541992
▁relative	-9.799131393432617
▁resources	-9.80038833618164
▁du	-9.801604270935059
▁les	-9.801749229431152
▁killing	-9.801777839660645
▁display	-9.801918983459473
▁directly	-9.802328109741211
▁cbs	-9.802846908569336
▁draw	-9.803755760192871
▁ben	-9.803839683532715
▁owner	-9.803991317749023
▁systems	-9.805490493774414
▁legislation	-9.805574417114258
▁pitch	-9.806805610656738
▁removed	-9.80762767791748
▁drivers	-9.80772876739502
▁operation	-9.808999061584473
▁initially	-9.80982780456543
▁church	-9.810081481933594
▁strategy	-9.811269760131836
▁unique	-9.811771392822266
▁enforcement	-9.81223201751709
▁toward	-9.812576293945312
▁laws	-9.812894821166992
▁bay	-9.81301498413086
▁vulnerable	-9.813175201416016
▁generation	-9.814404487609863
ka	-9.814984321594238
▁debt	-9.815288543701172
▁hurt	-9.81611156463623
▁arrest	-9.81667709350586
▁update	-9.817368507385254
▁mexico	-9.81795597076416
▁onto	-9.818002700805664
▁drama	-9.818379402160645
▁steps	-9.818399429321289
▁easily	-9.818914413452148
▁ceo	-9.820236206054688
▁des	-9.820557594299316
▁taylor	-9.820836067199707
▁garden	-9.820869445800781
▁sharing	-9.820999145507812
▁discovered	-9.821165084838867
▁scheme	-9.821474075317383
▁voting	-9.821798324584961
▁records	-9.823731422424316
▁screen	-9.824532508850098
▁selling	-9.824590682983398
▁activity	-9.824729919433594
▁television	-9.825652122497559
▁33	-9.825910568237305
▁matches	-9.826377868652344
▁eat	-9.826741218566895
▁yards	-9.827588081359863
▁faces	-9.827621459960938
▁lee	-9.828670501708984
▁36	-9.828703880310059
▁birthday	-9.829405784606934
▁effects	-9.829896926879883
as	-9.83022689819336
▁protesters	-9.830320358276367
▁spain	-9.830559730529785
▁block	-9.830822944641113
▁sources	-9.831990242004395
▁prior	-9.832426071166992
▁fired	-9.834806442260742
▁images	-9.835114479064941
▁pushed	-9.835612297058105
▁nor	-9.837047576904297
do	-9.837325096130371
▁surge	-9.837897300720215
▁river	-9.838950157165527
▁filed	-9.839120864868164
▁traffic	-9.839228630065918
▁regard	-9.840158462524414
▁suspect	-9.842164993286133
▁raise	-9.84218978881836
▁jab	-9.842705726623535
di	-9.842782974243164
▁row	-9.843782424926758
▁strike	-9.843925476074219
▁favourite	-9.844278335571289
▁matt	-9.84499740600586
▁presidential	-9.845457077026367
▁hate	-9.845516204833984
▁cool	-9.846717834472656
▁peter	-9.846722602844238
▁broken	-9.846858024597168
▁refused	-9.847748756408691
▁google	-9.848114013671875
▁views	-9.849051475524902
▁adds	-9.851676940917969
▁imagine	-9.851862907409668
▁jack	-9.852046012878418
▁produced	-9.852123260498047
▁vehicles	-9.852667808532715
▁corner	-9.853448867797852
▁200	-9.853673934936523
▁returning	-9.854842185974121
▁deliver	-9.857050895690918
▁declared	-9.857234954833984
▁appeal	-9.85765266418457
▁delhi	-9.858054161071777
▁william	-9.858315467834473
▁seat	-9.859282493591309
▁worried	-9.86003589630127
▁regional	-9.860177993774414
▁hopefully	-9.86030101776123
▁male	-9.860757827758789
▁wind	-9.861007690429688
▁mp	-9.862625122070312
▁bought	-9.86406421661377
▁kim	-9.865035057067871
uk	-9.866020202636719
▁apart	-9.867023468017578
▁festival	-9.868667602539062
▁items	-9.869139671325684
▁smart	-9.870619773864746
▁moments	-9.871118545532227
▁chain	-9.871381759643555
▁pop	-9.872414588928223
▁signs	-9.872960090637207
▁surprise	-9.873640060424805
▁drugs	-9.87625503540039
▁shortly	-9.87786865234375
▁album	-9.877959251403809
▁messages	-9.878525733947754
▁separate	-9.878532409667969
▁remaining	-9.879240036010742
▁increasing	-9.879733085632324
▁expressed	-9.880006790161133
▁lawyer	-9.880027770996094
▁debate	-9.880910873413086
▁flights	-9.881056785583496
▁port	-9.881749153137207
▁balance	-9.882119178771973
▁pulled	-9.882194519042969
▁initial	-9.88279914855957
0000	-9.882864952087402
▁revenue	-9.883146286010742
▁animals	-9.883345603942871
▁famous	-9.884844779968262
ism	-9.885344505310059
▁split	-9.886364936828613
▁primary	-9.886370658874512
▁ministers	-9.88695240020752
▁canada	-9.887158393859863
▁remove	-9.887346267700195
▁activities	-9.887393951416016
▁glasgow	-9.887393951416016
▁birth	-9.88744068145752
▁nearby	-9.887516975402832
▁mike	-9.888067245483398
ation	-9.888792037963867
▁ordered	-9.888886451721191
▁criticism	-9.889463424682617
▁prepared	-9.8912992477417
▁introduced	-9.891993522644043
▁secret	-9.892035484313965
▁wild	-9.89251708984375
▁funds	-9.892518043518066
▁asian	-9.893531799316406
▁relief	-9.893575668334961
▁troops	-9.894389152526855
▁kill	-9.895045280456543
▁studies	-9.896684646606445
▁32	-9.896913528442383
▁increasingly	-9.897185325622559
▁crew	-9.898368835449219
▁sides	-9.898835182189941
▁unable	-9.899093627929688
▁jail	-9.899954795837402
▁connection	-9.899988174438477
▁colleagues	-9.900601387023926
▁writer	-9.9013671875
▁meaning	-9.904169082641602
▁degree	-9.904211044311523
▁emissions	-9.90491771697998
▁penalty	-9.905014038085938
▁alex	-9.905133247375488
▁lines	-9.905782699584961
▁email	-9.907410621643066
▁acting	-9.907495498657227
▁secure	-9.907668113708496
▁enter	-9.908007621765137
▁duty	-9.908205032348633
▁develop	-9.912175178527832
▁viewers	-9.912424087524414
▁measure	-9.91257095336914
▁supported	-9.912995338439941
▁agree	-9.914127349853516
▁slightly	-9.91457748413086
▁apply	-9.914755821228027
▁session	-9.914929389953613
▁therefore	-9.915521621704102
▁arm	-9.915760040283203
▁kate	-9.916343688964844
▁paying	-9.917028427124023
▁catch	-9.917984962463379
▁projects	-9.91812801361084
▁afghan	-9.91816520690918
▁creating	-9.919759750366211
▁insisted	-9.920018196105957
▁hoping	-9.920199394226074
▁di	-9.920613288879395
▁clubs	-9.920690536499023
▁owners	-9.920736312866211
▁comfortable	-9.920879364013672
me	-9.92255973815918
▁charles	-9.922870635986328
land	-9.92288589477539
▁stated	-9.92321491241455
ine	-9.923811912536621
▁allegedly	-9.924695014953613
▁sites	-9.924763679504395
▁suffering	-9.924830436706543
▁unit	-9.92506217956543
▁markets	-9.925102233886719
▁drink	-9.92613410949707
▁accept	-9.926167488098145
▁reporting	-9.927007675170898
▁priority	-9.92834186553955
▁ring	-9.9287109375
▁visitors	-9.928775787353516
▁stood	-9.92936897277832
▁truly	-9.92941665649414
▁defeat	-9.929548263549805
▁foundation	-9.930767059326172
▁kitchen	-9.931499481201172
ler	-9.931516647338867
▁pictures	-9.931693077087402
▁fish	-9.931797981262207
▁names	-9.932379722595215
go	-9.935461044311523
▁easier	-9.935798645019531
▁turkey	-9.935802459716797
▁path	-9.93687629699707
▁h	-9.936911582946777
▁confident	-9.937427520751953
▁passengers	-9.938057899475098
▁breaking	-9.940014839172363
▁bowl	-9.940410614013672
▁exchange	-9.94143009185791
▁bond	-9.941551208496094
▁immediate	-9.941793441772461
▁discuss	-9.942510604858398
▁votes	-9.94253921508789
▁warm	-9.943116188049316
▁accounts	-9.944188117980957
▁palace	-9.944467544555664
▁streets	-9.945039749145508
▁receiving	-9.945549964904785
▁restaurants	-9.945796012878418
▁behaviour	-9.945904731750488
▁exercise	-9.946562767028809
▁surgery	-9.946702003479004
ca	-9.94710636138916
▁construction	-9.947733879089355
▁audience	-9.94888973236084
▁chairman	-9.948968887329102
▁65	-9.949251174926758
▁complex	-9.949533462524414
▁ryan	-9.94996452331543
▁mobile	-9.950040817260742
▁racism	-9.95101261138916
▁euro	-9.952101707458496
▁labor	-9.953256607055664
▁boost	-9.954306602478027
+	-9.95557689666748
▁extended	-9.957097053527832
▁athletes	-9.957414627075195
▁village	-9.95982837677002
▁founder	-9.96030330657959
▁commercial	-9.960411071777344
▁length	-9.960782051086426
▁indeed	-9.960929870605469
▁unfortunately	-9.961044311523438
▁illegal	-9.962626457214355
▁rescue	-9.96296501159668
▁edge	-9.963688850402832
▁books	-9.964278221130371
▁smaller	-9.96491813659668
▁expensive	-9.965341567993164
▁ruling	-9.96535587310791
▁ones	-9.965398788452148
▁proposed	-9.965478897094727
▁nuclear	-9.966452598571777
▁dress	-9.966890335083008
▁assault	-9.967520713806152
▁deputy	-9.967564582824707
▁dry	-9.96756649017334
▁advantage	-9.968037605285645
▁environmental	-9.968362808227539
ner	-9.968480110168457
▁strength	-9.968957901000977
▁picked	-9.969427108764648
▁48	-9.969598770141602
▁completed	-9.96960163116455
▁wood	-9.971002578735352
▁stands	-9.971720695495605
▁con	-9.971728324890137
6	-9.971955299377441
▁distance	-9.974186897277832
▁marriage	-9.974896430969238
▁actress	-9.975143432617188
▁replace	-9.977522850036621
▁flat	-9.977998733520508
▁wins	-9.978087425231934
▁worry	-9.979336738586426
▁division	-9.97945499420166
▁floyd	-9.979883193969727
▁teachers	-9.980000495910645
▁potentially	-9.980021476745605
ha	-9.980152130126953
▁attended	-9.980942726135254
▁supreme	-9.981010437011719
▁registered	-9.981546401977539
▁candidate	-9.981725692749023
▁unclear	-9.982171058654785
▁delivered	-9.982233047485352
▁institute	-9.983233451843262
▁solution	-9.984029769897461
▁victoria	-9.985302925109863
▁walked	-9.98537826538086
▁deeply	-9.985393524169922
▁opinion	-9.986372947692871
▁ourselves	-9.986666679382324
▁circumstances	-9.987814903259277
▁bridge	-9.989542961120605
▁richard	-9.989798545837402
▁expert	-9.989800453186035
▁par	-9.98997974395752
▁struggled	-9.990038871765137
▁attend	-9.990494728088379
▁produce	-9.990583419799805
ty	-9.991156578063965
▁cabinet	-9.99122428894043
▁robert	-9.991276741027832
▁senator	-9.992156028747559
▁facilities	-9.992354393005371
▁suggest	-9.992777824401855
▁elected	-9.992830276489258
▁decide	-9.992986679077148
▁encourage	-9.99339771270752
▁75	-9.993571281433105
▁politicians	-9.993785858154297
▁risks	-9.994148254394531
▁500	-9.994728088378906
▁presence	-9.995783805847168
▁authority	-9.995838165283203
▁à	-9.995904922485352
▁occurred	-9.99693489074707
▁prove	-9.997208595275879
▁lucky	-9.997284889221191
▁estate	-9.998113632202148
▁closer	-9.99848747253418
▁failure	-9.999167442321777
▁understanding	-9.99942684173584
▁neither	-10.000372886657715
▁setting	-10.000393867492676
▁armed	-10.000394821166992
▁window	-10.002158164978027
▁videos	-10.002273559570312
▁whom	-10.005218505859375
▁reduced	-10.005569458007812
▁shock	-10.005751609802246
▁42	-10.005880355834961
▁gender	-10.006172180175781
▁pace	-10.007941246032715
▁bodies	-10.008506774902344
▁tells	-10.008597373962402
▁pull	-10.0086030960083
▁voted	-10.009565353393555
▁kelly	-10.009687423706055
▁giant	-10.009971618652344
▁appearance	-10.012164115905762
▁steve	-10.012715339660645
▁standards	-10.013273239135742
▁survey	-10.013434410095215
▁turning	-10.013481140136719
▁watched	-10.014066696166992
▁roughly	-10.014457702636719
▁joy	-10.014540672302246
▁shopping	-10.015453338623047
▁rep	-10.017346382141113
▁buying	-10.018353462219238
▁insurance	-10.018945693969727
▁oxygen	-10.018945693969727
▁providing	-10.018945693969727
▁stores	-10.019039154052734
▁recovered	-10.01959228515625
▁larger	-10.020030975341797
▁suggests	-10.020322799682617
▁rangers	-10.020794868469238
▁allowing	-10.021474838256836
li	-10.021742820739746
▁patient	-10.022347450256348
▁sept	-10.022542953491211
▁violent	-10.023144721984863
▁2000	-10.023423194885254
▁achieve	-10.023443222045898
▁determined	-10.024535179138184
▁author	-10.026412963867188
▁su	-10.026457786560059
▁shift	-10.027302742004395
▁sorry	-10.028364181518555
▁surprised	-10.02857780456543
ba	-10.030037879943848
▁joint	-10.030062675476074
▁artist	-10.030240058898926
▁bo	-10.03046989440918
▁conflict	-10.031421661376953
▁dogs	-10.032562255859375
▁partners	-10.03296947479248
▁scoring	-10.033135414123535
▁serving	-10.034295082092285
▁sweet	-10.034914016723633
▁mix	-10.034968376159668
▁analysis	-10.035489082336426
▁collection	-10.036189079284668
▁grant	-10.036322593688965
▁independence	-10.036823272705078
▁sick	-10.037178993225098
▁covered	-10.037640571594238
▁virginia	-10.039179801940918
▁commitment	-10.039822578430176
8	-10.040017127990723
▁awards	-10.04002857208252
▁snow	-10.040888786315918
ies	-10.040902137756348
▁limit	-10.041784286499023
▁max	-10.043801307678223
▁duke	-10.044001579284668
▁considering	-10.044659614562988
▁listen	-10.044857025146484
▁chair	-10.045106887817383
▁direction	-10.045987129211426
▁owned	-10.046600341796875
▁otherwise	-10.04753589630127
▁write	-10.04801082611084
▁stress	-10.048115730285645
▁fewer	-10.04944896697998
▁eligible	-10.049881935119629
lo	-10.050642967224121
▁poll	-10.050921440124512
▁ceremony	-10.051091194152832
▁celebrate	-10.052105903625488
▁bid	-10.052224159240723
▁brilliant	-10.053016662597656
▁jackson	-10.053582191467285
▁plane	-10.055094718933105
▁depend	-10.055662155151367
▁1000	-10.056443214416504
▁eating	-10.056899070739746
▁supporting	-10.057014465332031
▁listed	-10.057537078857422
▁argued	-10.057816505432129
▁matters	-10.058161735534668
▁medal	-10.058536529541016
ko	-10.058552742004395
▁lake	-10.058586120605469
▁emerged	-10.058870315551758
▁bus	-10.059127807617188
▁planet	-10.059345245361328
▁animal	-10.06075668334961
▁tend	-10.061498641967773
▁melbourne	-10.062041282653809
▁italian	-10.062045097351074
▁passing	-10.062376976013184
▁crash	-10.062727928161621
▁forget	-10.063116073608398
▁incredibly	-10.063264846801758
▁banned	-10.06330680847168
▁custody	-10.06449031829834
▁pan	-10.064600944519043
▁talent	-10.06472110748291
▁cook	-10.06482982635498
▁provides	-10.064976692199707
▁pregnant	-10.065716743469238
▁contacted	-10.06573486328125
▁section	-10.065775871276855
▁israeli	-10.06608772277832
▁lots	-10.066581726074219
▁silver	-10.066899299621582
▁philip	-10.068153381347656
▁intelligence	-10.068180084228516
▁virtual	-10.0689115524292
▁stone	-10.069161415100098
▁approval	-10.06940746307373
▁outbreak	-10.069648742675781
▁backed	-10.070205688476562
▁irish	-10.07047176361084
▁coverage	-10.070711135864258
▁transfer	-10.071269989013672
▁extreme	-10.071379661560059
▁farmers	-10.072303771972656
▁retail	-10.072571754455566
▁earned	-10.072669982910156
▁fa	-10.072669982910156
▁basis	-10.073134422302246
▁struggle	-10.073345184326172
▁lady	-10.073393821716309
▁interested	-10.073530197143555
▁entirely	-10.075335502624512
▁zealand	-10.07544231414795
▁payments	-10.076129913330078
▁leaves	-10.076188087463379
ian	-10.076306343078613
▁identity	-10.076828002929688
▁lewis	-10.076828956604004
▁consequences	-10.077812194824219
▁existing	-10.077917098999023
▁candidates	-10.078530311584473
▁55	-10.078618049621582
▁critics	-10.079390525817871
▁honest	-10.079524993896484
▁handed	-10.079649925231934
▁classic	-10.079839706420898
▁treat	-10.080279350280762
▁yeah	-10.080571174621582
▁publicly	-10.081778526306152
▁chances	-10.082366943359375
▁arms	-10.082459449768066
▁suspended	-10.083274841308594
▁documents	-10.083396911621094
▁mail	-10.084288597106934
▁cop	-10.084568977355957
▁moon	-10.085789680480957
▁dan	-10.086455345153809
▁repeatedly	-10.087068557739258
▁interesting	-10.087129592895508
▁code	-10.087242126464844
▁inc	-10.087482452392578
▁mc	-10.088842391967773
▁ruled	-10.089006423950195
se	-10.089083671569824
▁article	-10.089852333068848
▁jordan	-10.090497016906738
▁mo	-10.090625762939453
▁wing	-10.091339111328125
▁challenging	-10.091837882995605
▁seek	-10.091968536376953
▁cat	-10.09199333190918
▁34	-10.092323303222656
▁roll	-10.092413902282715
▁location	-10.092430114746094
▁bag	-10.093297004699707
▁gain	-10.094038009643555
by	-10.095870971679688
▁tree	-10.096778869628906
▁facility	-10.096891403198242
▁impossible	-10.096906661987305
▁kevin	-10.096906661987305
▁farm	-10.097103118896484
▁colour	-10.097522735595703
▁sentence	-10.097699165344238
▁z	-10.09781265258789
▁recalled	-10.097856521606445
▁dating	-10.098268508911133
▁elsewhere	-10.099430084228516
ce	-10.099836349487305
▁unlikely	-10.09984302520752
▁dance	-10.1005859375
▁beauty	-10.100708961486816
▁zone	-10.102055549621582
▁conducted	-10.10304069519043
▁glass	-10.10313892364502
▁plants	-10.104225158691406
▁conduct	-10.104434967041016
▁equipment	-10.105799674987793
▁overs	-10.106109619140625
▁affect	-10.106431007385254
▁2012	-10.106678009033203
▁widely	-10.106745719909668
▁promised	-10.106751441955566
▁hits	-10.107392311096191
▁purpose	-10.108027458190918
▁stuck	-10.10837173461914
▁christian	-10.109012603759766
▁seats	-10.109346389770508
▁ill	-10.109407424926758
▁hollywood	-10.109647750854492
▁entered	-10.109665870666504
▁grown	-10.110625267028809
▁sought	-10.110957145690918
▁cap	-10.111523628234863
▁golden	-10.111722946166992
▁44	-10.111879348754883
bn	-10.111886978149414
▁material	-10.112357139587402
ish	-10.112451553344727
▁anthony	-10.113494873046875
▁species	-10.113502502441406
▁typically	-10.113744735717773
▁banks	-10.114114761352539
▁findings	-10.115655899047852
▁loan	-10.115947723388672
▁unless	-10.116308212280273
▁established	-10.11663818359375
▁crimes	-10.11686897277832
▁vision	-10.117382049560547
▁wake	-10.117409706115723
▁39	-10.117630958557129
▁daniel	-10.117963790893555
▁healthcare	-10.118728637695312
▁ending	-10.118855476379395
▁explain	-10.118917465209961
▁shape	-10.1190185546875
▁crucial	-10.119457244873047
▁semi	-10.120512008666992
▁coffee	-10.121252059936523
▁notice	-10.121914863586426
▁causing	-10.122551918029785
▁horse	-10.1231689453125
▁jr	-10.123283386230469
▁continuing	-10.123893737792969
▁outdoor	-10.123909950256348
ge	-10.12424373626709
▁greatest	-10.124418258666992
▁dinner	-10.125158309936523
▁fraud	-10.125164031982422
▁harm	-10.125373840332031
▁saved	-10.125593185424805
▁celtic	-10.126459121704102
ur	-10.128045082092285
▁filled	-10.128811836242676
▁driven	-10.130582809448242
▁eastern	-10.130722045898438
10	-10.131462097167969
▁brings	-10.132176399230957
ion	-10.132193565368652
▁totally	-10.132688522338867
▁influence	-10.132875442504883
▁suit	-10.13288688659668
▁memory	-10.133018493652344
▁38	-10.133275985717773
▁skills	-10.133549690246582
ke	-10.134674072265625
▁busy	-10.135002136230469
▁arizona	-10.135631561279297
▁false	-10.13669490814209
▁supposed	-10.136695861816406
▁plastic	-10.137277603149414
▁journalists	-10.137323379516602
▁throw	-10.13752269744873
▁developing	-10.137724876403809
▁da	-10.137872695922852
ni	-10.139132499694824
▁inspired	-10.139134407043457
▁usual	-10.139225959777832
▁summit	-10.13960075378418
▁vast	-10.139749526977539
▁helps	-10.14004898071289
▁pushing	-10.140872955322266
▁assistance	-10.140929222106934
▁pointed	-10.14110279083252
▁ideas	-10.14162540435791
▁alternative	-10.14201831817627
▁exciting	-10.142247200012207
26	-10.143484115600586
be	-10.14437484741211
▁fly	-10.145390510559082
▁worker	-10.145410537719727
▁targeted	-10.14567756652832
▁wonderful	-10.145744323730469
▁carolina	-10.14622688293457
▁proposal	-10.14793872833252
▁agent	-10.14823055267334
▁regularly	-10.14848518371582
▁sen	-10.149075508117676
▁harder	-10.149160385131836
▁pool	-10.149324417114258
▁vital	-10.14951229095459
▁khan	-10.14954662322998
▁beijing	-10.150219917297363
den	-10.15034294128418
▁youth	-10.151639938354492
▁talked	-10.15164852142334
▁crown	-10.152047157287598
▁temperatures	-10.152109146118164
▁fill	-10.1522216796875
▁generally	-10.152328491210938
▁allows	-10.152843475341797
▁soft	-10.153329849243164
▁profile	-10.153451919555664
▁trouble	-10.153535842895508
▁mandate	-10.154943466186523
▁wonder	-10.155050277709961
ul	-10.156329154968262
▁operating	-10.156925201416016
▁panel	-10.15762996673584
▁fantastic	-10.15958023071289
▁obama	-10.159613609313965
▁ne	-10.16072940826416
▁assembly	-10.160965919494629
▁surface	-10.161457061767578
▁consumer	-10.161714553833008
▁charity	-10.162332534790039
▁forever	-10.162482261657715
▁museum	-10.163023948669434
▁tackle	-10.163328170776367
▁friendly	-10.163902282714844
▁threats	-10.16462516784668
field	-10.164634704589844
▁reaction	-10.165763854980469
▁blocked	-10.166524887084961
▁prepare	-10.166543006896973
▁infected	-10.16655158996582
ier	-10.166753768920898
▁color	-10.166891098022461
wa	-10.167073249816895
▁der	-10.16726303100586
▁internal	-10.167276382446289
▁adam	-10.167527198791504
▁republic	-10.167613983154297
▁guidance	-10.167740821838379
▁wilson	-10.167765617370605
ir	-10.168327331542969
▁43	-10.169699668884277
ment	-10.169894218444824
▁factor	-10.171317100524902
▁transition	-10.171341896057129
▁que	-10.171865463256836
▁wine	-10.171903610229492
▁innings	-10.172345161437988
▁bills	-10.17247200012207
▁korea	-10.172598838806152
▁arrival	-10.172720909118652
▁package	-10.172932624816895
▁kid	-10.174112319946289
▁express	-10.174242973327637
▁finance	-10.17428970336914
▁religious	-10.174572944641113
no	-10.174861907958984
▁46	-10.176717758178711
▁waste	-10.176750183105469
▁deals	-10.177248001098633
▁investigating	-10.177303314208984
▁proof	-10.177407264709473
▁ship	-10.17812442779541
▁followers	-10.178494453430176
▁organisation	-10.179741859436035
▁core	-10.180564880371094
▁enjoyed	-10.180614471435547
▁cricket	-10.180875778198242
ci	-10.181246757507324
▁vs	-10.181500434875488
▁37	-10.182687759399414
▁dealing	-10.183622360229492
▁2013	-10.18401050567627
▁q	-10.184041976928711
▁phase	-10.184135437011719
▁brian	-10.18453598022461
▁confirm	-10.185623168945312
▁becomes	-10.185871124267578
▁significantly	-10.187082290649414
▁link	-10.187546730041504
▁contain	-10.187891006469727
▁pieces	-10.18820858001709
mo	-10.18867015838623
9	-10.189571380615234
▁spotted	-10.189810752868652
▁relations	-10.190006256103516
▁pakistan	-10.190387725830078
▁spirit	-10.191325187683105
▁faith	-10.191328048706055
▁lawyers	-10.192834854125977
▁trees	-10.193241119384766
▁rally	-10.193706512451172
▁jersey	-10.193914413452148
▁teacher	-10.194071769714355
▁governments	-10.195184707641602
▁native	-10.19534683227539
▁somebody	-10.19536304473877
▁profit	-10.195560455322266
▁41	-10.196642875671387
▁gift	-10.196971893310547
▁cells	-10.197261810302734
▁carrying	-10.197846412658691
▁suddenly	-10.19835090637207
▁ma	-10.198495864868164
▁variants	-10.199018478393555
▁novel	-10.199088096618652
▁danger	-10.199560165405273
▁notes	-10.199751853942871
▁alive	-10.2000150680542
▁task	-10.200181007385254
▁understood	-10.200928688049316
▁recall	-10.201337814331055
▁turns	-10.201693534851074
▁parent	-10.202202796936035
▁orders	-10.20246410369873
▁seconds	-10.2025146484375
▁lord	-10.202589988708496
▁strain	-10.204261779785156
▁cultural	-10.204658508300781
▁meat	-10.204751014709473
▁miami	-10.205158233642578
▁falling	-10.205565452575684
ad	-10.20618724822998
▁shocked	-10.206449508666992
▁sixth	-10.207950592041016
▁stick	-10.20841121673584
▁lawsuit	-10.209643363952637
▁nick	-10.210916519165039
▁requires	-10.21206283569336
▁firms	-10.2124605178833
▁rejected	-10.212685585021973
▁mistake	-10.213361740112305
▁multi	-10.213603019714355
▁grateful	-10.213666915893555
▁sp	-10.214400291442871
▁fake	-10.214730262756348
▁edinburgh	-10.216497421264648
▁valley	-10.21654987335205
▁aim	-10.216595649719238
▁concluded	-10.216743469238281
▁visited	-10.216751098632812
▁democrat	-10.216794967651367
▁directed	-10.216813087463379
▁basic	-10.216889381408691
▁peak	-10.217124938964844
▁flying	-10.218297958374023
▁newspaper	-10.218345642089844
▁impressive	-10.21885871887207
▁frank	-10.219066619873047
▁reform	-10.219144821166992
▁historic	-10.219158172607422
▁upcoming	-10.21944522857666
▁49	-10.220009803771973
▁index	-10.22055721282959
▁spoken	-10.220802307128906
▁thoughts	-10.220881462097168
▁ham	-10.221026420593262
un	-10.221324920654297
▁quiet	-10.221335411071777
▁industrial	-10.22134017944336
▁gap	-10.221749305725098
▁agencies	-10.222238540649414
▁adult	-10.22271728515625
▁machine	-10.222737312316895
▁assistant	-10.222764015197754
lin	-10.22297477722168
▁racist	-10.223675727844238
▁sarah	-10.223723411560059
▁overnight	-10.223753929138184
per	-10.223893165588379
ate	-10.224016189575195
▁handle	-10.224126815795898
▁attempted	-10.224498748779297
▁princess	-10.224796295166016
▁customer	-10.225784301757812
▁prize	-10.225939750671387
▁trend	-10.22632122039795
▁films	-10.226645469665527
▁expectations	-10.226786613464355
▁engaged	-10.22729778289795
▁identify	-10.22919750213623
▁francisco	-10.229482650756836
▁apparently	-10.229722023010254
▁signing	-10.229888916015625
▁regulator	-10.23007869720459
▁improved	-10.230278968811035
▁tennis	-10.230899810791016
▁singh	-10.231128692626953
▁solutions	-10.231351852416992
▁lie	-10.231688499450684
▁dozens	-10.2320556640625
▁brazil	-10.232244491577148
▁mar	-10.232346534729004
▁bat	-10.23249340057373
▁activists	-10.232903480529785
▁hamilton	-10.2352294921875
▁jury	-10.235300064086914
▁possibly	-10.236684799194336
▁funny	-10.236736297607422
▁inter	-10.237569808959961
der	-10.239439964294434
▁alcohol	-10.239470481872559
▁scenes	-10.239909172058105
▁forest	-10.240017890930176
▁temperature	-10.240461349487305
▁cell	-10.241523742675781
▁soldiers	-10.241612434387207
▁youtube	-10.241806030273438
▁na	-10.242166519165039
ga	-10.242626190185547
▁requirements	-10.242881774902344
ised	-10.242928504943848
▁replaced	-10.244091987609863
line	-10.244170188903809
▁defensive	-10.244966506958008
▁angry	-10.245465278625488
▁importance	-10.245471954345703
▁villa	-10.245588302612305
▁blame	-10.245758056640625
▁accident	-10.24622631072998
▁maintain	-10.246664047241211
▁tight	-10.247285842895508
▁investigators	-10.24742317199707
▁mps	-10.24840259552002
▁ride	-10.249279022216797
ary	-10.249299049377441
▁streaming	-10.24966049194336
▁fears	-10.250082969665527
▁sa	-10.250556945800781
▁yard	-10.250702857971191
▁solid	-10.250897407531738
▁literally	-10.251398086547852
▁attacked	-10.251562118530273
▁wa	-10.251922607421875
▁affairs	-10.2522611618042
▁kong	-10.252702713012695
▁morgan	-10.252850532531738
▁apartment	-10.254039764404297
men	-10.254859924316406
▁boat	-10.254898071289062
▁purchase	-10.25582504272461
▁ocean	-10.256628036499023
ally	-10.256668090820312
▁empty	-10.257295608520508
▁weapons	-10.257925033569336
▁ed	-10.257932662963867
▁knee	-10.257965087890625
nd	-10.258012771606445
▁illness	-10.258646965026855
▁explains	-10.258983612060547
▁stayed	-10.259431838989258
et	-10.259854316711426
▁crazy	-10.260269165039062
▁escape	-10.26056957244873
▁forecast	-10.260809898376465
▁anxiety	-10.261759757995605
▁minimum	-10.261759757995605
ol	-10.261849403381348
▁hong	-10.262015342712402
▁widespread	-10.26325511932373
▁raising	-10.26328182220459
▁retired	-10.263726234436035
▁fat	-10.263778686523438
▁familiar	-10.264775276184082
▁stronger	-10.26513385772705
▁staying	-10.265310287475586
▁welcomed	-10.265536308288574
▁pa	-10.2659330368042
▁dollars	-10.266332626342773
▁golf	-10.266694068908691
▁cards	-10.26758098602295
▁immigration	-10.267752647399902
▁heavily	-10.267753601074219
▁lovely	-10.268192291259766
▁sharp	-10.268479347229004
▁partnership	-10.269246101379395
▁japanese	-10.269279479980469
▁pour	-10.269691467285156
▁platforms	-10.270200729370117
▁everywhere	-10.270771026611328
▁sugar	-10.271493911743164
▁proved	-10.272876739501953
▁factors	-10.274419784545898
▁sending	-10.275310516357422
▁counter	-10.27575397491455
▁unlike	-10.276337623596191
bo	-10.276785850524902
▁switch	-10.276878356933594
▁convicted	-10.276992797851562
▁mi	-10.277153015136719
▁tickets	-10.277543067932129
▁storage	-10.278328895568848
▁yellow	-10.27983283996582
▁ideal	-10.280205726623535
▁text	-10.280304908752441
▁expand	-10.281670570373535
▁begins	-10.282100677490234
▁abroad	-10.282893180847168
▁possibility	-10.282893180847168
▁accepted	-10.282896995544434
▁hitting	-10.284477233886719
▁honor	-10.28477668762207
▁informed	-10.284882545471191
age	-10.285347938537598
▁sheriff	-10.28594970703125
▁appropriate	-10.288516998291016
▁heading	-10.28892993927002
▁guests	-10.289128303527832
▁keen	-10.289669036865234
▁mentioned	-10.289846420288086
▁racial	-10.290057182312012
▁rebounds	-10.290277481079102
▁ends	-10.290491104125977
led	-10.290876388549805
▁anywhere	-10.292101860046387
▁bedroom	-10.292521476745605
▁ease	-10.29257583618164
▁mad	-10.293417930603027
▁compete	-10.293936729431152
▁mine	-10.293951034545898
▁disaster	-10.294079780578613
▁draft	-10.294097900390625
▁las	-10.29440975189209
▁nfl	-10.295392990112305
▁survive	-10.29551887512207
▁representative	-10.295654296875
um	-10.29637622833252
▁rapid	-10.296408653259277
▁stephen	-10.296695709228516
▁terrible	-10.29671859741211
▁spanish	-10.296733856201172
▁decline	-10.297640800476074
▁discussed	-10.298246383666992
▁drew	-10.298352241516113
▁artists	-10.299175262451172
▁bright	-10.299989700317383
▁asia	-10.300613403320312
▁defender	-10.300795555114746
▁obvious	-10.300874710083008
▁isolation	-10.301369667053223
▁supplies	-10.301369667053223
▁reaching	-10.301464080810547
▁route	-10.30173397064209
▁dec	-10.301958084106445
▁application	-10.301982879638672
rd	-10.302051544189453
▁bench	-10.302160263061523
▁knowledge	-10.302823066711426
▁basically	-10.302962303161621
mi	-10.303252220153809
▁toll	-10.303312301635742
▁mary	-10.304006576538086
▁bars	-10.304475784301758
▁agenda	-10.304484367370605
▁closely	-10.304778099060059
▁entry	-10.306062698364258
▁clip	-10.30685043334961
▁maximum	-10.307610511779785
▁52	-10.308661460876465
▁creative	-10.308670997619629
▁presented	-10.308713912963867
▁trans	-10.308938026428223
▁academy	-10.30916976928711
▁nationwide	-10.309184074401855
▁upset	-10.309429168701172
▁perform	-10.309822082519531
▁liberal	-10.3101224899292
▁sounds	-10.310343742370605
▁corporate	-10.310736656188965
▁flag	-10.311359405517578
▁ticket	-10.311555862426758
▁2011	-10.311628341674805
▁marks	-10.311724662780762
io	-10.312066078186035
▁anybody	-10.312339782714844
▁guess	-10.312773704528809
▁consumers	-10.3131103515625
▁personnel	-10.313879013061523
ya	-10.31407356262207
▁located	-10.31409740447998
▁aside	-10.314628601074219
▁davis	-10.314726829528809
▁delayed	-10.314882278442383
▁faster	-10.31503963470459
▁clothes	-10.315505027770996
▁tied	-10.315515518188477
▁featured	-10.316073417663574
▁originally	-10.316510200500488
▁shortage	-10.31653118133545
▁moscow	-10.317031860351562
▁fed	-10.317178726196289
▁ali	-10.317646026611328
▁calm	-10.317911148071289
▁theory	-10.318202018737793
▁payment	-10.318241119384766
▁documentary	-10.31864070892334
▁determine	-10.318994522094727
▁commented	-10.319612503051758
▁desperate	-10.319697380065918
▁headed	-10.319747924804688
▁willing	-10.319815635681152
▁arrive	-10.319989204406738
▁battery	-10.320355415344238
ja	-10.320378303527832
▁2014	-10.320632934570312
▁blow	-10.32079792022705
▁programs	-10.320914268493652
▁behavior	-10.321000099182129
▁defend	-10.321039199829102
▁fought	-10.321807861328125
▁devices	-10.322212219238281
ous	-10.322513580322266
▁entertainment	-10.323369979858398
▁rugby	-10.323370933532715
ten	-10.323493957519531
▁jump	-10.32390308380127
▁saudi	-10.32497787475586
▁saving	-10.326272010803223
▁meetings	-10.326517105102539
▁ukraine	-10.326547622680664
▁sustainable	-10.326573371887207
pa	-10.326639175415039
▁walker	-10.327824592590332
▁disney	-10.328112602233887
▁speaker	-10.328775405883789
▁journalist	-10.329312324523926
ise	-10.329435348510742
▁weekly	-10.329638481140137
▁allies	-10.330840110778809
va	-10.330907821655273
▁knowing	-10.331964492797852
▁funeral	-10.332573890686035
▁tony	-10.332671165466309
▁studio	-10.332674026489258
▁joining	-10.333337783813477
▁officially	-10.333625793457031
▁schedule	-10.334630012512207
ana	-10.33492374420166
▁cream	-10.335640907287598
▁advance	-10.336098670959473
▁promise	-10.336271286010742
▁reveal	-10.336337089538574
▁protected	-10.336352348327637
▁threatened	-10.33650016784668
▁51	-10.33700942993164
▁drinking	-10.337064743041992
▁experiences	-10.337867736816406
▁comedy	-10.338175773620605
▁combined	-10.338493347167969
▁background	-10.33924674987793
▁dancing	-10.33937931060791
▁47	-10.339476585388184
▁disappointed	-10.339481353759766
▁seasons	-10.339771270751953
▁doors	-10.34033489227295
▁ha	-10.340437889099121
▁ross	-10.341632843017578
▁permanent	-10.342117309570312
▁models	-10.342252731323242
▁atlanta	-10.342612266540527
▁advised	-10.342942237854004
▁buildings	-10.343314170837402
ized	-10.34361743927002
ti	-10.3441162109375
▁racing	-10.344510078430176
ak	-10.344841957092285
▁boxing	-10.34535026550293
▁correct	-10.345870971679688
▁captured	-10.346709251403809
▁dollar	-10.347411155700684
▁electricity	-10.34758186340332
▁ranked	-10.347881317138672
▁ho	-10.349003791809082
▁basketball	-10.349114418029785
▁file	-10.349407196044922
▁materials	-10.34953498840332
▁characters	-10.351797103881836
ted	-10.351827621459961
▁granted	-10.352215766906738
▁normally	-10.352280616760254
▁manage	-10.352731704711914
▁journal	-10.353836059570312
▁borders	-10.353861808776855
▁closing	-10.354020118713379
▁household	-10.354046821594238
ft	-10.355425834655762
▁competitive	-10.355574607849121
▁houston	-10.3556547164917
▁legend	-10.355717658996582
▁lies	-10.355756759643555
▁neck	-10.355889320373535
▁gay	-10.356697082519531
▁mixed	-10.35713005065918
▁excellent	-10.357294082641602
▁shops	-10.357306480407715
▁selection	-10.357352256774902
▁morrison	-10.357463836669922
▁resident	-10.359045028686523
▁smoke	-10.359384536743164
▁regions	-10.359601020812988
▁bear	-10.359709739685059
▁opposite	-10.360586166381836
▁appointment	-10.360773086547852
▁dismissed	-10.360942840576172
▁54	-10.36122989654541
pe	-10.361727714538574
▁tottenham	-10.362236976623535
▁anymore	-10.36255168914795
▁surrounding	-10.362641334533691
▁fallen	-10.362741470336914
▁windows	-10.363035202026367
▁sub	-10.36331844329834
▁tears	-10.363566398620605
▁transmission	-10.3638916015625
▁boston	-10.363907814025879
▁lab	-10.364093780517578
▁fbi	-10.364112854003906
▁magazine	-10.364133834838867
▁appointed	-10.364156723022461
▁administered	-10.364319801330566
id	-10.365445137023926
ey	-10.365518569946289
▁boyfriend	-10.365553855895996
ent	-10.365790367126465
▁province	-10.365863800048828
▁lowest	-10.365898132324219
▁itv	-10.3659029006958
▁leads	-10.366451263427734
▁atmosphere	-10.367203712463379
▁unknown	-10.367203712463379
▁girlfriend	-10.367213249206543
▁orange	-10.36721420288086
▁viral	-10.367240905761719
▁gonna	-10.367295265197754
▁pacific	-10.367328643798828
ant	-10.367521286010742
▁holidays	-10.36775016784668
▁connected	-10.36799144744873
▁clients	-10.368569374084473
▁moves	-10.369935035705566
▁ko	-10.370092391967773
▁veteran	-10.370906829833984
▁diet	-10.370930671691895
▁songs	-10.371411323547363
▁va	-10.37142562866211
sa	-10.371428489685059
▁chat	-10.37244701385498
▁outcome	-10.372608184814453
▁represents	-10.373269081115723
▁encouraged	-10.373948097229004
▁anger	-10.373970985412598
▁threatening	-10.37442398071289
▁lift	-10.375096321105957
▁simon	-10.375246047973633
▁1990	-10.37547779083252
▁flow	-10.375537872314453
▁commissioner	-10.377159118652344
▁updated	-10.377633094787598
sh	-10.377679824829102
▁argument	-10.377726554870605
▁technical	-10.378393173217773
▁attempts	-10.378835678100586
▁michigan	-10.378890991210938
▁threw	-10.378917694091797
▁wore	-10.37939167022705
▁delay	-10.38021469116211
▁humans	-10.380757331848145
▁tiny	-10.380897521972656
▁coal	-10.381379127502441
▁entering	-10.381570816040039
▁represent	-10.381692886352539
▁contrast	-10.382265090942383
▁dedicated	-10.3823823928833
▁types	-10.382933616638184
▁earn	-10.383365631103516
▁anyway	-10.384387016296387
▁jo	-10.384408950805664
▁afford	-10.38444709777832
▁rural	-10.385639190673828
▁targets	-10.38588809967041
▁computer	-10.386331558227539
▁reporter	-10.38652229309082
▁drawn	-10.386700630187988
▁remarks	-10.387124061584473
▁afraid	-10.387321472167969
▁fury	-10.387542724609375
▁pink	-10.387996673583984
▁roads	-10.389032363891602
les	-10.389037132263184
▁72	-10.389177322387695
ard	-10.389612197875977
▁locations	-10.3899507522583
▁madrid	-10.390714645385742
▁privacy	-10.390714645385742
▁employment	-10.39072322845459
▁values	-10.391615867614746
▁guidelines	-10.392416000366211
▁software	-10.392422676086426
▁comfort	-10.392948150634766
▁deserve	-10.393762588500977
▁territory	-10.394120216369629
▁claiming	-10.395217895507812
▁uses	-10.395252227783203
▁degrees	-10.395423889160156
▁celebrity	-10.395825386047363
▁newcastle	-10.395825386047363
▁properties	-10.395833969116211
▁abc	-10.39637279510498
▁fix	-10.396427154541016
▁producer	-10.397165298461914
▁ka	-10.397500038146973
▁holds	-10.398695945739746
▁ni	-10.39875602722168
▁remote	-10.398757934570312
▁shoulder	-10.39909553527832
▁institutions	-10.39915943145752
▁elizabeth	-10.399247169494629
za	-10.399847030639648
▁300	-10.4004487991333
▁offensive	-10.400463104248047
▁actual	-10.400491714477539
▁interests	-10.40056324005127
▁gained	-10.400703430175781
▁deadly	-10.4010591506958
▁founded	-10.401496887207031
▁acknowledged	-10.401505470275879
▁invest	-10.401719093322754
▁losses	-10.401910781860352
ial	-10.402222633361816
▁except	-10.402640342712402
▁imposed	-10.403251647949219
▁medicine	-10.40377140045166
▁sand	-10.40379524230957
▁equal	-10.40379810333252
▁statements	-10.403951644897461
▁involving	-10.404401779174805
ger	-10.404512405395508
▁slowly	-10.405445098876953
▁assets	-10.406048774719238
▁stable	-10.406657218933105
▁broadcast	-10.407279014587402
ham	-10.407599449157715
▁intensive	-10.407853126525879
▁te	-10.408103942871094
▁midfielder	-10.408390045166016
▁taxes	-10.408792495727539
▁hell	-10.409062385559082
▁survived	-10.409194946289062
▁temporary	-10.40958309173584
▁dying	-10.409994125366211
▁destroyed	-10.410131454467773
▁recommended	-10.410237312316895
ki	-10.410451889038086
▁salt	-10.41069221496582
▁effectively	-10.410829544067383
▁ya	-10.410898208618164
▁josh	-10.411127090454102
▁variety	-10.41131591796875
▁56	-10.411474227905273
at	-10.411707878112793
▁follows	-10.412546157836914
▁theatre	-10.412613868713379
ford	-10.412617683410645
▁legacy	-10.413052558898926
▁coalition	-10.413057327270508
vi	-10.41337776184082
▁device	-10.414322853088379
▁agents	-10.41602611541748
▁constitution	-10.416027069091797
▁tourism	-10.416646957397461
▁conversations	-10.416695594787598
▁miller	-10.416775703430176
▁taste	-10.417570114135742
▁kane	-10.417703628540039
▁tribute	-10.41787052154541
▁causes	-10.41855525970459
▁jim	-10.41939926147461
▁instance	-10.419654846191406
▁poverty	-10.420026779174805
▁expecting	-10.420819282531738
▁tie	-10.421148300170898
▁proper	-10.421555519104004
▁aircraft	-10.4218111038208
▁snap	-10.422472953796387
▁rival	-10.42320442199707
▁abortion	-10.42322826385498
▁cancelled	-10.423556327819824
▁achieved	-10.423766136169434
▁returns	-10.42402458190918
▁properly	-10.424031257629395
▁advanced	-10.424839973449707
▁airlines	-10.425124168395996
▁immune	-10.42529010772705
▁trillion	-10.425349235534668
▁questioned	-10.427190780639648
▁aggressive	-10.42831802368164
▁luck	-10.428502082824707
▁unemployment	-10.428813934326172
▁predicted	-10.429325103759766
▁participants	-10.429469108581543
▁desire	-10.429483413696289
▁departure	-10.430584907531738
▁minority	-10.430634498596191
▁opponents	-10.431138038635254
▁positions	-10.432024955749512
q	-10.432135581970215
▁corruption	-10.432364463806152
wood	-10.433185577392578
▁teen	-10.43337345123291
▁clinical	-10.433753967285156
▁communication	-10.434032440185547
▁celebrated	-10.434104919433594
▁inquiry	-10.434124946594238
▁pet	-10.43460464477539
▁reserve	-10.43461799621582
▁feelings	-10.43544864654541
▁anderson	-10.435504913330078
▁flu	-10.43572998046875
▁favorite	-10.435845375061035
▁operate	-10.43648910522461
▁chase	-10.436586380004883
▁speaks	-10.437199592590332
▁stressed	-10.437482833862305
▁worldwide	-10.437761306762695
▁trained	-10.438041687011719
▁broad	-10.440136909484863
▁guide	-10.440179824829102
▁rushed	-10.440439224243164
▁regulations	-10.440630912780762
▁suicide	-10.441247940063477
▁musk	-10.442110061645508
▁jumped	-10.442452430725098
▁tim	-10.44245719909668
▁representatives	-10.442486763000488
▁shirt	-10.44331169128418
▁exposed	-10.443377494812012
▁travelling	-10.443460464477539
▁musical	-10.443865776062012
▁lifted	-10.444183349609375
▁zoom	-10.444384574890137
▁devastating	-10.444828987121582
▁equity	-10.444828987121582
▁manufacturing	-10.444828987121582
▁checks	-10.445355415344238
ze	-10.445490837097168
▁hat	-10.446537971496582
▁scientific	-10.446588516235352
▁extraordinary	-10.446623802185059
▁relationships	-10.44792652130127
▁feed	-10.449498176574707
▁incidents	-10.4495267868042
ac	-10.450982093811035
▁laugh	-10.451223373413086
▁unusual	-10.451532363891602
▁gen	-10.45164966583252
▁routine	-10.451790809631348
▁giants	-10.451828956604004
▁verdict	-10.45202922821045
▁quit	-10.452033996582031
▁units	-10.45267391204834
▁scared	-10.452794075012207
▁consecutive	-10.453838348388672
▁chicken	-10.454153060913086
▁discussion	-10.454204559326172
▁cooking	-10.454496383666992
▁stunning	-10.455652236938477
ee	-10.455878257751465
▁perspective	-10.455979347229004
▁appreciate	-10.456262588500977
▁witness	-10.456308364868164
gb	-10.456320762634277
▁dozen	-10.456365585327148
▁santa	-10.456365585327148
▁structure	-10.456610679626465
▁tea	-10.456643104553223
▁ver	-10.457079887390137
▁brands	-10.45709228515625
▁applied	-10.457464218139648
▁numerous	-10.457464218139648
ov	-10.457534790039062
▁beating	-10.457813262939453
▁solar	-10.458155632019043
▁ps	-10.458161354064941
au	-10.4591064453125
▁anniversary	-10.459282875061035
▁immunity	-10.459282875061035
▁del	-10.459333419799805
▁movies	-10.460108757019043
▁strongly	-10.46021556854248
▁diana	-10.46053409576416
▁complaint	-10.461315155029297
▁truck	-10.461658477783203
▁buyers	-10.462212562561035
▁ke	-10.46245002746582
up	-10.462714195251465
▁taiwan	-10.462920188903809
po	-10.465399742126465
▁gathered	-10.465509414672852
▁shortages	-10.465550422668457
▁chi	-10.465692520141602
▁pack	-10.466167449951172
▁tool	-10.46621036529541
▁luxury	-10.466588973999023
▁regardless	-10.466693878173828
▁distribution	-10.468423843383789
▁constantly	-10.468877792358398
50	-10.468986511230469
▁para	-10.470208168029785
▁chaos	-10.470308303833008
▁passion	-10.470470428466797
▁hoped	-10.471272468566895
▁performed	-10.471519470214844
▁specifically	-10.472175598144531
▁drove	-10.472943305969238
▁hole	-10.47331714630127
▁overseas	-10.473953247070312
▁mountain	-10.474048614501953
▁2008	-10.474100112915039
▁intended	-10.474353790283203
40	-10.47465991973877
▁minor	-10.474746704101562
▁controversial	-10.475295066833496
▁liked	-10.476273536682129
▁marked	-10.476470947265625
▁ambulance	-10.476542472839355
fa	-10.477025985717773
▁performing	-10.47780990600586
▁detail	-10.479472160339355
▁conspiracy	-10.479503631591797
pi	-10.479511260986328
▁failing	-10.479793548583984
▁personally	-10.480134010314941
▁strange	-10.480518341064453
▁mon	-10.481181144714355
▁aaron	-10.481438636779785
▁controlled	-10.481582641601562
▁fi	-10.482057571411133
▁begun	-10.482217788696289
▁negotiations	-10.482949256896973
▁dramatic	-10.48323917388916
▁53	-10.484039306640625
▁praised	-10.484139442443848
▁mouth	-10.484196662902832
stepped	-10.48432445526123
▁indoor	-10.486080169677734
▁nov	-10.486544609069824
▁pr	-10.487417221069336
▁analysts	-10.487548828125
ance	-10.487662315368652
▁duchess	-10.4888334274292
▁managing	-10.4888334274292
▁colorado	-10.488851547241211
▁cooperation	-10.488872528076172
▁investigate	-10.489508628845215
▁addressed	-10.490346908569336
▁400	-10.490504264831543
▁murray	-10.49067211151123
▁charging	-10.49073314666748
▁pride	-10.490757942199707
▁pleaded	-10.490922927856445
▁sparked	-10.491239547729492
▁weapon	-10.491726875305176
▁strategic	-10.492552757263184
bi	-10.494428634643555
▁henry	-10.494479179382324
▁reflect	-10.494647026062012
ney	-10.495133399963379
▁trials	-10.496362686157227
▁bottle	-10.496973991394043
▁57	-10.49738883972168
▁galaxy	-10.498248100280762
▁memories	-10.498251914978027
▁jamie	-10.498281478881836
▁editor	-10.499444961547852
▁fee	-10.499445915222168
▁64	-10.499455451965332
▁und	-10.499741554260254
▁lay	-10.499967575073242
▁mandatory	-10.500142097473145
▁au	-10.500153541564941
▁posts	-10.50017261505127
▁bush	-10.500603675842285
well	-10.500801086425781
▁ties	-10.501141548156738
imed	-10.50153923034668
▁delighted	-10.502456665039062
▁striker	-10.503899574279785
▁visiting	-10.504707336425781
ek	-10.505025863647461
▁engagement	-10.505305290222168
▁deadline	-10.50540828704834
▁discussions	-10.505539894104004
▁document	-10.506294250488281
▁exist	-10.506514549255371
▁silence	-10.506552696228027
▁represented	-10.507059097290039
▁150	-10.507391929626465
▁master	-10.507893562316895
▁rent	-10.508152961730957
▁newly	-10.508302688598633
▁urban	-10.509669303894043
▁performances	-10.51030158996582
▁collapse	-10.510382652282715
▁grade	-10.5104341506958
▁passes	-10.510579109191895
▁winners	-10.511218070983887
▁childhood	-10.511618614196777
▁ohio	-10.511659622192383
▁stocks	-10.511754989624023
▁regime	-10.51439094543457
▁experiencing	-10.515424728393555
▁steel	-10.515501022338867
▁er	-10.516079902648926
▁contest	-10.516144752502441
▁heads	-10.51630687713623
▁occasion	-10.516786575317383
▁referred	-10.517355918884277
▁cutting	-10.517388343811035
▁refugees	-10.517438888549805
▁milk	-10.517797470092773
▁spreading	-10.517827987670898
▁limits	-10.518028259277344
▁exit	-10.518670082092285
▁noticed	-10.519145011901855
▁chancellor	-10.519281387329102
▁brothers	-10.519554138183594
▁rooms	-10.519952774047852
▁formal	-10.520203590393066
▁complaints	-10.520779609680176
hi	-10.520854949951172
▁suspected	-10.521390914916992
▁lu	-10.521845817565918
▁answers	-10.521882057189941
ou	-10.522117614746094
ah	-10.522236824035645
ji	-10.522351264953613
▁teaching	-10.52242374420166
▁wealth	-10.522565841674805
▁employee	-10.522940635681152
▁recover	-10.523476600646973
▁chose	-10.524517059326172
▁passenger	-10.52491283416748
▁category	-10.52509593963623
▁wider	-10.525160789489746
▁rob	-10.52517032623291
▁landed	-10.525341987609863
▁witnesses	-10.525354385375977
▁polls	-10.526371002197266
▁consistent	-10.526591300964355
▁initiative	-10.526895523071289
▁thus	-10.526906967163086
▁percentage	-10.527265548706055
▁requests	-10.527286529541016
▁hosts	-10.527644157409668
▁intense	-10.528508186340332
▁95	-10.528532028198242
▁59	-10.528853416442871
▁diversity	-10.528998374938965
▁baseball	-10.529019355773926
▁estimates	-10.529199600219727
▁finals	-10.530577659606934
▁phil	-10.53097152709961
▁jason	-10.531001091003418
▁complicated	-10.531163215637207
▁cleaning	-10.53129768371582
dy	-10.531447410583496
▁bell	-10.532536506652832
▁rush	-10.5325927734375
▁motion	-10.53288459777832
▁alliance	-10.532901763916016
▁wright	-10.532917022705078
▁approximately	-10.53292465209961
▁invited	-10.533281326293945
▁seventh	-10.53339672088623
▁tools	-10.533427238464355
▁extend	-10.534071922302246
▁memorial	-10.53486156463623
▁alexander	-10.534867286682129
▁wage	-10.535191535949707
▁il	-10.535306930541992
▁stream	-10.536656379699707
▁nba	-10.537092208862305
▁brief	-10.537517547607422
▁keeps	-10.538853645324707
▁mirror	-10.538869857788086
▁affordable	-10.538910865783691
▁prompted	-10.539106369018555
▁combat	-10.539155960083008
▁glad	-10.539573669433594
▁roles	-10.540422439575195
▁meal	-10.540477752685547
▁sentenced	-10.540657997131348
▁retirement	-10.540792465209961
▁ambassador	-10.540881156921387
▁neighbour	-10.54089069366455
han	-10.541003227233887
▁woods	-10.541122436523438
▁laid	-10.541260719299316
▁soul	-10.542195320129395
▁mention	-10.542276382446289
▁outstanding	-10.542854309082031
▁assists	-10.543394088745117
ina	-10.54410457611084
ber	-10.544167518615723
▁urgent	-10.544262886047363
▁est	-10.545257568359375
▁noise	-10.546502113342285
▁patrick	-10.546724319458008
▁till	-10.54714584350586
▁vegas	-10.547784805297852
▁mac	-10.548168182373047
▁universal	-10.548196792602539
▁arriving	-10.54869556427002
▁formed	-10.548714637756348
▁barely	-10.548962593078613
▁pilot	-10.549001693725586
▁realise	-10.54979133605957
▁damaged	-10.55018138885498
▁pleased	-10.55020809173584
▁encouraging	-10.550687789916992
▁adams	-10.551247596740723
▁smile	-10.551291465759277
▁realised	-10.552221298217773
▁function	-10.55278205871582
▁roberts	-10.552939414978027
▁moore	-10.553393363952637
▁favour	-10.553479194641113
▁constant	-10.554140090942383
▁alert	-10.55426025390625
▁judges	-10.554445266723633
▁map	-10.554539680480957
▁eric	-10.55455207824707
▁tragedy	-10.554683685302734
▁somewhere	-10.554715156555176
▁hunt	-10.556193351745605
▁austin	-10.556692123413086
▁centers	-10.558141708374023
izing	-10.558621406555176
▁fitness	-10.558938980102539
▁navy	-10.558953285217285
▁rail	-10.559025764465332
▁1980	-10.55911636352539
▁tip	-10.559447288513184
▁fixed	-10.559956550598145
▁2009	-10.561249732971191
▁safely	-10.561312675476074
▁58	-10.562036514282227
▁employers	-10.562588691711426
▁industries	-10.562726974487305
▁dallas	-10.562728881835938
▁jake	-10.562860488891602
▁cuts	-10.56344985961914
▁66	-10.564363479614258
▁em	-10.564377784729004
▁increases	-10.564436912536621
▁tourists	-10.565258979797363
▁rolling	-10.56540584564209
▁campus	-10.56674575805664
▁cloud	-10.566987991333008
▁handling	-10.567127227783203
▁lions	-10.56756591796875
▁classes	-10.567687034606934
▁oct	-10.56820297241211
ho	-10.568231582641602
▁strict	-10.568253517150879
▁resolution	-10.569478988647461
▁gotten	-10.569537162780762
▁pat	-10.569685935974121
▁castle	-10.569799423217773
▁islands	-10.569853782653809
▁bail	-10.57003116607666
▁treasury	-10.570829391479492
▁detained	-10.570987701416016
▁rapidly	-10.571481704711914
▁xi	-10.571762084960938
▁spaces	-10.572041511535645
60	-10.5726900100708
▁portugal	-10.572866439819336
▁preparing	-10.572866439819336
▁louis	-10.573018074035645
▁investments	-10.573439598083496
ung	-10.573844909667969
▁organizations	-10.574100494384766
▁applications	-10.574115753173828
▁cal	-10.57431411743164
▁exposure	-10.574907302856445
▁jeff	-10.575041770935059
▁capable	-10.575065612792969
▁announce	-10.575759887695312
▁gang	-10.57585334777832
▁coaches	-10.576160430908203
▁kingdom	-10.576971054077148
▁katie	-10.577001571655273
▁necessarily	-10.579001426696777
▁unprecedented	-10.579001426696777
▁swimming	-10.579002380371094
▁tries	-10.579236030578613
▁opposed	-10.57949161529541
▁celebration	-10.579914093017578
▁wicket	-10.57991886138916
▁marketing	-10.579919815063477
▁rice	-10.580044746398926
▁defended	-10.580388069152832
▁attacking	-10.580849647521973
▁mile	-10.581307411193848
▁rape	-10.581731796264648
▁teenager	-10.582216262817383
▁describe	-10.582891464233398
▁oxford	-10.583257675170898
▁pounds	-10.585376739501953
▁similarly	-10.58575439453125
we	-10.585834503173828
▁packed	-10.586384773254395
▁harassment	-10.58724308013916
▁riot	-10.587346076965332
▁dates	-10.58799934387207
▁prosecutor	-10.58832836151123
▁behalf	-10.589310646057129
▁chocolate	-10.589364051818848
▁diagnosed	-10.589448928833008
▁rio	-10.589738845825195
▁fees	-10.59018611907959
mm	-10.590190887451172
mer	-10.590290069580078
▁hardly	-10.59052562713623
tic	-10.591160774230957
▁maxwell	-10.591432571411133
▁lights	-10.592061996459961
▁oregon	-10.593466758728027
▁humanitarian	-10.59346866607666
▁earnings	-10.593542098999023
que	-10.593843460083008
▁nasa	-10.594286918640137
▁physically	-10.594810485839844
ize	-10.594826698303223
ig	-10.594856262207031
▁practices	-10.59507942199707
▁appearances	-10.595227241516113
▁franchise	-10.595547676086426
▁stolen	-10.595794677734375
▁iron	-10.596174240112305
▁rarely	-10.596726417541504
▁iraq	-10.596917152404785
25	-10.597306251525879
▁nervous	-10.597635269165039
▁command	-10.599002838134766
▁absolute	-10.59924602508545
▁barcelona	-10.599727630615234
▁bird	-10.600364685058594
▁possession	-10.60107135772705
▁neighborhood	-10.601078033447266
▁quarterback	-10.601150512695312
▁metal	-10.60140609741211
▁ken	-10.601519584655762
▁dc	-10.601523399353027
▁celebrating	-10.601823806762695
▁taught	-10.601823806762695
▁awareness	-10.602031707763672
▁approached	-10.602107048034668
▁indicated	-10.602433204650879
▁breath	-10.603222846984863
min	-10.603399276733398
▁67	-10.603413581848145
▁emma	-10.603442192077637
▁fled	-10.603879928588867
▁indigenous	-10.603924751281738
▁mini	-10.605008125305176
▁actors	-10.605341911315918
▁mu	-10.605478286743164
▁streak	-10.60604476928711
▁criticised	-10.606287002563477
▁beaten	-10.606636047363281
▁arts	-10.606717109680176
▁assist	-10.607010841369629
▁selected	-10.607034683227539
▁cameras	-10.607129096984863
▁hundred	-10.607519149780273
▁spurs	-10.608108520507812
▁lying	-10.60890007019043
▁rocket	-10.609110832214355
▁cycle	-10.609771728515625
▁households	-10.610201835632324
▁wildlife	-10.61026668548584
▁defending	-10.610372543334961
▁pub	-10.610932350158691
▁breach	-10.611064910888672
▁legs	-10.611664772033691
▁mood	-10.611948013305664
▁blamed	-10.61198616027832
▁61	-10.612466812133789
▁roof	-10.61256217956543
▁writes	-10.612918853759766
▁manner	-10.613460540771484
▁hang	-10.61422348022461
▁trauma	-10.614473342895508
▁ii	-10.614564895629883
▁asks	-10.614588737487793
▁pot	-10.614861488342285
▁label	-10.615311622619629
▁divorce	-10.615422248840332
▁stations	-10.61550521850586
▁russell	-10.61662483215332
▁protecting	-10.617293357849121
▁2010	-10.617502212524414
▁ray	-10.61755657196045
▁locked	-10.617570877075195
▁bob	-10.618658065795898
▁covers	-10.618993759155273
▁resort	-10.619071960449219
▁gray	-10.619111061096191
▁honour	-10.619302749633789
▁magic	-10.619394302368164
▁upper	-10.619436264038086
▁guardian	-10.620631217956543
▁correspondent	-10.620893478393555
▁edition	-10.620917320251465
▁poland	-10.620939254760742
▁grace	-10.62097454071045
▁beds	-10.621411323547363
▁85	-10.621548652648926
▁sight	-10.62232780456543
▁method	-10.622673988342285
▁joke	-10.622722625732422
▁lessons	-10.622867584228516
▁uncertainty	-10.623063087463379
▁hero	-10.624271392822266
▁enable	-10.624432563781738
▁houses	-10.624628067016602
▁shadow	-10.62486743927002
lan	-10.625101089477539
▁pregnancy	-10.625179290771484
kin	-10.625496864318848
▁enjoying	-10.6256103515625
▁shocking	-10.62563705444336
▁anne	-10.625917434692383
▁attending	-10.626191139221191
▁62	-10.626435279846191
▁assessment	-10.627093315124512
▁historical	-10.627116203308105
▁absence	-10.62733268737793
▁breakfast	-10.627337455749512
▁courts	-10.627644538879395
▁chosen	-10.62800121307373
▁mess	-10.628135681152344
▁thrown	-10.628305435180664
▁dna	-10.628640174865723
▁statistics	-10.629207611083984
▁solve	-10.629412651062012
▁queensland	-10.629462242126465
▁discrimination	-10.629498481750488
▁mis	-10.629984855651855
▁throwing	-10.630060195922852
▁listening	-10.630331993103027
▁terror	-10.631122589111328
▁mistakes	-10.631166458129883
▁guest	-10.63149356842041
▁ram	-10.631587982177734
▁impressed	-10.631940841674805
▁filming	-10.632296562194824
▁63	-10.63352108001709
▁forms	-10.634428024291992
▁weird	-10.634657859802246
▁deny	-10.634662628173828
99	-10.634711265563965
▁suffer	-10.635167121887207
▁flooding	-10.635187149047852
▁counts	-10.635851860046387
▁shoot	-10.6360445022583
▁frequently	-10.636322021484375
▁underway	-10.636381149291992
▁peaceful	-10.637716293334961
▁investigations	-10.637781143188477
▁nurse	-10.638425827026367
▁personality	-10.638434410095215
▁shoes	-10.63864803314209
▁electoral	-10.64033317565918
chi	-10.641531944274902
▁crying	-10.641971588134766
▁communications	-10.642633438110352
side	-10.642699241638184
▁elite	-10.642741203308105
▁fame	-10.642946243286133
▁highlighted	-10.643266677856445
▁centres	-10.643279075622559
▁burning	-10.643914222717285
▁ar	-10.644569396972656
▁adviser	-10.644905090332031
▁monthly	-10.64554214477539
ating	-10.646458625793457
▁reputation	-10.646895408630371
▁je	-10.64692211151123
▁alabama	-10.646940231323242
▁deployed	-10.647257804870605
▁guarantee	-10.648042678833008
▁ku	-10.648179054260254
▁mount	-10.648656845092773
▁airline	-10.648988723754883
▁aug	-10.649018287658691
▁leicester	-10.649089813232422
▁shame	-10.649246215820312
ville	-10.649897575378418
▁triple	-10.649925231933594
▁sensitive	-10.65129566192627
▁resistance	-10.651309967041016
▁transportation	-10.651419639587402
▁mode	-10.65146541595459
▁clothing	-10.651785850524902
ez	-10.652205467224121
▁flowers	-10.652261734008789
▁kyle	-10.652862548828125
▁thick	-10.653029441833496
▁demands	-10.653244018554688
▁expansion	-10.65350341796875
▁li	-10.653576850891113
▁innovation	-10.653759956359863
80	-10.654033660888672
▁technologies	-10.654853820800781
▁context	-10.655715942382812
▁infectious	-10.655718803405762
▁es	-10.655744552612305
▁withdrawal	-10.655820846557617
gi	-10.656003952026367
gen	-10.6561918258667
▁strictly	-10.656256675720215
ization	-10.657074928283691
▁argue	-10.657093048095703
▁delays	-10.657186508178711
▁winds	-10.657198905944824
▁therapy	-10.657999992370605
▁tired	-10.658223152160645
▁client	-10.658348083496094
▁root	-10.658446311950684
▁sets	-10.658666610717773
du	-10.659183502197266
▁clash	-10.659399032592773
▁districts	-10.659537315368652
▁fruit	-10.65987777709961
▁surely	-10.660082817077637
▁bra	-10.660131454467773
▁unacceptable	-10.660155296325684
▁babies	-10.660162925720215
▁medium	-10.660163879394531
▁stretch	-10.660341262817383
fi	-10.661421775817871
bu	-10.662530899047852
▁loves	-10.662548065185547
▁protocol	-10.662839889526367
▁cry	-10.662857055664062
▁opener	-10.66344165802002
▁ingredients	-10.66419792175293
▁autumn	-10.664422988891602
▁presidency	-10.6646146774292
▁falls	-10.665080070495605
▁fault	-10.666321754455566
▁enormous	-10.666353225708008
▁73	-10.666817665100098
▁featuring	-10.666851997375488
▁covering	-10.666861534118652
▁sees	-10.667427062988281
▁venues	-10.668320655822754
▁recording	-10.669349670410156
ai	-10.669449806213379
▁concept	-10.669549942016602
▁palestinian	-10.669687271118164
▁badly	-10.670231819152832
▁select	-10.67040729522705
▁allen	-10.670546531677246
▁careful	-10.671096801757812
▁gathering	-10.671130180358887
▁tragic	-10.671305656433105
▁recognition	-10.671340942382812
▁sur	-10.671353340148926
▁monitor	-10.671440124511719
▁terrorist	-10.672410011291504
▁naturally	-10.673083305358887
▁prominent	-10.67309284210205
▁register	-10.67309284210205
▁perfectly	-10.67342472076416
▁connect	-10.673477172851562
▁momentum	-10.673885345458984
▁hearts	-10.674274444580078
▁lane	-10.674288749694824
▁constitutional	-10.674449920654297
▁inch	-10.675405502319336
▁microsoft	-10.675850868225098
▁terrorism	-10.675904273986816
▁rivals	-10.67624568939209
▁useful	-10.676384925842285
▁grounds	-10.67714786529541
▁extent	-10.67811393737793
▁gaza	-10.678135871887207
▁awful	-10.678174018859863
▁cruise	-10.678730010986328
▁facts	-10.678771018981934
▁plate	-10.678840637207031
▁coup	-10.67905330657959
▁demanding	-10.67943000793457
▁hancock	-10.680381774902344
▁denmark	-10.680387496948242
▁citing	-10.680598258972168
▁moderate	-10.682318687438965
▁une	-10.682847023010254
▁convinced	-10.6832914352417
▁interior	-10.683491706848145
▁68	-10.684324264526367
▁publication	-10.684425354003906
▁spike	-10.684712409973145
▁laughing	-10.68476390838623
▁justin	-10.685035705566406
▁discovery	-10.685331344604492
▁dish	-10.685959815979004
▁engage	-10.685970306396484
▁resulted	-10.6862211227417
▁monitoring	-10.686628341674805
▁exact	-10.686748504638672
▁fail	-10.686837196350098
▁jewish	-10.687217712402344
▁kent	-10.687566757202148
▁prefer	-10.687862396240234
▁eighth	-10.688114166259766
▁pen	-10.68837833404541
▁expanded	-10.688823699951172
ned	-10.68903636932373
ful	-10.689315795898438
▁offices	-10.689337730407715
▁congressional	-10.689502716064453
▁mccarthy	-10.68950366973877
▁mainly	-10.689541816711426
▁jean	-10.689830780029297
▁eve	-10.690675735473633
▁chest	-10.690679550170898
▁fishing	-10.690787315368652
▁detailed	-10.690825462341309
▁cheap	-10.690839767456055
▁essentially	-10.69092082977295
▁proposals	-10.691128730773926
ng	-10.691514015197754
▁minnesota	-10.69179630279541
▁dining	-10.692164421081543
▁awarded	-10.692234992980957
▁afterwards	-10.692755699157715
▁nato	-10.693094253540039
▁steven	-10.6932373046875
▁ward	-10.693342208862305
▁spin	-10.693751335144043
▁killer	-10.693772315979004
▁heritage	-10.694095611572266
▁prevention	-10.694212913513184
▁bronze	-10.694266319274902
ut	-10.694278717041016
▁savings	-10.694815635681152
▁globally	-10.695672988891602
▁improving	-10.696478843688965
the	-10.696861267089844
▁fighters	-10.6973237991333
▁titles	-10.697718620300293
▁wanting	-10.698138236999512
▁mate	-10.698241233825684
▁gates	-10.69829273223877
▁za	-10.698322296142578
▁74	-10.69848918914795
▁egypt	-10.698636054992676
▁episodes	-10.698822021484375
▁filmed	-10.699623107910156
▁settled	-10.699752807617188
▁combination	-10.69989013671875
im	-10.700509071350098
▁reducing	-10.701024055480957
▁sustained	-10.701420783996582
▁hunter	-10.701939582824707
▁nose	-10.702537536621094
▁spears	-10.702580451965332
▁marine	-10.702675819396973
don	-10.702816009521484
▁depression	-10.703344345092773
▁crowds	-10.70339584350586
▁lifetime	-10.703609466552734
▁foster	-10.704595565795898
21	-10.705272674560547
▁fossil	-10.705669403076172
▁kicked	-10.706195831298828
▁amber	-10.706208229064941
▁equally	-10.706339836120605
▁tier	-10.70645809173584
▁petition	-10.706945419311523
70	-10.707046508789062
▁collapsed	-10.707128524780273
▁chef	-10.707613945007324
yan	-10.708300590515137
▁providers	-10.709168434143066
▁activist	-10.709403991699219
▁inspiration	-10.710147857666016
▁acts	-10.710591316223145
▁thinks	-10.710906982421875
▁detected	-10.711014747619629
▁contribute	-10.711488723754883
▁singing	-10.711668014526367
nt	-10.71182632446289
▁representing	-10.712662696838379
▁bureau	-10.712685585021973
▁respectively	-10.712881088256836
▁demanded	-10.713364601135254
▁landing	-10.713433265686035
▁recommendations	-10.714035034179688
▁witnessed	-10.714065551757812
▁cooper	-10.714961051940918
▁kit	-10.71499252319336
▁knife	-10.71502685546875
▁hi	-10.715445518493652
▁usa	-10.715960502624512
▁korean	-10.716058731079102
▁occur	-10.716554641723633
▁foul	-10.716645240783691
▁fairly	-10.716715812683105
▁specialist	-10.716976165771484
▁voices	-10.717649459838867
▁auto	-10.718300819396973
▁matthew	-10.718972206115723
▁mitchell	-10.719747543334961
▁robinson	-10.719785690307617
▁everyday	-10.719985008239746
▁reference	-10.720175743103027
▁puts	-10.720643997192383
▁prosecution	-10.721369743347168
▁painful	-10.72167682647705
▁thompson	-10.722102165222168
▁gross	-10.722334861755371
▁differently	-10.722559928894043
▁powered	-10.722607612609863
í	-10.723173141479492
▁powers	-10.723383903503418
▁probe	-10.72374153137207
▁amendment	-10.72380256652832
▁belief	-10.723824501037598
▁ultra	-10.724474906921387
▁letters	-10.725258827209473
▁dressed	-10.72675895690918
▁joseph	-10.726821899414062
▁nursing	-10.726868629455566
▁iphone	-10.72716999053955
▁conservatives	-10.727718353271484
off	-10.727855682373047
▁birds	-10.728001594543457
▁progressive	-10.728194236755371
▁requirement	-10.728766441345215
▁emerging	-10.729228019714355
▁producing	-10.729228019714355
▁jennifer	-10.729228973388672
▁jonathan	-10.729229927062988
▁panic	-10.72940731048584
lu	-10.729618072509766
▁encounter	-10.730087280273438
▁bomb	-10.730368614196777
▁loud	-10.730592727661133
▁bold	-10.731037139892578
▁dear	-10.73108196258545
▁promote	-10.731216430664062
▁lunch	-10.731371879577637
▁leeds	-10.731778144836426
▁fundamental	-10.733205795288086
▁bio	-10.733366966247559
▁narrative	-10.733502388000488
house	-10.73387336730957
▁dis	-10.734710693359375
▁collective	-10.735919952392578
▁mcdonald	-10.736404418945312
19	-10.73642635345459
▁waters	-10.736626625061035
▁repeated	-10.736902236938477
▁dreams	-10.737709999084473
▁lock	-10.737844467163086
back	-10.737887382507324
▁walks	-10.738901138305664
op	-10.739121437072754
▁carefully	-10.739447593688965
▁syria	-10.740623474121094
▁explore	-10.74095344543457
▁nicola	-10.741080284118652
▁competing	-10.741218566894531
▁promising	-10.741222381591797
▁76	-10.741455078125
▁contains	-10.741533279418945
▁charlie	-10.741659164428711
▁observed	-10.741848945617676
▁secured	-10.742044448852539
▁jay	-10.743213653564453
▁cancel	-10.743358612060547
▁retailers	-10.743365287780762
▁referring	-10.74364185333252
▁craig	-10.743722915649414
▁nbc	-10.743759155273438
▁rely	-10.743770599365234
▁collins	-10.744038581848145
▁walls	-10.744359970092773
▁links	-10.74447250366211
▁armenia	-10.745463371276855
▁grandmother	-10.746055603027344
▁opt	-10.74730396270752
▁ce	-10.748160362243652
▁ca	-10.748373985290527
▁junior	-10.748481750488281
▁tone	-10.749115943908691
▁updates	-10.749595642089844
▁sessions	-10.749845504760742
zi	-10.750160217285156
▁addressing	-10.750486373901367
▁von	-10.750638961791992
▁attitude	-10.75076675415039
▁crystal	-10.750911712646484
▁cheese	-10.750925064086914
▁brave	-10.750993728637695
▁postponed	-10.75119686126709
▁seized	-10.751442909240723
ny	-10.751839637756348
▁apparent	-10.752859115600586
▁knock	-10.752992630004883
ani	-10.753196716308594
30	-10.753213882446289
▁saint	-10.753288269042969
▁relevant	-10.7533540725708
▁optimistic	-10.753358840942383
▁pipeline	-10.753364562988281
▁islamic	-10.753388404846191
▁gear	-10.753667831420898
▁senators	-10.753803253173828
▁po	-10.753965377807617
▁resume	-10.754493713378906
▁gains	-10.754644393920898
▁balls	-10.754756927490234
▁engine	-10.755189895629883
▁ge	-10.75529670715332
▁establish	-10.755453109741211
▁landscape	-10.755746841430664
▁promises	-10.756254196166992
▁adopted	-10.756501197814941
▁jet	-10.756850242614746
ped	-10.756941795349121
▁click	-10.757964134216309
▁jon	-10.758055686950684
▁sporting	-10.758115768432617
▁epstein	-10.758255004882812
▁meals	-10.75827693939209
▁somehow	-10.758413314819336
▁disappointing	-10.758496284484863
▁decent	-10.759202003479004
▁arena	-10.7592134475708
▁signal	-10.759346008300781
ron	-10.759353637695312
har	-10.759668350219727
▁goods	-10.759793281555176
▁longest	-10.75980281829834
ari	-10.76017951965332
▁extension	-10.760723114013672
▁sleeping	-10.761109352111816
▁requested	-10.761896133422852
▁dean	-10.762264251708984
▁depth	-10.763171195983887
12	-10.763409614562988
▁grey	-10.76344108581543
▁stake	-10.76359748840332
▁concert	-10.763765335083008
▁asset	-10.764267921447754
▁exceptional	-10.764518737792969
▁recognise	-10.76463508605957
▁surprising	-10.765143394470215
▁tradition	-10.765552520751953
▁prospect	-10.76559066772461
▁hidden	-10.765647888183594
▁mumbai	-10.76565170288086
▁disruption	-10.765803337097168
▁coaching	-10.766255378723145
▁raw	-10.766546249389648
▁virtually	-10.766634941101074
▁praise	-10.766929626464844
he	-10.766947746276855
▁solo	-10.767001152038574
all	-10.767090797424316
▁successfully	-10.767305374145508
▁parks	-10.768534660339355
▁dominated	-10.768547058105469
▁drinks	-10.768918991088867
▁crossed	-10.769489288330078
em	-10.770166397094727
▁sean	-10.770174026489258
▁kennedy	-10.770596504211426
▁permission	-10.77062702178955
▁greg	-10.770746231079102
▁horror	-10.770804405212402
▁muslim	-10.770848274230957
▁choices	-10.771154403686523
▁odds	-10.771295547485352
▁ian	-10.771666526794434
▁drawing	-10.772673606872559
isation	-10.772740364074707
ik	-10.77281379699707
▁suspects	-10.772972106933594
▁embassy	-10.773083686828613
▁equivalent	-10.773083686828613
▁lifestyle	-10.773103713989258
▁latter	-10.773136138916016
▁dodgers	-10.773782730102539
▁proceedings	-10.774311065673828
▁diseases	-10.775071144104004
ru	-10.775100708007812
▁catholic	-10.775577545166016
▁diego	-10.775779724121094
▁canadian	-10.775895118713379
▁frame	-10.776493072509766
▁chip	-10.77683162689209
▁theme	-10.776962280273438
▁volunteers	-10.777444839477539
▁tu	-10.777565002441406
jo	-10.777832984924316
▁viewed	-10.777851104736328
▁switzerland	-10.77807903289795
▁depends	-10.778351783752441
▁gary	-10.778820991516113
▁parking	-10.779755592346191
▁paint	-10.779767990112305
▁visible	-10.780586242675781
▁rapper	-10.780795097351074
▁hosted	-10.7808256149292
▁bin	-10.781023979187012
▁theater	-10.781147003173828
▁smooth	-10.781360626220703
mar	-10.78170108795166
▁designer	-10.782398223876953
▁1970	-10.782944679260254
▁gate	-10.783062934875488
▁accusations	-10.78308391571045
▁michelle	-10.78313159942627
▁lisa	-10.783210754394531
▁laura	-10.783347129821777
▁offense	-10.783807754516602
▁tap	-10.78454303741455
▁murphy	-10.785616874694824
▁iconic	-10.78568172454834
▁humanity	-10.786052703857422
▁abandoned	-10.786133766174316
▁iranian	-10.786255836486816
ain	-10.786337852478027
▁gym	-10.78752326965332
▁timing	-10.787979125976562
▁collect	-10.788337707519531
▁ballot	-10.788997650146484
▁amy	-10.789362907409668
sen	-10.790006637573242
▁overwhelming	-10.790386199951172
▁burden	-10.790698051452637
▁parliamentary	-10.790783882141113
▁booked	-10.79134750366211
▁globe	-10.79135799407959
▁improvement	-10.79146671295166
ap	-10.791596412658691
▁sisters	-10.792439460754395
▁tips	-10.79244613647461
▁deeper	-10.792531967163086
▁unexpected	-10.792713165283203
▁guns	-10.792954444885254
▁overcome	-10.79321002960205
▁principal	-10.79321002960205
▁stability	-10.79328727722168
▁diverse	-10.793316841125488
▁organisations	-10.793845176696777
▁thousand	-10.793938636779785
▁roman	-10.794428825378418
▁blind	-10.794713973999023
▁bang	-10.794744491577148
▁visits	-10.795130729675293
▁pe	-10.79543685913086
so	-10.795516967773438
▁ambitious	-10.795754432678223
▁greece	-10.795754432678223
▁okay	-10.795801162719727
▁devastated	-10.795807838439941
▁whenever	-10.796342849731445
▁error	-10.79652214050293
▁resigned	-10.79665756225586
▁canceled	-10.79688549041748
▁ethiopia	-10.79770565032959
▁typical	-10.797810554504395
ff	-10.797829627990723
▁valuable	-10.79831314086914
▁graham	-10.798321723937988
▁remarkable	-10.798330307006836
▁drought	-10.798395156860352
out	-10.79869270324707
▁survivors	-10.799614906311035
▁breathing	-10.800339698791504
▁extensive	-10.800365447998047
11	-10.801752090454102
▁venue	-10.801753044128418
▁settlement	-10.801759719848633
▁youngest	-10.801811218261719
gu	-10.801833152770996
▁collected	-10.801948547363281
▁doubled	-10.802176475524902
▁dave	-10.802306175231934
▁prof	-10.802379608154297
▁picking	-10.802431106567383
▁elect	-10.802813529968262
▁continent	-10.802955627441406
ran	-10.803034782409668
▁illinois	-10.803427696228027
▁clinton	-10.803446769714355
▁involvement	-10.803462982177734
▁tag	-10.803473472595215
▁managers	-10.80362606048584
▁tensions	-10.803730010986328
▁loans	-10.803871154785156
▁hide	-10.804060935974121
▁participate	-10.80479907989502
▁reads	-10.804834365844727
95	-10.805093765258789
▁tracking	-10.80538272857666
one	-10.805481910705566
▁dust	-10.805707931518555
▁suspension	-10.805997848510742
▁hills	-10.80663013458252
▁affair	-10.806999206542969
▁detention	-10.808575630187988
▁sectors	-10.80927562713623
▁clinic	-10.809381484985352
▁hosting	-10.809491157531738
▁investigated	-10.810226440429688
ag	-10.810323715209961
▁maintained	-10.810455322265625
▁differences	-10.81046199798584
▁ultimate	-10.810762405395508
▁smell	-10.810897827148438
▁cameron	-10.811534881591797
▁reduction	-10.81225299835205
▁arrests	-10.812366485595703
▁roy	-10.81314468383789
▁rolled	-10.813359260559082
▁loving	-10.813545227050781
▁lo	-10.813596725463867
▁repeat	-10.81360149383545
▁diplomatic	-10.81374740600586
▁nowhere	-10.813799858093262
▁cha	-10.813806533813477
▁frustrated	-10.813836097717285
▁tan	-10.813947677612305
▁condemned	-10.814291000366211
▁situations	-10.814335823059082
▁intention	-10.81478500366211
▁bath	-10.815177917480469
▁impacted	-10.816097259521484
ising	-10.816120147705078
▁qualified	-10.816347122192383
▁auction	-10.81638240814209
▁outfit	-10.816388130187988
▁anna	-10.817278861999512
▁clark	-10.81754207611084
▁ignore	-10.817752838134766
▁highway	-10.817968368530273
▁mars	-10.818233489990234
▁emotions	-10.818422317504883
▁exclusive	-10.818455696105957
▁trick	-10.818674087524414
▁gather	-10.81882381439209
▁defeated	-10.818950653076172
▁belgium	-10.818951606750488
ck	-10.8196382522583
▁hotels	-10.819701194763184
▁funded	-10.819903373718262
16	-10.820089340209961
▁producers	-10.820323944091797
ku	-10.821300506591797
▁ages	-10.821488380432129
▁calendar	-10.821562767028809
▁dropping	-10.821601867675781
▁pure	-10.8220853805542
á	-10.823505401611328
▁relatives	-10.823741912841797
▁soil	-10.823925018310547
▁rome	-10.823955535888672
▁jane	-10.824024200439453
▁ethnic	-10.824088096618652
▁interviews	-10.825478553771973
▁collaboration	-10.825501441955566
▁scandal	-10.825529098510742
▁scores	-10.82626724243164
▁ron	-10.826725959777832
▁counties	-10.826930046081543
▁stages	-10.826957702636719
▁baker	-10.826964378356934
▁burn	-10.828054428100586
▁flood	-10.828136444091797
▁wheel	-10.82870864868164
▁qui	-10.828996658325195
▁powell	-10.829469680786133
tz	-10.82954216003418
▁handful	-10.829620361328125
▁privilege	-10.830872535705566
▁comparison	-10.830901145935059
▁min	-10.831390380859375
▁aims	-10.831669807434082
90	-10.831695556640625
▁bike	-10.831931114196777
▁creation	-10.832119941711426
▁brighton	-10.832305908203125
▁motivated	-10.832403182983398
▁dispute	-10.832606315612793
way	-10.832942008972168
▁69	-10.833033561706543
▁carter	-10.8330717086792
▁duo	-10.833441734313965
▁exhibition	-10.833587646484375
ura	-10.834308624267578
▁striking	-10.834720611572266
▁flew	-10.834723472595215
▁resignation	-10.834799766540527
▁finishing	-10.83500862121582
▁fires	-10.835256576538086
▁generations	-10.836090087890625
▁77	-10.836128234863281
▁clock	-10.836143493652344
▁bubble	-10.836302757263184
▁oldest	-10.836332321166992
▁formula	-10.836529731750488
▁charlotte	-10.837372779846191
▁seemingly	-10.837430000305176
▁criticized	-10.83774471282959
▁races	-10.837752342224121
▁cleared	-10.83858585357666
▁pas	-10.838651657104492
▁weak	-10.8386812210083
▁proven	-10.838685035705566
▁sits	-10.839154243469238
▁brutal	-10.839486122131348
▁fri	-10.840024948120117
▁dominant	-10.840032577514648
▁cyber	-10.840093612670898
▁nominated	-10.840221405029297
▁phones	-10.84028148651123
▁trail	-10.840474128723145
▁web	-10.8408784866333
▁seed	-10.841094970703125
▁settle	-10.841261863708496
▁francis	-10.842610359191895
▁cited	-10.842915534973145
▁hired	-10.843791961669922
▁ignored	-10.843929290771484
▁ear	-10.844182968139648
▁breaks	-10.844263076782227
▁arab	-10.844466209411621
▁wi	-10.844639778137207
▁legislative	-10.845373153686523
▁margaret	-10.845373153686523
▁surveillance	-10.845373153686523
▁asylum	-10.84537410736084
▁duties	-10.8454008102417
▁organised	-10.845738410949707
▁gb	-10.84586238861084
▁reasonable	-10.845979690551758
▁pattern	-10.84610366821289
▁gp	-10.846504211425781
▁chamber	-10.847208023071289
▁opponent	-10.847209930419922
▁greene	-10.847426414489746
▁metro	-10.84768009185791
▁78	-10.848036766052246
▁referendum	-10.848053932189941
▁ninth	-10.848054885864258
▁teach	-10.84837818145752
▁conceded	-10.848542213439941
▁resolve	-10.84854793548584
▁responding	-10.849466323852539
▁patrol	-10.849832534790039
▁wash	-10.850419998168945
▁tennessee	-10.85074234008789
▁odd	-10.850906372070312
▁pledged	-10.85159683227539
▁knocked	-10.851923942565918
▁pupils	-10.852069854736328
▁answered	-10.852666854858398
▁wembley	-10.853437423706055
▁trophy	-10.853439331054688
▁joshua	-10.853452682495117
▁secondary	-10.854381561279297
▁cope	-10.854607582092285
▁friendship	-10.855493545532227
▁appointments	-10.855853080749512
▁penalties	-10.856142044067383
ning	-10.856243133544922
▁posting	-10.857619285583496
▁revolution	-10.85765266418457
▁delivering	-10.857977867126465
▁neighbor	-10.858201026916504
▁inning	-10.858244895935059
▁bread	-10.858591079711914
▁origin	-10.858842849731445
▁mild	-10.858875274658203
▁120	-10.86003303527832
▁evans	-10.860051155090332
▁spots	-10.860125541687012
▁contained	-10.860946655273438
▁pin	-10.861078262329102
▁bound	-10.861294746398926
▁currency	-10.861567497253418
▁residence	-10.861571311950684
▁gordon	-10.86157512664795
▁blast	-10.861660957336426
▁surrounded	-10.861772537231445
▁strip	-10.862576484680176
che	-10.862997055053711
▁bull	-10.863052368164062
▁embrace	-10.863092422485352
▁samples	-10.86331558227539
▁readers	-10.863468170166016
▁thin	-10.863669395446777
her	-10.863736152648926
▁oscar	-10.863740921020508
▁jimmy	-10.864319801330566
▁somewhat	-10.864386558532715
▁letting	-10.864419937133789
▁mason	-10.864507675170898
▁inches	-10.86467170715332
▁complained	-10.864917755126953
▁messi	-10.86496353149414
▁beer	-10.865164756774902
▁daughters	-10.865217208862305
ita	-10.86581039428711
ara	-10.865944862365723
ong	-10.866249084472656
▁introduce	-10.866252899169922
▁frustration	-10.866500854492188
▁tall	-10.866677284240723
▁tens	-10.866768836975098
▁stopping	-10.86715030670166
▁cruz	-10.867256164550781
▁den	-10.867350578308105
▁wise	-10.86795711517334
▁writers	-10.869414329528809
▁philadelphia	-10.86976432800293
▁requiring	-10.86976432800293
▁compensation	-10.869767189025879
▁rachel	-10.870022773742676
▁banking	-10.870189666748047
▁71	-10.870429039001465
▁australians	-10.87136459350586
▁brooklyn	-10.872513771057129
▁sweden	-10.872559547424316
▁workforce	-10.87259292602539
▁rear	-10.873215675354004
▁appearing	-10.873351097106934
▁pound	-10.873470306396484
▁partly	-10.873510360717773
▁99	-10.87354564666748
▁qualify	-10.873590469360352
▁pursue	-10.874063491821289
▁waves	-10.874550819396973
▁alarm	-10.875043869018555
▁dialogue	-10.875267028808594
▁dubai	-10.875282287597656
▁eggs	-10.875876426696777
ada	-10.876245498657227
▁mob	-10.876309394836426
▁egg	-10.876736640930176
▁tower	-10.876782417297363
▁sc	-10.876850128173828
▁pension	-10.877195358276367
▁backing	-10.878480911254883
▁contracts	-10.878619194030762
▁har	-10.87869930267334
▁belt	-10.878726959228516
▁sons	-10.87903118133545
▁professionals	-10.879469871520996
▁posed	-10.879522323608398
▁rounds	-10.88019847869873
▁bathroom	-10.880575180053711
▁regret	-10.880596160888672
▁neighbours	-10.88061809539795
▁comprehensive	-10.880799293518066
▁survival	-10.880799293518066
▁elderly	-10.881165504455566
▁chart	-10.881218910217285
tion	-10.881494522094727
▁consistently	-10.881505966186523
▁catching	-10.882410049438477
▁premium	-10.883357048034668
▁robust	-10.883578300476074
▁cambridge	-10.883583068847656
▁succeed	-10.88359260559082
▁outlet	-10.884383201599121
▁engineering	-10.884570121765137
▁gar	-10.886224746704102
▁citizen	-10.88628101348877
▁mexican	-10.886362075805664
▁cake	-10.8866605758667
▁micro	-10.887039184570312
▁firing	-10.887040138244629
▁targeting	-10.887728691101074
▁recognised	-10.887930870056152
▁2005	-10.888203620910645
▁settings	-10.889275550842285
▁cops	-10.889333724975586
▁branch	-10.889461517333984
ino	-10.88951301574707
▁nu	-10.889730453491211
▁finds	-10.889734268188477
▁hip	-10.889780044555664
▁divided	-10.89005184173584
▁che	-10.890239715576172
▁restore	-10.890825271606445
▁transform	-10.89129638671875
▁hanging	-10.891363143920898
▁checked	-10.891453742980957
▁genetic	-10.891937255859375
▁uncomfortable	-10.89195728302002
▁bennett	-10.891971588134766
▁xbox	-10.891996383666992
▁attendance	-10.8920259475708
▁menu	-10.892034530639648
▁audio	-10.892118453979492
▁searching	-10.892807006835938
▁everton	-10.893129348754883
▁jen	-10.893260955810547
▁bags	-10.89346981048584
13	-10.893624305725098
▁arabia	-10.893810272216797
▁radical	-10.89424991607666
▁warming	-10.894471168518066
▁blues	-10.894641876220703
▁hu	-10.894710540771484
▁headquarters	-10.894765853881836
▁grief	-10.894768714904785
▁consent	-10.894780158996582
▁­	-10.894937515258789
▁musician	-10.895146369934082
▁plot	-10.89534854888916
▁si	-10.895468711853027
▁ranks	-10.895716667175293
▁assisted	-10.896195411682129
▁bi	-10.89714527130127
▁sussex	-10.897340774536133
▁welsh	-10.897403717041016
▁birmingham	-10.8975830078125
▁pollution	-10.8975830078125
▁yorkshire	-10.897619247436523
▁ba	-10.897669792175293
▁intervention	-10.897687911987305
▁backlash	-10.897720336914062
▁spell	-10.897988319396973
▁institution	-10.898295402526855
gg	-10.899327278137207
▁elements	-10.89937973022461
▁reign	-10.900412559509277
▁marvel	-10.90042495727539
▁volume	-10.900577545166016
▁recommend	-10.900606155395508
▁fatal	-10.900840759277344
▁ted	-10.901017189025879
▁filling	-10.901131629943848
▁networks	-10.90134334564209
▁tri	-10.901571273803711
▁circle	-10.902228355407715
▁substantial	-10.902743339538574
▁amounts	-10.902873039245605
▁czech	-10.903240203857422
▁fiscal	-10.903275489807129
▁overwhelmed	-10.90339183807373
▁segment	-10.903470993041992
▁briefly	-10.90395450592041
▁alan	-10.903966903686523
▁wounded	-10.904019355773926
▁pac	-10.904269218444824
▁fighter	-10.904443740844727
▁antonio	-10.906095504760742
▁goalkeeper	-10.906109809875488
▁romance	-10.90614128112793
▁explosion	-10.906343460083008
14	-10.906441688537598
▁anticipated	-10.906508445739746
▁reveals	-10.906601905822754
▁rating	-10.907538414001465
▁grab	-10.908388137817383
▁inauguration	-10.908930778503418
▁metropolitan	-10.908930778503418
▁utah	-10.908935546875
▁wages	-10.908973693847656
▁teeth	-10.9091215133667
▁pocket	-10.90926456451416
▁acquired	-10.909646034240723
▁besides	-10.910877227783203
▁moral	-10.911028861999512
▁painting	-10.911205291748047
▁practical	-10.911232948303223
▁sudden	-10.911300659179688
▁lesson	-10.91139030456543
▁commit	-10.911718368530273
▁agriculture	-10.911787986755371
▁westminster	-10.911787986755371
▁tin	-10.911907196044922
▁destination	-10.912210464477539
▁evacuated	-10.912376403808594
▁isolated	-10.913017272949219
▁suggesting	-10.91312026977539
▁deserves	-10.913236618041992
▁2006	-10.913504600524902
▁trips	-10.913505554199219
▁101	-10.913785934448242
▁netherlands	-10.914652824401855
▁urging	-10.914653778076172
▁midnight	-10.914665222167969
ell	-10.915027618408203
▁athlete	-10.915177345275879
▁strengthen	-10.915345191955566
▁dressing	-10.916102409362793
▁cautious	-10.917028427124023
▁genuine	-10.917030334472656
15	-10.917248725891113
fer	-10.917252540588379
▁adapt	-10.91743278503418
▁beloved	-10.91752815246582
▁nurses	-10.917569160461426
▁replacement	-10.918119430541992
▁2004	-10.918128967285156
▁tiger	-10.918187141418457
▁turner	-10.918305397033691
▁oklahoma	-10.920408248901367
▁herald	-10.920454978942871
▁pending	-10.920520782470703
nie	-10.920634269714355
▁tear	-10.921282768249512
cu	-10.921326637268066
▁inner	-10.922040939331055
▁controversy	-10.923298835754395
▁kansas	-10.923299789428711
▁mystery	-10.923299789428711
van	-10.923491477966309
▁crude	-10.923770904541016
▁billy	-10.923877716064453
▁comedian	-10.923946380615234
▁colleague	-10.923954010009766
▁dig	-10.924091339111328
▁highlights	-10.924201965332031
▁easter	-10.924439430236816
▁jam	-10.925077438354492
▁pc	-10.925276756286621
▁silent	-10.92570686340332
▁breakthrough	-10.926197052001953
▁concrete	-10.926197052001953
▁innocent	-10.926197052001953
▁stewart	-10.92619800567627
▁android	-10.926200866699219
▁residential	-10.926250457763672
si	-10.926553726196289
▁remembered	-10.926701545715332
▁launching	-10.92671012878418
▁suspicion	-10.926833152770996
▁admit	-10.926870346069336
▁risen	-10.926902770996094
▁narrow	-10.927115440368652
▁parade	-10.927532196044922
▁crossing	-10.928000450134277
▁wow	-10.928109169006348
▁carries	-10.928400039672852
ib	-10.929034233093262
▁transformation	-10.92918586730957
▁broader	-10.929774284362793
▁jose	-10.930281639099121
▁trailer	-10.930587768554688
ola	-10.93190860748291
▁universities	-10.932019233703613
▁ankle	-10.93204116821289
berg	-10.932132720947266
▁berlin	-10.932148933410645
▁supportive	-10.932296752929688
▁obtained	-10.932600975036621
head	-10.933126449584961
▁maria	-10.93331527709961
▁brad	-10.933462142944336
▁loose	-10.933544158935547
▁sauce	-10.93381118774414
▁trends	-10.933815002441406
▁teammates	-10.934404373168945
▁bengal	-10.934459686279297
▁politically	-10.934865951538086
▁celebrities	-10.934943199157715
▁meaningful	-10.935256958007812
▁factory	-10.936234474182129
▁82	-10.936408042907715
▁deserved	-10.937005043029785
▁neil	-10.937105178833008
▁milan	-10.93787956237793
▁iowa	-10.9381685256958
▁outlets	-10.938429832458496
▁reminder	-10.938584327697754
▁touched	-10.938724517822266
▁corporation	-10.93881893157959
▁bears	-10.938972473144531
ite	-10.939183235168457
▁realized	-10.939492225646973
▁horses	-10.939615249633789
ide	-10.940520286560059
▁capture	-10.94076156616211
▁romantic	-10.940810203552246
▁ordinary	-10.940816879272461
▁singapore	-10.940816879272461
▁dublin	-10.94088363647461
qui	-10.940997123718262
▁butter	-10.94104290008545
▁unveiled	-10.941062927246094
▁shelter	-10.94124984741211
▁regulation	-10.941835403442383
▁passport	-10.94190502166748
▁achievement	-10.941914558410645
▁mining	-10.942756652832031
ella	-10.942914962768555
cha	-10.942950248718262
ster	-10.943148612976074
▁tracks	-10.943300247192383
▁pennsylvania	-10.943767547607422
▁danny	-10.943819046020508
▁atlantic	-10.943872451782227
▁rid	-10.94425106048584
▁occasions	-10.944290161132812
ker	-10.944299697875977
▁element	-10.944875717163086
▁pose	-10.945327758789062
▁emerge	-10.946539878845215
▁liquid	-10.946556091308594
▁intent	-10.946706771850586
▁detroit	-10.946725845336914
▁84	-10.946789741516113
▁derby	-10.94681167602539
▁trapped	-10.946823120117188
▁liam	-10.946897506713867
▁vi	-10.947392463684082
▁recipe	-10.947855949401855
▁describes	-10.948285102844238
▁yo	-10.948541641235352
▁arguments	-10.94878101348877
▁struggles	-10.949224472045898
if	-10.949378967285156
▁ancient	-10.949694633483887
▁forgotten	-10.94970417022705
▁bruce	-10.949718475341797
▁swing	-10.949918746948242
ab	-10.95033073425293
▁joins	-10.950621604919434
▁warnings	-10.95067024230957
▁athletic	-10.95082950592041
35	-10.950902938842773
▁chemical	-10.950958251953125
▁reforms	-10.95154094696045
tor	-10.951677322387695
sha	-10.951743125915527
mon	-10.952177047729492
▁additionally	-10.952342987060547
ver	-10.953067779541016
▁3000	-10.953563690185547
▁spa	-10.953643798828125
▁bunch	-10.953681945800781
▁challenged	-10.953912734985352
▁protein	-10.95394229888916
pp	-10.954445838928223
▁sing	-10.955121994018555
▁teenage	-10.955357551574707
▁judgment	-10.955462455749512
▁soccer	-10.955657958984375
▁difficulties	-10.956050872802734
▁forum	-10.956238746643066
▁wealthy	-10.956498146057129
▁colours	-10.957043647766113
▁homeless	-10.957884788513184
▁realize	-10.95815372467041
▁ga	-10.958171844482422
▁talented	-10.958268165588379
▁traveling	-10.958307266235352
▁favor	-10.958752632141113
▁luke	-10.959319114685059
▁wishes	-10.959620475769043
▁burned	-10.9599609375
▁kinds	-10.960139274597168
▁83	-10.960177421569824
▁civilian	-10.960201263427734
▁reopened	-10.960640907287598
▁height	-10.960721969604492
75	-10.960988998413086
▁col	-10.961206436157227
▁opens	-10.961370468139648
▁brussels	-10.961658477783203
▁profits	-10.961729049682617
▁shell	-10.96179485321045
▁studying	-10.961909294128418
▁bosses	-10.96252727508545
▁implemented	-10.962656021118164
▁gardens	-10.962689399719238
▁nights	-10.96289348602295
▁weigh	-10.962996482849121
▁conviction	-10.963104248046875
▁caution	-10.963555335998535
con	-10.9636812210083
▁unity	-10.963767051696777
▁virgin	-10.964337348937988
▁shaped	-10.964457511901855
▁scrutiny	-10.9646635055542
▁announcing	-10.964664459228516
▁salary	-10.964695930480957
▁op	-10.9647216796875
▁assured	-10.96522331237793
▁burns	-10.96535873413086
▁conclusion	-10.966164588928223
▁fortune	-10.96617603302002
▁reverse	-10.966514587402344
su	-10.966852188110352
▁purchased	-10.967100143432617
▁efficient	-10.96718692779541
▁donations	-10.967535018920898
▁migration	-10.967686653137207
▁versus	-10.96768856048584
▁nancy	-10.967720031738281
▁priorities	-10.967729568481445
▁headlines	-10.967828750610352
▁resign	-10.967860221862793
az	-10.968134880065918
▁attracted	-10.96865463256836
▁disorder	-10.968741416931152
▁serves	-10.96915054321289
▁riding	-10.969402313232422
▁advocates	-10.969691276550293
▁recalls	-10.970540046691895
▁mississippi	-10.970714569091797
▁twenty	-10.970714569091797
▁welfare	-10.970714569091797
▁button	-10.971061706542969
▁blocks	-10.971267700195312
▁crack	-10.972208976745605
24	-10.972623825073242
ists	-10.973369598388672
▁tank	-10.973434448242188
▁frustrating	-10.973753929138184
▁permitted	-10.973776817321777
▁medals	-10.973960876464844
▁1960	-10.97437858581543
▁championships	-10.974664688110352
▁object	-10.97488021850586
bar	-10.975483894348145
▁electronic	-10.975519180297852
▁repair	-10.975763320922852
▁flash	-10.976314544677734
▁jazz	-10.976812362670898
▁scary	-10.977132797241211
▁bottles	-10.977981567382812
▁listing	-10.978760719299316
▁consideration	-10.978782653808594
▁sheet	-10.978805541992188
▁accurate	-10.979363441467285
22	-10.979716300964355
▁pradesh	-10.97986125946045
▁temporarily	-10.97986125946045
▁apology	-10.9799222946167
▁protective	-10.979941368103027
▁popularity	-10.980191230773926
▁neutral	-10.980496406555176
▁disappeared	-10.980524063110352
▁800	-10.98111629486084
▁pope	-10.981645584106445
▁pause	-10.98176097869873
ach	-10.981832504272461
▁admits	-10.982181549072266
▁dutch	-10.982779502868652
▁equality	-10.98302936553955
▁worn	-10.983064651489258
▁excuse	-10.984930038452148
▁soldier	-10.985030174255371
my	-10.98547077178955
▁rough	-10.985546112060547
▁photograph	-10.985868453979492
▁damaging	-10.986005783081055
▁whils	-10.98600959777832
▁angela	-10.98647689819336
▁civilians	-10.987685203552246
▁2003	-10.987902641296387
▁pepper	-10.98809814453125
▁mrs	-10.988480567932129
▁reviewed	-10.988534927368164
▁toxic	-10.989047050476074
▁commerce	-10.989091873168945
▁deliveries	-10.989229202270508
▁punch	-10.989749908447266
▁icon	-10.990031242370605
17	-10.990157127380371
▁nightmare	-10.991104125976562
▁academic	-10.991157531738281
▁rams	-10.991722106933594
▁victorian	-10.99177360534668
▁battling	-10.992188453674316
▁mutual	-10.99219036102295
▁communist	-10.992196083068848
▁marcus	-10.992412567138672
ot	-10.992542266845703
▁gaming	-10.992698669433594
▁graduate	-10.993060111999512
▁executives	-10.993287086486816
ett	-10.99366283416748
▁insists	-10.994169235229492
▁referee	-10.994455337524414
▁ridiculous	-10.994791984558105
▁highlight	-10.994915962219238
▁external	-10.995293617248535
▁louisiana	-10.995296478271484
▁pleasure	-10.995296478271484
▁greek	-10.995306968688965
▁bailey	-10.995356559753418
▁employed	-10.995728492736816
▁downtown	-10.995946884155273
▁concerning	-10.996152877807617
▁clarke	-10.996892929077148
▁qualifying	-10.997186660766602
ps	-10.997371673583984
▁evacuation	-10.997448921203613
▁aspect	-10.997488975524902
▁finger	-10.997821807861328
▁crashed	-10.998022079467773
▁strikes	-10.998065948486328
▁discover	-10.998214721679688
▁federation	-10.998408317565918
▁cotton	-10.998412132263184
▁epic	-10.998758316040039
▁longtime	-10.998774528503418
▁restricted	-10.99931526184082
▁pal	-10.999916076660156
▁explanation	-11.000603675842285
▁frequent	-11.001038551330566
▁ships	-11.001387596130371
▁cleveland	-11.001533508300781
▁integrity	-11.001533508300781
▁studied	-11.001534461975098
▁trains	-11.002290725708008
▁compromise	-11.003466606140137
▁metres	-11.0038423538208
▁certificate	-11.003851890563965
▁breast	-11.003866195678711
▁politician	-11.00387191772461
▁acted	-11.00407600402832
▁murdered	-11.004122734069824
▁shake	-11.004181861877441
ex	-11.004461288452148
▁fastest	-11.004998207092285
▁comeback	-11.005311965942383
▁drag	-11.005449295043945
▁southwest	-11.005453109741211
▁sexually	-11.00694751739502
▁avenue	-11.00700855255127
▁cinema	-11.007037162780762
▁helicopter	-11.00704574584961
▁harsh	-11.007308006286621
▁foods	-11.007349014282227
▁procedures	-11.00736141204834
▁underlying	-11.007838249206543
▁confused	-11.007977485656738
▁pages	-11.008013725280762
▁hunger	-11.008155822753906
ated	-11.008485794067383
▁triggered	-11.008848190307617
▁recognize	-11.009139060974121
ev	-11.009284973144531
▁ch	-11.010001182556152
▁download	-11.010009765625
▁fields	-11.010242462158203
▁swift	-11.010475158691406
▁unfair	-11.010485649108887
▁brisbane	-11.010968208312988
▁horrible	-11.010968208312988
▁manhattan	-11.010968208312988
▁outlook	-11.010968208312988
▁registration	-11.010968208312988
▁accommodation	-11.010970115661621
▁advertising	-11.010973930358887
▁gallery	-11.010974884033203
▁hungary	-11.010995864868164
▁ensur	-11.011918067932129
▁pi	-11.01309585571289
▁barrel	-11.013543128967285
▁palm	-11.013644218444824
▁portfolio	-11.014132499694824
▁attorneys	-11.014216423034668
▁brazilian	-11.01430892944336
▁sri	-11.014387130737305
town	-11.014503479003906
▁breathe	-11.01461410522461
▁adventure	-11.014687538146973
ane	-11.015795707702637
ick	-11.016092300415039
▁brooks	-11.016214370727539
▁sum	-11.016609191894531
▁furious	-11.016812324523926
▁describing	-11.01730728149414
▁testimony	-11.01730728149414
▁impression	-11.017339706420898
▁zoo	-11.017595291137695
▁rental	-11.017627716064453
▁supports	-11.018404006958008
▁boom	-11.018482208251953
▁assume	-11.019319534301758
▁prisoners	-11.019606590270996
▁visa	-11.019758224487305
▁proportion	-11.020359992980957
▁courage	-11.020465850830078
▁categories	-11.020491600036621
▁stomach	-11.020491600036621
▁accessible	-11.020554542541504
▁membership	-11.02058219909668
ip	-11.020626068115234
▁expanding	-11.020806312561035
▁legally	-11.021111488342285
▁maker	-11.023115158081055
▁scenario	-11.023228645324707
▁mat	-11.023308753967285
▁bonus	-11.023512840270996
▁submitted	-11.023710250854492
ington	-11.023805618286133
▁pronounced	-11.023807525634766
▁involves	-11.023889541625977
▁organized	-11.02415657043457
▁angel	-11.024300575256348
▁ja	-11.024327278137207
▁traded	-11.024519920349121
▁boxes	-11.024928092956543
▁reflected	-11.025506019592285
▁soap	-11.026062965393066
▁processes	-11.026379585266113
▁chapter	-11.026457786560059
▁muscle	-11.026508331298828
▁tension	-11.026603698730469
▁fence	-11.026834487915039
▁cannabis	-11.026891708374023
▁lawrence	-11.026891708374023
▁library	-11.026898384094238
▁punishment	-11.026922225952148
▁interim	-11.026942253112793
▁playoff	-11.027006149291992
▁twin	-11.027116775512695
▁implement	-11.027303695678711
hu	-11.027645111083984
▁reviews	-11.027650833129883
▁skill	-11.028101921081543
▁estimate	-11.0286226272583
▁fate	-11.028644561767578
▁terrorists	-11.029231071472168
▁andy	-11.02961254119873
▁dynamic	-11.029829978942871
▁audiences	-11.029908180236816
▁treatments	-11.029964447021484
▁string	-11.029990196228027
▁entitled	-11.03017520904541
▁lineup	-11.030463218688965
▁commander	-11.030661582946777
29	-11.0309419631958
▁generated	-11.031200408935547
ring	-11.031390190124512
▁81	-11.031781196594238
▁bone	-11.03268051147461
▁grass	-11.032729148864746
▁medication	-11.033058166503906
▁furniture	-11.033332824707031
▁inevitable	-11.033332824707031
▁motivation	-11.033332824707031
▁thanksgiving	-11.033332824707031
▁pizza	-11.033337593078613
▁periods	-11.033340454101562
▁campbell	-11.033350944519043
▁gradually	-11.033480644226074
▁subsequently	-11.033743858337402
▁motor	-11.033936500549316
ée	-11.03398609161377
▁sooner	-11.034323692321777
▁coastal	-11.034480094909668
▁zu	-11.035059928894043
▁involve	-11.035124778747559
▁cam	-11.035467147827148
▁rated	-11.035626411437988
▁plea	-11.03580379486084
▁impacts	-11.036261558532715
▁speculation	-11.03657054901123
▁grabbed	-11.036578178405762
▁rainfall	-11.036592483520508
▁tommy	-11.036628723144531
car	-11.036652565002441
▁accompanied	-11.036661148071289
▁starred	-11.036957740783691
tin	-11.037333488464355
▁reid	-11.037731170654297
▁grip	-11.037853240966797
ok	-11.038117408752441
▁wire	-11.038159370422363
▁howard	-11.038479804992676
▁sar	-11.03888988494873
ld	-11.039128303527832
▁principle	-11.039693832397461
▁statue	-11.039739608764648
▁anchor	-11.039791107177734
▁hub	-11.039813995361328
▁entrance	-11.039817810058594
▁diagnosis	-11.03981876373291
▁windsor	-11.039957046508789
▁representation	-11.039998054504395
▁advisory	-11.040131568908691
▁gi	-11.040308952331543
▁assess	-11.040435791015625
▁tail	-11.04073429107666
▁guards	-11.040790557861328
▁lit	-11.040801048278809
▁79	-11.041234970092773
▁retain	-11.04185962677002
▁uniform	-11.042473793029785
▁earning	-11.042952537536621
▁refugee	-11.043253898620605
▁trigger	-11.043508529663086
and	-11.043726921081543
▁warner	-11.043976783752441
▁deck	-11.045369148254395
▁steam	-11.045881271362305
▁helpful	-11.046168327331543
▁punjab	-11.046340942382812
▁wimbledon	-11.046340942382812
▁expression	-11.046399116516113
▁venture	-11.046404838562012
▁steady	-11.046448707580566
▁portland	-11.046514511108398
our	-11.047469139099121
ova	-11.047595024108887
▁600	-11.047942161560059
gan	-11.048084259033203
▁item	-11.048168182373047
▁drives	-11.048569679260254
▁evil	-11.048666000366211
▁250	-11.04922866821289
▁aviation	-11.04962158203125
▁carpet	-11.04962158203125
▁norway	-11.049686431884766
▁bloc	-11.049724578857422
▁phillips	-11.049800872802734
▁runner	-11.050834655761719
▁interviewed	-11.051790237426758
▁reject	-11.051838874816895
▁mountains	-11.052700996398926
▁uefa	-11.052909851074219
▁excitement	-11.052915573120117
▁emily	-11.053095817565918
cher	-11.053515434265137
▁explaining	-11.053872108459473
18	-11.053916931152344
oc	-11.05432415008545
▁print	-11.05441951751709
▁lap	-11.054874420166016
▁travelers	-11.054920196533203
▁removal	-11.0562105178833
▁ta	-11.05626392364502
▁papers	-11.056295394897461
▁signature	-11.056403160095215
▁stance	-11.056456565856934
▁mal	-11.056547164916992
▁brady	-11.05687141418457
ei	-11.05712890625
▁hardest	-11.057243347167969
ren	-11.057255744934082
vin	-11.058406829833984
▁tape	-11.058906555175781
▁unions	-11.058995246887207
▁sanders	-11.059097290039062
▁shy	-11.05913257598877
▁grandfather	-11.059520721435547
▁universe	-11.05952262878418
▁wrapped	-11.059536933898926
▁react	-11.059542655944824
▁ki	-11.059723854064941
▁methods	-11.059918403625488
▁2002	-11.060539245605469
▁affects	-11.060569763183594
▁hey	-11.06093978881836
▁trainer	-11.061317443847656
▁feared	-11.061673164367676
▁lauren	-11.06248664855957
▁destruction	-11.062844276428223
▁ownership	-11.062887191772461
▁stepping	-11.06295108795166
▁hamas	-11.063007354736328
ini	-11.06318473815918
▁travelled	-11.063304901123047
elle	-11.06357479095459
▁imp	-11.063697814941406
▁relaxed	-11.063830375671387
ue	-11.064041137695312
▁wickets	-11.064693450927734
▁exception	-11.064776420593262
▁log	-11.065109252929688
▁spotlight	-11.066222190856934
▁hurricane	-11.066548347473145
▁hiding	-11.066694259643555
▁ltd	-11.066787719726562
▁attract	-11.067071914672852
▁kin	-11.06711196899414
▁barriers	-11.067439079284668
▁desk	-11.067564010620117
▁pulling	-11.067831993103027
yn	-11.067865371704102
▁guaranteed	-11.067998886108398
ang	-11.068099975585938
▁folks	-11.06824779510498
▁é	-11.068534851074219
▁fla	-11.068605422973633
▁developers	-11.068614959716797
▁climb	-11.06904125213623
▁stupid	-11.069463729858398
▁circuit	-11.069520950317383
▁hybrid	-11.069520950317383
▁kentucky	-11.069520950317383
▁sophie	-11.069520950317383
▁transferred	-11.069744110107422
▁sha	-11.069892883300781
▁procedure	-11.070002555847168
▁ace	-11.070416450500488
▁chronic	-11.070993423461914
▁sin	-11.07199478149414
▁waited	-11.072418212890625
▁potter	-11.072436332702637
▁lifting	-11.072875022888184
▁religion	-11.072876930236816
▁removing	-11.072876930236816
▁consumption	-11.072891235351562
▁uncle	-11.072943687438965
▁jacket	-11.073610305786133
▁armenian	-11.073720932006836
▁lin	-11.07401180267334
▁towns	-11.074248313903809
▁manufacturers	-11.074431419372559
▁crews	-11.074493408203125
▁invested	-11.07497787475586
▁opera	-11.076180458068848
▁britney	-11.076262474060059
▁mall	-11.076282501220703
▁shower	-11.076398849487305
▁designated	-11.076501846313477
▁preventing	-11.076789855957031
▁treating	-11.07741641998291
▁ash	-11.077555656433105
▁objects	-11.077728271484375
▁minds	-11.078206062316895
net	-11.078335762023926
▁destroy	-11.07834243774414
23	-11.078397750854492
▁ju	-11.078974723815918
▁sh	-11.079206466674805
▁handled	-11.079404830932617
▁pentagon	-11.079622268676758
▁governance	-11.079632759094238
▁roster	-11.079687118530273
▁derek	-11.079696655273438
▁emotion	-11.080086708068848
ow	-11.080313682556152
▁touchdown	-11.080339431762695
▁grid	-11.081430435180664
▁um	-11.081818580627441
▁solidarity	-11.083011627197266
▁happiness	-11.083012580871582
▁rookie	-11.083026885986328
▁shipping	-11.083044052124023
▁preferred	-11.083158493041992
▁lakers	-11.083198547363281
▁lasted	-11.083213806152344
▁layer	-11.083473205566406
▁kumar	-11.083633422851562
▁phrase	-11.083699226379395
▁toilet	-11.083938598632812
▁kings	-11.083982467651367
▁accord	-11.08474063873291
▁ally	-11.085079193115234
▁fold	-11.085652351379395
▁edward	-11.086211204528809
▁preliminary	-11.086413383483887
▁reliable	-11.086413383483887
▁southampton	-11.086413383483887
▁margin	-11.086492538452148
ence	-11.086543083190918
era	-11.086668968200684
▁jets	-11.087095260620117
▁var	-11.08787727355957
▁oliver	-11.088653564453125
▁mere	-11.089219093322754
▁inappropriate	-11.089326858520508
▁dealt	-11.089771270751953
▁disappointment	-11.089838981628418
▁lasting	-11.089864730834961
▁spencer	-11.089876174926758
▁christopher	-11.08987808227539
▁dramatically	-11.08989143371582
ors	-11.090084075927734
▁stark	-11.090343475341797
▁safer	-11.090456008911133
▁vessel	-11.09072494506836
▁machines	-11.092066764831543
▁cats	-11.092350959777832
▁processing	-11.09264850616455
▁mothers	-11.092799186706543
▁chains	-11.093231201171875
▁choosing	-11.093255043029785
▁automatically	-11.093273162841797
▁historically	-11.094125747680664
▁nomination	-11.094216346740723
▁affecting	-11.094308853149414
▁creates	-11.09431266784668
om	-11.094414710998535
▁vocal	-11.094439506530762
▁ra	-11.094486236572266
▁importantly	-11.095135688781738
▁broadcaster	-11.09514045715332
▁pete	-11.095333099365234
work	-11.095808029174805
▁siblings	-11.096182823181152
▁recovering	-11.096213340759277
▁eager	-11.09623908996582
ski	-11.09656810760498
▁stops	-11.096607208251953
▁jeremy	-11.096687316894531
▁promoting	-11.096689224243164
▁ashley	-11.096762657165527
▁distributed	-11.097343444824219
▁aspects	-11.097710609436035
▁ambition	-11.097726821899414
▁deem	-11.097867012023926
▁yu	-11.098565101623535
▁sue	-11.098602294921875
▁96	-11.098787307739258
▁desert	-11.099098205566406
▁psychological	-11.099635124206543
▁tremendous	-11.099635124206543
▁generous	-11.099637031555176
▁uncertain	-11.100077629089355
▁compliance	-11.100135803222656
▁enemy	-11.100135803222656
▁rodgers	-11.100136756896973
▁fatalities	-11.100152969360352
▁framework	-11.100180625915527
▁ole	-11.100539207458496
▁contribution	-11.101252555847168
▁topped	-11.101303100585938
vo	-11.10151195526123
▁prayers	-11.101828575134277
▁130	-11.102073669433594
▁grave	-11.102290153503418
▁veterans	-11.102807998657227
▁warrant	-11.103131294250488
▁wilder	-11.103230476379395
▁advocate	-11.103561401367188
▁associate	-11.103574752807617
▁superstar	-11.10366153717041
▁homeland	-11.103964805603027
▁sch	-11.103997230529785
▁sample	-11.10486888885498
▁celebrations	-11.105523109436035
▁mentally	-11.10654354095459
▁deficit	-11.107068061828613
▁nelson	-11.107068061828613
▁soviet	-11.107069969177246
▁mega	-11.107505798339844
▁starring	-11.107645034790039
tu	-11.107795715332031
▁tally	-11.10828971862793
▁reflects	-11.108466148376465
▁cox	-11.108598709106445
▁approaches	-11.108742713928223
lon	-11.108875274658203
worth	-11.10938549041748
▁script	-11.109576225280762
▁avoided	-11.10960578918457
▁aired	-11.110312461853027
▁attractive	-11.110474586486816
▁bacteria	-11.110552787780762
▁minneapolis	-11.110552787780762
▁primarily	-11.110552787780762
▁tropical	-11.110552787780762
▁mainstream	-11.110573768615723
▁honey	-11.110624313354492
▁convention	-11.110636711120605
▁blog	-11.110637664794922
▁forcing	-11.110846519470215
▁ford	-11.1109619140625
49	-11.11114501953125
▁counting	-11.11330795288086
36	-11.113398551940918
▁maintenance	-11.114048957824707
▁availability	-11.114052772521973
▁license	-11.114195823669434
▁tam	-11.115538597106934
▁export	-11.115735054016113
▁pointing	-11.11612319946289
▁connections	-11.116981506347656
▁albert	-11.117371559143066
▁slip	-11.117533683776855
▁excess	-11.117545127868652
▁engaging	-11.117557525634766
▁strategies	-11.117558479309082
▁holmes	-11.117566108703613
▁liberty	-11.117569923400879
lor	-11.11767578125
▁sharon	-11.117692947387695
▁hire	-11.118666648864746
▁respected	-11.118812561035156
▁deposit	-11.118888854980469
▁closure	-11.119044303894043
▁donated	-11.119485855102539
▁violations	-11.120149612426758
▁alaska	-11.120485305786133
▁gut	-11.120575904846191
▁participation	-11.12108325958252
▁jessica	-11.121084213256836
▁swiss	-11.12112808227539
▁educational	-11.121179580688477
▁chiefs	-11.121581077575684
▁cheaper	-11.121710777282715
▁screaming	-11.121770858764648
▁surprisingly	-11.121787071228027
▁inform	-11.122038841247559
▁shaw	-11.122208595275879
▁discussing	-11.122994422912598
▁timeline	-11.124107360839844
▁artificial	-11.124109268188477
▁combine	-11.124271392822266
▁topic	-11.124421119689941
▁hbo	-11.124768257141113
▁generate	-11.12497329711914
▁marshall	-11.125036239624023
▁shall	-11.125134468078613
▁flames	-11.125568389892578
▁bounce	-11.125905990600586
▁shore	-11.126102447509766
▁recognized	-11.126296997070312
▁camps	-11.126442909240723
▁routes	-11.12673282623291
▁determination	-11.128158569335938
▁gdp	-11.128165245056152
▁addiction	-11.128181457519531
▁resource	-11.128852844238281
▁reminded	-11.128947257995605
▁tunnel	-11.129833221435547
▁symbol	-11.130352020263672
▁decrease	-11.130515098571777
▁poly	-11.130812644958496
▁arguing	-11.131717681884766
▁mercedes	-11.131717681884766
▁suspicious	-11.131717681884766
hr	-11.13183879852295
▁amanda	-11.131921768188477
▁hack	-11.1320219039917
▁acceptable	-11.132050514221191
▁attached	-11.132085800170898
▁presents	-11.132474899291992
▁rip	-11.132635116577148
▁dawn	-11.132669448852539
▁defined	-11.132701873779297
▁desperately	-11.132834434509277
▁haul	-11.132848739624023
▁patterns	-11.132872581481934
▁knight	-11.133544921875
▁defendant	-11.133578300476074
▁exports	-11.13383674621582
▁etc	-11.134004592895508
▁refuse	-11.134489059448242
▁nur	-11.134757995605469
▁lung	-11.134882926940918
zo	-11.135129928588867
▁buried	-11.135295867919922
▁tampa	-11.135323524475098
▁lemon	-11.135412216186523
▁planes	-11.13591480255127
▁neighbors	-11.136137008666992
▁parker	-11.137182235717773
▁authors	-11.137299537658691
▁notably	-11.137299537658691
▁diabetes	-11.138873100280762
▁southeast	-11.138873100280762
▁occasionally	-11.13919734954834
▁lean	-11.139233589172363
▁$	-11.139727592468262
▁mit	-11.140425682067871
▁suggestion	-11.140938758850098
▁polish	-11.141458511352539
▁austria	-11.14186954498291
▁sufficient	-11.14197063446045
▁ranking	-11.142216682434082
▁lip	-11.14228630065918
▁usc	-11.142303466796875
▁stakes	-11.142312049865723
▁arthur	-11.142470359802246
▁unnecessary	-11.142470359802246
▁antibodies	-11.142476081848145
▁gifts	-11.142481803894043
▁orbit	-11.143107414245605
▁sentiment	-11.143377304077148
iness	-11.14417552947998
▁slam	-11.144529342651367
▁actively	-11.144729614257812
▁dar	-11.144831657409668
▁inspire	-11.144882202148438
▁impose	-11.144888877868652
ria	-11.14497184753418
▁reply	-11.145930290222168
▁ferguson	-11.146090507507324
▁confusion	-11.14609146118164
ward	-11.146127700805664
▁immigrants	-11.147801399230957
32	-11.14793872833252
▁roots	-11.149092674255371
▁wayne	-11.149234771728516
▁anonymous	-11.149537086486816
▁rhetoric	-11.149703025817871
▁sunshine	-11.149703025817871
▁turkish	-11.149714469909668
▁burst	-11.150214195251465
stone	-11.150253295898438
ali	-11.150293350219727
▁boats	-11.150392532348633
▁canal	-11.150704383850098
▁fingers	-11.150866508483887
▁prevented	-11.15109920501709
iya	-11.151254653930664
▁starter	-11.151521682739258
▁fabric	-11.151856422424316
ado	-11.15217399597168
ette	-11.152600288391113
▁reward	-11.152957916259766
28	-11.153205871582031
▁empire	-11.153341293334961
▁wolves	-11.153346061706543
▁garcia	-11.153349876403809
▁trafficking	-11.153375625610352
▁frozen	-11.15343189239502
▁kiss	-11.15371322631836
▁cole	-11.153916358947754
▁separated	-11.153987884521484
▁prop	-11.154117584228516
▁experiment	-11.154220581054688
▁spray	-11.154242515563965
ities	-11.154547691345215
fo	-11.154717445373535
▁visual	-11.155137062072754
▁locally	-11.155529975891113
▁mel	-11.155576705932617
▁barrier	-11.155695915222168
▁jacob	-11.155816078186035
▁+	-11.156390190124512
▁chips	-11.156549453735352
▁columbia	-11.156989097595215
▁gorgeous	-11.156993865966797
▁bre	-11.157045364379883
▁abbott	-11.157318115234375
▁awaiting	-11.157649040222168
▁passage	-11.157690048217773
▁opinions	-11.157937049865723
▁leaked	-11.157994270324707
▁crowded	-11.158136367797852
▁beaches	-11.158260345458984
▁jokes	-11.158824920654297
▁teenagers	-11.15902328491211
kar	-11.159125328063965
▁preparation	-11.159332275390625
▁renewable	-11.159335136413574
▁branded	-11.159811973571777
▁destinations	-11.160131454467773
▁consist	-11.160199165344238
▁instant	-11.160240173339844
▁reconciliation	-11.160652160644531
▁vladimir	-11.160652160644531
▁travis	-11.160665512084961
▁dubbed	-11.160760879516602
▁revealing	-11.160799026489258
▁tune	-11.161897659301758
▁formally	-11.161924362182617
▁86	-11.16214370727539
45	-11.163677215576172
▁kenya	-11.163784980773926
ins	-11.163796424865723
▁offence	-11.16389274597168
▁haiti	-11.164236068725586
▁naked	-11.164346694946289
▁denver	-11.164352416992188
▁appealed	-11.164602279663086
▁theft	-11.164843559265137
▁matching	-11.165064811706543
more	-11.165071487426758
▁cute	-11.165446281433105
▁resolved	-11.166182518005371
▁movements	-11.166509628295898
▁coin	-11.16651725769043
▁promotion	-11.166595458984375
▁restrict	-11.166886329650879
rie	-11.16730785369873
▁reader	-11.167333602905273
▁legitimate	-11.16751766204834
▁predict	-11.16767692565918
ula	-11.167943000793457
▁phenomenon	-11.168018341064453
▁phoenix	-11.168018341064453
▁piers	-11.168176651000977
▁bro	-11.16817855834961
▁bow	-11.168219566345215
▁makers	-11.168291091918945
▁detect	-11.168464660644531
▁criminals	-11.16848087310791
▁pad	-11.168843269348145
▁halt	-11.169602394104004
▁91	-11.170659065246582
▁wars	-11.170722007751465
▁bryant	-11.170881271362305
▁innovative	-11.171722412109375
▁lloyd	-11.171722412109375
of	-11.171745300292969
▁theories	-11.171748161315918
▁gulf	-11.171794891357422
▁ci	-11.172019004821777
▁hiring	-11.172109603881836
▁sec	-11.173055648803711
▁arrives	-11.173151016235352
ä	-11.1733980178833
▁severely	-11.173748016357422
tre	-11.173898696899414
▁ceiling	-11.174334526062012
low	-11.174368858337402
▁detective	-11.174422264099121
▁trucks	-11.174467086791992
▁stroke	-11.174468040466309
▁awkward	-11.17493724822998
shi	-11.175107955932617
▁fiction	-11.17524242401123
▁bur	-11.175289154052734
bury	-11.175372123718262
▁douglas	-11.175445556640625
▁hungry	-11.175491333007812
▁adopt	-11.175641059875488
▁warren	-11.175650596618652
▁grim	-11.17612361907959
ano	-11.176538467407227
▁photographs	-11.176729202270508
85	-11.176739692687988
▁closest	-11.176787376403809
▁shorter	-11.17692756652832
▁healing	-11.17701244354248
▁copy	-11.177140235900879
▁ski	-11.177239418029785
▁contracted	-11.17767333984375
▁outrage	-11.177933692932129
▁milestone	-11.178174018859863
▁questioning	-11.17846965789795
▁robin	-11.178633689880371
▁dominic	-11.179001808166504
▁fancy	-11.179254531860352
66	-11.179255485534668
▁wounds	-11.179282188415527
▁maryland	-11.179308891296387
ure	-11.18010139465332
tro	-11.180231094360352
▁arrangements	-11.18035888671875
▁divide	-11.181035041809082
ique	-11.181464195251465
▁elder	-11.18167495727539
▁contributions	-11.181706428527832
▁seeds	-11.181831359863281
▁holes	-11.181852340698242
▁titled	-11.182679176330566
▁agricultural	-11.182916641235352
▁wisconsin	-11.182916641235352
▁heavyweight	-11.182933807373047
▁tourist	-11.183424949645996
▁quoted	-11.183809280395508
▁farmer	-11.18391227722168
▁commons	-11.184104919433594
▁1999	-11.184501647949219
▁1996	-11.185369491577148
▁licence	-11.185812950134277
▁cousin	-11.18584156036377
▁missile	-11.185919761657715
▁rodriguez	-11.186676025390625
▁applies	-11.186677932739258
af	-11.186689376831055
▁garage	-11.186721801757812
▁helen	-11.187006950378418
▁pressed	-11.187310218811035
▁han	-11.187774658203125
▁por	-11.187788009643555
▁campaigns	-11.188349723815918
fe	-11.188406944274902
▁vegetables	-11.189146041870117
▁convert	-11.189369201660156
▁beef	-11.18954086303711
▁contacts	-11.189560890197754
▁relation	-11.1897611618042
▁rivers	-11.190049171447754
▁craft	-11.190998077392578
▁ger	-11.191275596618652
▁loaded	-11.191472053527832
▁acknowledge	-11.192238807678223
▁trace	-11.19232177734375
76	-11.192423820495605
▁appealing	-11.19301700592041
▁developments	-11.193031311035156
▁legislature	-11.193487167358398
▁railway	-11.193554878234863
▁refus	-11.193657875061035
▁trusted	-11.193660736083984
▁passionate	-11.193807601928711
▁spark	-11.19393253326416
▁shah	-11.194106101989746
▁contemporary	-11.19423770904541
▁pursuit	-11.19423770904541
▁essex	-11.194238662719727
▁flexible	-11.194243431091309
▁harvey	-11.194246292114258
▁gill	-11.194316864013672
▁blake	-11.194467544555664
▁slim	-11.194487571716309
▁das	-11.194499015808105
▁renewed	-11.19477367401123
▁harrison	-11.195287704467773
▁premiere	-11.196109771728516
▁retire	-11.196549415588379
▁discipline	-11.196929931640625
▁1997	-11.197242736816406
▁populations	-11.197441101074219
▁acres	-11.197492599487305
▁random	-11.197540283203125
kh	-11.197549819946289
ika	-11.197742462158203
▁loyal	-11.197917938232422
▁gandhi	-11.198041915893555
▁organic	-11.198101997375488
▁confirmation	-11.198201179504395
▁92	-11.198341369628906
▁bas	-11.198931694030762
▁operational	-11.200905799865723
▁mates	-11.200945854187012
▁ky	-11.20115852355957
▁anxious	-11.201354026794434
▁gig	-11.201765060424805
▁royals	-11.201788902282715
▁testified	-11.201953887939453
▁greenhouse	-11.202092170715332
▁counsel	-11.20251178741455
▁sim	-11.203278541564941
▁tale	-11.204010963439941
▁bare	-11.204449653625488
▁hay	-11.205204010009766
▁hart	-11.205477714538574
▁lined	-11.20553207397461
▁nevertheless	-11.205687522888184
▁economies	-11.205690383911133
▁leather	-11.205690383911133
▁inclusion	-11.205695152282715
▁northwest	-11.205705642700195
▁eddie	-11.20571517944336
▁sudan	-11.205742835998535
▁karen	-11.206167221069336
▁footballer	-11.20649528503418
▁quarters	-11.20715045928955
▁makeup	-11.20722770690918
hl	-11.207645416259766
▁couples	-11.207831382751465
▁reed	-11.209037780761719
▁laptop	-11.20913314819336
▁consultation	-11.209146499633789
34	-11.209236145019531
▁comic	-11.20931625366211
▁lebanon	-11.20953369140625
▁declaration	-11.209534645080566
▁intimate	-11.209535598754883
▁cruel	-11.209633827209473
▁nathan	-11.209916114807129
63	-11.210136413574219
▁qu	-11.212055206298828
▁undermine	-11.212194442749023
▁outcomes	-11.212438583374023
▁critic	-11.212929725646973
▁portion	-11.21323013305664
▁hopkins	-11.213401794433594
▁broadway	-11.213438034057617
▁chasing	-11.2134428024292
33	-11.21353816986084
port	-11.213614463806152
▁maintaining	-11.213926315307617
▁takeover	-11.213980674743652
▁genuinely	-11.214061737060547
mann	-11.21485424041748
ock	-11.214902877807617
▁fred	-11.214961051940918
▁stir	-11.215483665466309
▁coat	-11.215991020202637
▁hunting	-11.216554641723633
▁juice	-11.216978073120117
ven	-11.21722412109375
▁vietnam	-11.217259407043457
mb	-11.217268943786621
▁centuries	-11.217270851135254
▁consensus	-11.217270851135254
▁definition	-11.217270851135254
▁henderson	-11.217270851135254
▁fever	-11.217320442199707
ec	-11.217376708984375
eh	-11.217753410339355
▁exclusively	-11.218009948730469
▁tactics	-11.218338966369629
▁indiana	-11.218742370605469
▁accus	-11.218779563903809
mp	-11.218927383422852
▁headline	-11.219062805175781
▁twist	-11.219086647033691
▁defendants	-11.219222068786621
▁1500	-11.219599723815918
gar	-11.219797134399414
▁ro	-11.220553398132324
▁subsequent	-11.22066593170166
▁swept	-11.221170425415039
▁journalism	-11.221282958984375
▁edwards	-11.221431732177734
▁1991	-11.22171688079834
▁2007	-11.22179126739502
▁1993	-11.221805572509766
▁modest	-11.222068786621094
▁wound	-11.222199440002441
je	-11.222275733947754
▁climbed	-11.222415924072266
▁painted	-11.223020553588867
▁triumph	-11.22395133972168
dale	-11.22402286529541
▁rod	-11.224238395690918
▁conservation	-11.224428176879883
▁leak	-11.224701881408691
▁horizon	-11.224958419799805
▁epidemic	-11.225068092346191
▁grandchildren	-11.225071907043457
▁cornwall	-11.225072860717773
▁console	-11.225083351135254
▁premiership	-11.2251615524292
▁instantly	-11.225597381591797
ive	-11.226356506347656
▁aston	-11.226412773132324
▁fe	-11.227703094482422
▁lamb	-11.227787971496582
▁flags	-11.228357315063477
tte	-11.228376388549805
ks	-11.22870922088623
ud	-11.228718757629395
ye	-11.22872257232666
▁subscription	-11.228959083557129
▁disabled	-11.228989601135254
▁batting	-11.22901725769043
▁implementation	-11.22905445098877
▁fines	-11.229254722595215
▁installed	-11.229726791381836
▁locals	-11.229945182800293
▁ev	-11.230120658874512
▁notable	-11.230196952819824
▁cow	-11.23131275177002
▁fleet	-11.231348037719727
▁breed	-11.231422424316406
▁compare	-11.232013702392578
▁indonesia	-11.232325553894043
▁transactions	-11.232521057128906
▁grants	-11.232651710510254
▁morris	-11.232783317565918
▁corp	-11.232902526855469
▁bristol	-11.232927322387695
▁lopez	-11.232927322387695
▁missouri	-11.232927322387695
▁goodbye	-11.232930183410645
▁existence	-11.232958793640137
▁barack	-11.23298454284668
▁establishment	-11.233000755310059
▁jaw	-11.233050346374512
▁inspector	-11.233062744140625
▁flip	-11.233119010925293
▁valued	-11.233160018920898
▁output	-11.233317375183105
▁sara	-11.233559608459473
▁glasses	-11.233675956726074
▁demonstrated	-11.233905792236328
▁transit	-11.234214782714844
▁chuck	-11.23439884185791
▁withdraw	-11.234408378601074
▁commitments	-11.23443603515625
▁masters	-11.234604835510254
▁opted	-11.234718322753906
▁2001	-11.234947204589844
▁twins	-11.235807418823242
iv	-11.236045837402344
▁bizarre	-11.236376762390137
▁occupied	-11.236879348754883
▁aftermath	-11.236884117126465
▁harmful	-11.23694896697998
▁diamond	-11.237013816833496
▁scrap	-11.23718547821045
68	-11.23720932006836
ew	-11.237241744995117
pro	-11.237610816955566
98	-11.23764419555664
▁stranger	-11.237666130065918
▁ann	-11.237783432006836
▁tab	-11.237817764282227
pur	-11.237894058227539
nan	-11.238570213317871
▁load	-11.238709449768066
▁125	-11.239102363586426
▁comply	-11.239480972290039
▁improvements	-11.239837646484375
▁rick	-11.23986530303955
46	-11.240039825439453
▁operators	-11.240120887756348
▁una	-11.240549087524414
▁mill	-11.240589141845703
▁dam	-11.240845680236816
▁terry	-11.240883827209473
▁tyler	-11.24089527130127
▁diesel	-11.240968704223633
▁scientist	-11.241114616394043
▁wondering	-11.241830825805664
ü	-11.241842269897461
▁pie	-11.242291450500488
▁sorts	-11.243070602416992
▁controls	-11.243446350097656
▁enforce	-11.243508338928223
▁operated	-11.243573188781738
▁ab	-11.243803977966309
▁instructions	-11.244095802307129
▁cape	-11.244227409362793
▁valid	-11.244702339172363
▁administrative	-11.244832038879395
▁commonwealth	-11.244832038879395
▁awesome	-11.244834899902344
▁87	-11.245014190673828
▁partially	-11.24515438079834
▁employer	-11.245387077331543
▁caring	-11.245503425598145
▁deleted	-11.245504379272461
▁jill	-11.245580673217773
ub	-11.245665550231934
▁separately	-11.246777534484863
▁approve	-11.247238159179688
▁span	-11.247696876525879
▁mag	-11.248485565185547
27	-11.2485933303833
▁boots	-11.248801231384277
▁collision	-11.248831748962402
▁toronto	-11.248834609985352
▁meantime	-11.248988151550293
▁temple	-11.249055862426758
▁mansion	-11.24909496307373
▁socially	-11.249248504638672
▁screens	-11.250138282775879
▁traditionally	-11.251112937927246
▁villages	-11.25182056427002
▁bulgaria	-11.252246856689453
▁rushing	-11.252266883850098
47	-11.252460479736328
▁stones	-11.252479553222656
▁provision	-11.252574920654297
sky	-11.252680778503418
▁format	-11.25269603729248
▁expenses	-11.252833366394043
▁precious	-11.252847671508789
▁hockey	-11.252848625183105
▁slate	-11.25406265258789
64	-11.25413990020752
▁drops	-11.254647254943848
ea	-11.255207061767578
▁tar	-11.25534439086914
ris	-11.255537986755371
▁structures	-11.256096839904785
▁vary	-11.25618839263916
▁implications	-11.256282806396484
▁unfortunate	-11.25638484954834
▁arkansas	-11.256879806518555
96	-11.25696849822998
▁principles	-11.25703239440918
▁jumping	-11.257094383239746
▁dem	-11.257172584533691
▁disturbing	-11.25718879699707
▁rescued	-11.25721549987793
▁heroes	-11.257396697998047
▁sink	-11.258201599121094
▁dame	-11.258209228515625
▁sang	-11.258441925048828
lee	-11.258453369140625
▁lengthy	-11.258880615234375
▁promoted	-11.258922576904297
▁steal	-11.259570121765137
iest	-11.259957313537598
▁dow	-11.26016616821289
istic	-11.26029109954834
iz	-11.260368347167969
ability	-11.260883331298828
▁deciding	-11.260929107666016
▁efficiency	-11.260929107666016
▁influential	-11.260929107666016
▁sterling	-11.260929107666016
▁picks	-11.261194229125977
▁initiatives	-11.26123332977295
wan	-11.262588500976562
▁shifts	-11.263288497924805
▁examine	-11.263385772705078
▁marc	-11.26345157623291
▁98	-11.26347541809082
▁disagree	-11.263745307922363
▁communicate	-11.263792991638184
▁escaped	-11.264198303222656
▁undergo	-11.264230728149414
▁hop	-11.264289855957031
ology	-11.264456748962402
▁shifted	-11.26461410522461
▁hung	-11.264701843261719
▁prospects	-11.264744758605957
▁orleans	-11.264993667602539
▁steep	-11.265005111694336
▁slipped	-11.26501750946045
▁bloody	-11.265124320983887
▁crisp	-11.265353202819824
▁warn	-11.26550579071045
▁considerable	-11.265644073486328
▁execution	-11.265705108642578
▁operator	-11.265759468078613
▁teammate	-11.266119956970215
▁pray	-11.266400337219238
ep	-11.266432762145996
▁ty	-11.266515731811523
▁patch	-11.26656436920166
▁susan	-11.266729354858398
▁sony	-11.267172813415527
▁fu	-11.267526626586914
▁toys	-11.267655372619629
▁navigate	-11.269076347351074
▁introduction	-11.26907730102539
▁debris	-11.269086837768555
▁dependent	-11.269180297851562
▁cohen	-11.269197463989258
▁supporter	-11.269327163696289
48	-11.269810676574707
▁earthquake	-11.269832611083984
▁examination	-11.269843101501465
▁rockets	-11.270221710205078
▁directors	-11.27044677734375
▁wil	-11.270618438720703
▁kar	-11.27084732055664
▁farming	-11.271252632141113
▁homer	-11.272299766540527
▁liz	-11.272584915161133
37	-11.272987365722656
▁dylan	-11.273283004760742
▁ramp	-11.27338981628418
▁technique	-11.27408218383789
▁formation	-11.274497985839844
▁difficulty	-11.27577018737793
▁administer	-11.276219367980957
▁treasure	-11.276866912841797
▁indicate	-11.277066230773926
▁inequality	-11.277289390563965
▁olivia	-11.277291297912598
▁hydrogen	-11.277299880981445
▁vacation	-11.277329444885254
▁breakdown	-11.277375221252441
▁channels	-11.277434349060059
▁swim	-11.27756118774414
▁kerry	-11.277679443359375
79	-11.27775764465332
▁1988	-11.277838706970215
▁trio	-11.277846336364746
▁scan	-11.278270721435547
▁fixture	-11.278297424316406
▁cr	-11.279532432556152
▁volunteer	-11.279702186584473
▁appeals	-11.279911994934082
▁competitions	-11.280345916748047
ile	-11.280754089355469
▁spectacular	-11.280920028686523
▁exploring	-11.281421661376953
▁fatigue	-11.281421661376953
▁judicial	-11.281421661376953
▁optimism	-11.281421661376953
▁trafford	-11.281421661376953
▁jesus	-11.281429290771484
▁rumours	-11.281569480895996
▁94	-11.281763076782227
▁violation	-11.282514572143555
▁financially	-11.282623291015625
▁photographer	-11.283019065856934
▁shoulders	-11.283101081848145
38	-11.283281326293945
▁slower	-11.28350830078125
▁bridges	-11.284634590148926
▁conscious	-11.284977912902832
▁screening	-11.285408973693848
▁boundaries	-11.285578727722168
▁disability	-11.285593032836914
▁legendary	-11.285660743713379
▁governing	-11.28635311126709
ich	-11.286580085754395
▁enhanced	-11.286752700805664
▁billions	-11.286876678466797
▁ghost	-11.286907196044922
▁eco	-11.287071228027344
▁bowling	-11.2879056930542
▁washing	-11.288216590881348
▁shark	-11.288281440734863
ship	-11.288556098937988
▁upgrade	-11.289734840393066
▁intensity	-11.289737701416016
▁smoking	-11.289737701416016
▁sustainability	-11.289746284484863
▁wallace	-11.289772033691406
▁shed	-11.289848327636719
▁facilitate	-11.289885520935059
▁exhausted	-11.289887428283691
▁sunny	-11.289931297302246
▁responses	-11.289979934692383
▁boeing	-11.290045738220215
86	-11.290060043334961
▁heating	-11.290183067321777
▁effectiveness	-11.290281295776367
▁mitch	-11.290396690368652
▁corn	-11.29050350189209
▁wherever	-11.29068660736084
▁engineers	-11.29076099395752
▁88	-11.290764808654785
▁stem	-11.291290283203125
sch	-11.291318893432617
52	-11.291481018066406
▁aide	-11.291604042053223
▁jar	-11.292834281921387
tan	-11.292885780334473
▁frost	-11.293407440185547
▁fierce	-11.293423652648926
65	-11.293581008911133
com	-11.293792724609375
▁tenure	-11.294893264770508
▁finances	-11.295272827148438
▁restored	-11.295720100402832
▁dual	-11.295831680297852
▁fin	-11.295843124389648
lie	-11.296015739440918
ator	-11.296086311340332
▁elle	-11.29627799987793
▁gene	-11.296417236328125
▁marie	-11.2964506149292
day	-11.296534538269043
▁clever	-11.29763412475586
▁massachusetts	-11.298123359680176
▁patience	-11.298123359680176
▁threshold	-11.298123359680176
▁baltimore	-11.298125267028809
▁sacrifice	-11.29829216003418
▁tender	-11.298306465148926
tra	-11.29844856262207
▁dirty	-11.298564910888672
▁echoed	-11.299059867858887
▁brandon	-11.299078941345215
▁donate	-11.299365997314453
▁worthy	-11.299516677856445
▁quietly	-11.299579620361328
▁objective	-11.299671173095703
▁habits	-11.299674034118652
▁transformed	-11.299734115600586
▁governors	-11.300215721130371
▁greet	-11.300729751586914
▁enhance	-11.300947189331055
▁provisions	-11.301836967468262
▁runners	-11.302230834960938
▁description	-11.302342414855957
▁underground	-11.302482604980469
▁reflection	-11.302517890930176
▁sole	-11.302668571472168
▁exists	-11.3036527633667
▁fights	-11.303894996643066
▁classroom	-11.30392837524414
ala	-11.304292678833008
▁accepting	-11.304743766784668
rn	-11.304910659790039
▁peer	-11.305373191833496
▁killings	-11.305727005004883
▁suits	-11.306197166442871
▁luis	-11.306336402893066
▁aberdeen	-11.3065767288208
▁azerbaijan	-11.30657958984375
▁watson	-11.306580543518066
▁ncaa	-11.3066987991333
▁linda	-11.306939125061035
▁purchases	-11.30733871459961
▁hailed	-11.307506561279297
▁fined	-11.307783126831055
▁evolution	-11.307964324951172
▁consultant	-11.3081693649292
▁satellite	-11.308178901672363
mu	-11.308878898620605
▁suite	-11.309924125671387
▁kicking	-11.310478210449219
▁gentle	-11.310774803161621
▁juventus	-11.310834884643555
▁transparent	-11.310834884643555
▁nonsense	-11.310835838317871
▁baldwin	-11.31084156036377
▁larry	-11.310868263244629
▁gavin	-11.310953140258789
▁bitter	-11.311412811279297
over	-11.31184196472168
bin	-11.312302589416504
▁plain	-11.312501907348633
▁insight	-11.312594413757324
▁93	-11.313066482543945
▁porter	-11.313366889953613
▁greatly	-11.313477516174316
▁finale	-11.313821792602539
▁convince	-11.313908576965332
▁97	-11.314190864562988
▁sued	-11.314305305480957
▁wolf	-11.314443588256836
▁casual	-11.314557075500488
▁argentina	-11.315108299255371
▁reunion	-11.315138816833496
▁sultan	-11.315196990966797
▁trash	-11.315498352050781
▁ri	-11.315526008605957
▁discharged	-11.315897941589355
▁permanently	-11.316421508789062
▁pit	-11.31659984588623
77	-11.316679954528809
▁recommendation	-11.317008018493652
▁speakers	-11.317354202270508
▁fuels	-11.317533493041992
▁owns	-11.317630767822266
▁credits	-11.318188667297363
▁blocking	-11.31822681427002
▁hug	-11.319293022155762
▁spectrum	-11.319400787353516
▁lottery	-11.319403648376465
▁concentration	-11.319412231445312
88	-11.319422721862793
▁suitable	-11.319778442382812
▁roger	-11.320333480834961
▁gro	-11.321439743041992
31	-11.321846008300781
oo	-11.322502136230469
▁viewing	-11.32364559173584
▁boundary	-11.323766708374023
▁ranging	-11.324972152709961
▁sharply	-11.325136184692383
▁approaching	-11.325164794921875
78	-11.325225830078125
▁meets	-11.325905799865723
▁val	-11.326448440551758
▁fer	-11.326591491699219
ston	-11.326858520507812
▁kai	-11.327784538269043
▁pole	-11.32783031463623
zu	-11.327985763549805
▁coordinator	-11.32804012298584
▁deputies	-11.32804012298584
▁imagination	-11.32804012298584
▁curious	-11.328049659729004
▁boot	-11.3283109664917
▁pets	-11.328648567199707
▁pitches	-11.329153060913086
▁resist	-11.329618453979492
tal	-11.329632759094238
▁component	-11.330124855041504
▁programmes	-11.330175399780273
▁quicker	-11.330207824707031
▁acid	-11.330384254455566
des	-11.330388069152832
▁rebuild	-11.330708503723145
39	-11.330937385559082
▁1998	-11.3311128616333
▁ru	-11.33128547668457
▁seal	-11.33164119720459
▁cabin	-11.331674575805664
▁ye	-11.332069396972656
▁buffalo	-11.332387924194336
▁feedback	-11.332440376281738
▁dj	-11.3333101272583
▁ré	-11.333812713623047
▁rev	-11.333849906921387
▁unite	-11.33392333984375
uri	-11.3341064453125
▁bullet	-11.334394454956055
▁cas	-11.334586143493652
▁documented	-11.334837913513184
▁iii	-11.335540771484375
▁define	-11.33564567565918
▁widow	-11.335674285888672
▁wondered	-11.335872650146484
ement	-11.336028099060059
gate	-11.336044311523438
44	-11.336431503295898
▁unbeaten	-11.33675479888916
▁subtle	-11.336812019348145
▁regarded	-11.337164878845215
zy	-11.337254524230957
zer	-11.337329864501953
▁stamp	-11.337929725646973
elli	-11.338177680969238
▁kicks	-11.338471412658691
▁noon	-11.338594436645508
▁mud	-11.338724136352539
▁stays	-11.338809967041016
▁economist	-11.339046478271484
▁heal	-11.339082717895508
▁brick	-11.339092254638672
▁logan	-11.339111328125
▁crop	-11.33926010131836
▁openly	-11.339282035827637
▁marry	-11.339874267578125
▁bias	-11.340128898620605
▁participating	-11.341142654418945
▁amateur	-11.341209411621094
▁europa	-11.341269493103027
és	-11.341300010681152
ira	-11.341605186462402
▁transported	-11.341856002807617
▁converted	-11.342389106750488
08	-11.342395782470703
▁vo	-11.342789649963379
▁saves	-11.343561172485352
▁annually	-11.3436279296875
▁rein	-11.344022750854492
▁pressing	-11.344866752624512
▁ratings	-11.345100402832031
▁dated	-11.345211029052734
▁invitation	-11.345354080200195
▁telegraph	-11.345547676086426
▁dishes	-11.346015930175781
▁versions	-11.346209526062012
▁brush	-11.347006797790527
▁gra	-11.347748756408691
▁ser	-11.34778118133545
▁acquisition	-11.347970962524414
▁demonstration	-11.348031997680664
▁heels	-11.349568367004395
ball	-11.349860191345215
▁purple	-11.34997272491455
▁scope	-11.350021362304688
▁bones	-11.35064697265625
rk	-11.351005554199219
▁rap	-11.351338386535645
▁assumed	-11.351642608642578
▁hiv	-11.351849555969238
ping	-11.3519287109375
▁emotionally	-11.352365493774414
▁explosive	-11.352519989013672
▁substance	-11.352519989013672
▁angle	-11.35279369354248
▁pledge	-11.353400230407715
▁marijuana	-11.354414939880371
▁occupation	-11.354414939880371
▁pittsburgh	-11.354414939880371
▁marathon	-11.354418754577637
▁carl	-11.354629516601562
▁lightning	-11.35463809967041
▁espn	-11.354742050170898
▁angels	-11.3548002243042
▁buses	-11.355304718017578
▁flooded	-11.356229782104492
ju	-11.356504440307617
▁sizes	-11.356507301330566
89	-11.357379913330078
▁belong	-11.357878684997559
▁omar	-11.358057022094727
▁gabriel	-11.358686447143555
▁elegant	-11.358879089355469
▁sheffield	-11.358880043029785
▁biological	-11.358890533447266
▁lucy	-11.359050750732422
▁blair	-11.359097480773926
red	-11.35912799835205
▁holly	-11.359322547912598
▁penny	-11.35946273803711
▁institutional	-11.359578132629395
▁storms	-11.35974407196045
▁meters	-11.360033988952637
cho	-11.360346794128418
▁demonstrations	-11.360838890075684
▁quest	-11.361369132995605
▁habit	-11.36154842376709
▁davies	-11.361921310424805
▁viruses	-11.362512588500977
▁superior	-11.363306999206543
▁invasion	-11.363363265991211
▁jerusalem	-11.363363265991211
▁mixture	-11.363388061523438
▁adoption	-11.363447189331055
▁memoir	-11.363462448120117
▁operates	-11.363496780395508
▁bonds	-11.36365032196045
▁organizers	-11.363812446594238
69	-11.363903045654297
▁blend	-11.364121437072754
▁adjusted	-11.364387512207031
▁700	-11.364699363708496
ium	-11.365300178527832
ena	-11.366097450256348
▁portrait	-11.366202354431152
▁draws	-11.366549491882324
▁northeast	-11.367032051086426
▁shi	-11.367563247680664
▁chaotic	-11.367868423461914
▁halloween	-11.367868423461914
▁syndrome	-11.367868423461914
▁flower	-11.367963790893555
▁hol	-11.367995262145996
▁1994	-11.36800765991211
▁cuba	-11.368010520935059
▁erupted	-11.368156433105469
▁dip	-11.36830997467041
▁cable	-11.368311882019043
▁playoffs	-11.368404388427734
▁holland	-11.36844539642334
▁pitched	-11.368470191955566
▁lou	-11.36892318725586
▁examined	-11.36920166015625
▁fo	-11.36926555633545
▁andrews	-11.3693208694458
▁matched	-11.369365692138672
▁mutations	-11.369749069213867
ama	-11.370268821716309
▁accelerate	-11.371191024780273
▁substitute	-11.371572494506836
▁throws	-11.371695518493652
▁laughs	-11.371771812438965
▁lanka	-11.371818542480469
od	-11.371824264526367
▁ji	-11.371891975402832
ther	-11.371979713439941
▁feeding	-11.372078895568848
▁assaulted	-11.372224807739258
▁rat	-11.372225761413574
ay	-11.372252464294434
▁drunk	-11.372282028198242
▁blank	-11.37236499786377
▁muhammad	-11.372392654418945
▁nonetheless	-11.372392654418945
▁thailand	-11.372411727905273
▁boycott	-11.372420310974121
▁hannah	-11.372434616088867
▁stanley	-11.372448921203613
▁garner	-11.372469902038574
▁martinez	-11.372527122497559
▁proceed	-11.372663497924805
▁custom	-11.372678756713867
▁1992	-11.37275218963623
▁sacked	-11.373013496398926
▁measured	-11.373019218444824
▁rank	-11.373041152954102
▁internationally	-11.373483657836914
▁prov	-11.374262809753418
▁stunt	-11.374536514282227
▁resumed	-11.37462043762207
▁loop	-11.374635696411133
▁arrangement	-11.375517845153809
▁ambitions	-11.375565528869629
wn	-11.375997543334961
tes	-11.376072883605957
▁beneath	-11.376938819885254
▁dakota	-11.376938819885254
▁norwegian	-11.376938819885254
▁massacre	-11.376951217651367
▁silva	-11.37695598602295
▁touching	-11.376992225646973
▁carroll	-11.377031326293945
▁expertise	-11.377068519592285
▁chad	-11.377375602722168
▁syrian	-11.378076553344727
▁sweeping	-11.378214836120605
▁cro	-11.378307342529297
ö	-11.378397941589355
▁reactions	-11.378978729248047
41	-11.379011154174805
▁spare	-11.37906265258789
▁indication	-11.380099296569824
bel	-11.380295753479004
ó	-11.380721092224121
▁examples	-11.380814552307129
▁structural	-11.381000518798828
▁ny	-11.381087303161621
▁musicians	-11.381485939025879
▁intelligent	-11.38150405883789
▁milwaukee	-11.381505012512207
▁powder	-11.38151741027832
▁excessive	-11.381522178649902
▁equipped	-11.381593704223633
▁nhl	-11.381681442260742
▁clashes	-11.382001876831055
▁buck	-11.382466316223145
▁01	-11.383420944213867
▁carlos	-11.38349723815918
▁economists	-11.383694648742676
▁mick	-11.383755683898926
▁perry	-11.383818626403809
▁colin	-11.38416576385498
▁buzz	-11.384542465209961
▁sized	-11.384745597839355
▁preserve	-11.3848876953125
▁evident	-11.385590553283691
▁facial	-11.386092185974121
▁kanye	-11.386102676391602
▁laboratory	-11.386104583740234
▁eliminate	-11.3861665725708
▁productive	-11.3861665725708
▁egyptian	-11.386236190795898
▁johnny	-11.386378288269043
▁counterparts	-11.386811256408691
mph	-11.386937141418457
55	-11.38698959350586
▁raj	-11.387179374694824
▁lad	-11.387407302856445
▁blown	-11.387832641601562
aire	-11.387853622436523
84	-11.387882232666016
▁dock	-11.387970924377441
▁undergoing	-11.38797664642334
▁fc	-11.388030052185059
▁bru	-11.388673782348633
▁joel	-11.38927936553955
▁latin	-11.38931655883789
▁avoiding	-11.389320373535156
▁creator	-11.389513969421387
▁hy	-11.389788627624512
▁partisan	-11.390687942504883
▁caribbean	-11.390700340270996
▁ukrainian	-11.390700340270996
▁wardrobe	-11.390700340270996
▁default	-11.390703201293945
▁jockey	-11.390704154968262
▁sullivan	-11.390948295593262
▁1984	-11.391277313232422
▁privately	-11.392000198364258
▁olive	-11.392794609069824
▁drain	-11.392870903015137
ese	-11.393479347229004
▁pretend	-11.393655776977539
aw	-11.3939208984375
▁theaters	-11.394532203674316
ious	-11.395039558410645
▁submit	-11.395306587219238
▁stuart	-11.395332336425781
▁lightweight	-11.395369529724121
rin	-11.395501136779785
▁utterly	-11.395625114440918
▁fluid	-11.395732879638672
▁lucas	-11.396516799926758
▁conducting	-11.396782875061035
▁com	-11.397171020507812
▁heights	-11.397844314575195
▁charm	-11.398433685302734
▁vessels	-11.398762702941895
▁mechanism	-11.399015426635742
▁bangladesh	-11.399386405944824
▁slight	-11.399535179138184
67	-11.39979362487793
▁advocacy	-11.399980545043945
▁benjamin	-11.399980545043945
▁capabilities	-11.399980545043945
▁revenge	-11.399980545043945
▁gently	-11.399986267089844
▁terminal	-11.399992942810059
▁transplant	-11.399992942810059
▁barbara	-11.399993896484375
▁bradley	-11.400090217590332
▁tonnes	-11.400104522705078
▁mariners	-11.400155067443848
▁realistic	-11.400223731994629
▁seasonal	-11.400379180908203
▁displayed	-11.400615692138672
ben	-11.40072250366211
83	-11.400876998901367
▁yoga	-11.401179313659668
▁shoe	-11.401590347290039
▁participated	-11.402162551879883
▁complain	-11.402324676513672
ade	-11.402798652648926
▁flee	-11.402860641479492
▁tent	-11.403393745422363
▁retreat	-11.403575897216797
▁import	-11.403620719909668
▁cafe	-11.403847694396973
▁incentives	-11.404448509216309
▁packaging	-11.404653549194336
▁thread	-11.404655456542969
▁glory	-11.404675483703613
▁stanford	-11.404679298400879
▁minimal	-11.404692649841309
▁1989	-11.405447959899902
bre	-11.405784606933594
▁isis	-11.406072616577148
▁champ	-11.406110763549805
ery	-11.406135559082031
▁graduated	-11.406465530395508
▁engineer	-11.406500816345215
ken	-11.406729698181152
▁moreover	-11.4069185256958
ph	-11.407025337219238
▁inmates	-11.407215118408203
▁dal	-11.408098220825195
è	-11.408195495605469
▁homicide	-11.408448219299316
▁monster	-11.408490180969238
▁tigers	-11.408530235290527
▁kay	-11.409197807312012
▁liver	-11.409343719482422
▁flexibility	-11.40934944152832
▁jeffrey	-11.40936279296875
▁batch	-11.409399032592773
▁adaptation	-11.40951919555664
hal	-11.40997314453125
▁controlling	-11.41030502319336
▁overtime	-11.410653114318848
▁bride	-11.410670280456543
hn	-11.41113567352295
▁adjust	-11.411163330078125
09	-11.411186218261719
▁sprint	-11.411744117736816
▁dé	-11.41189193725586
▁applying	-11.412123680114746
▁farms	-11.412296295166016
▁switched	-11.41268253326416
brien	-11.412736892700195
▁endless	-11.41277027130127
▁styles	-11.413175582885742
▁ellis	-11.414032936096191
▁satisfied	-11.41406536102295
▁whistle	-11.414066314697266
▁buckingham	-11.414069175720215
▁nevada	-11.414069175720215
▁yang	-11.41456413269043
▁tide	-11.41485595703125
▁ports	-11.414928436279297
▁publish	-11.415254592895508
sson	-11.41525936126709
▁successor	-11.415419578552246
▁ac	-11.415566444396973
42	-11.416001319885254
▁holy	-11.416216850280762
fu	-11.41632080078125
▁kl	-11.416884422302246
▁kat	-11.416976928710938
▁pant	-11.417181968688965
time	-11.41748332977295
▁critically	-11.417630195617676
book	-11.41766357421875
▁warehouse	-11.418091773986816
▁reckless	-11.418303489685059
hy	-11.418384552001953
ram	-11.418405532836914
▁permit	-11.418423652648926
▁absent	-11.41878890991211
▁replacing	-11.418805122375488
▁array	-11.418828010559082
▁disappearance	-11.418831825256348
▁cardiff	-11.418838500976562
ami	-11.418840408325195
▁recruitment	-11.418844223022461
▁landmark	-11.418875694274902
▁alice	-11.41917610168457
▁oversee	-11.419478416442871
▁warriors	-11.419541358947754
▁ai	-11.419601440429688
▁pu	-11.420093536376953
▁justify	-11.420133590698242
▁nicole	-11.420289993286133
wi	-11.420547485351562
▁notified	-11.420831680297852
▁hal	-11.4209623336792
▁climbing	-11.42119312286377
▁cents	-11.421334266662598
▁bases	-11.421767234802246
▁negotiate	-11.42236328125
▁gel	-11.422593116760254
▁column	-11.422764778137207
▁reluctant	-11.423065185546875
▁differ	-11.42350959777832
▁altogether	-11.42357063293457
▁embarrassed	-11.423697471618652
▁hughes	-11.423709869384766
▁spectators	-11.423914909362793
▁authorized	-11.424160957336426
▁endured	-11.424626350402832
▁beliefs	-11.424894332885742
▁reacted	-11.425111770629883
▁limiting	-11.425459861755371
▁bon	-11.425597190856934
▁salad	-11.425679206848145
▁cheer	-11.426179885864258
▁divorced	-11.426263809204102
91	-11.426567077636719
▁peers	-11.426834106445312
met	-11.427348136901855
▁reception	-11.42752742767334
ily	-11.427824020385742
▁megan	-11.428143501281738
▁rage	-11.428269386291504
▁catastrophic	-11.428351402282715
▁inspiring	-11.428351402282715
▁superintendent	-11.428351402282715
▁victories	-11.428388595581055
▁traumatic	-11.4284086227417
▁radar	-11.428510665893555
▁displaced	-11.42859172821045
▁failures	-11.428611755371094
board	-11.428731918334961
▁glen	-11.428791046142578
97	-11.42937183380127
▁logo	-11.429494857788086
▁grill	-11.429936408996582
bert	-11.429984092712402
▁iraqi	-11.430015563964844
▁1995	-11.43021297454834
▁hammer	-11.430326461791992
▁shifting	-11.430352210998535
▁recipes	-11.431323051452637
▁cult	-11.431605339050293
▁hint	-11.431841850280762
▁nazi	-11.432772636413574
▁taxi	-11.432825088500977
▁magnitude	-11.433158874511719
▁financing	-11.433159828186035
▁devoted	-11.43337631225586
▁remind	-11.433722496032715
▁counted	-11.433859825134277
▁stored	-11.4340181350708
▁strongest	-11.434039115905762
▁studios	-11.434269905090332
▁plug	-11.434544563293457
▁rhythm	-11.434845924377441
▁sounded	-11.435132026672363
▁echo	-11.435370445251465
▁cur	-11.435731887817383
▁230	-11.436366081237793
▁demonstrate	-11.436467170715332
▁yield	-11.436707496643066
▁indicates	-11.436845779418945
▁uni	-11.436885833740234
▁lid	-11.436936378479004
▁designs	-11.437211036682129
▁perth	-11.437463760375977
▁cage	-11.437469482421875
▁profound	-11.437492370605469
▁favourites	-11.437517166137695
▁miracle	-11.437993049621582
▁statewide	-11.438207626342773
▁revenues	-11.43868637084961
▁balanced	-11.438834190368652
▁container	-11.439141273498535
nes	-11.439444541931152
74	-11.439445495605469
▁bu	-11.439998626708984
▁gin	-11.44025993347168
ky	-11.440585136413574
▁riders	-11.44131851196289
lis	-11.44158935546875
▁singles	-11.441725730895996
▁alternatives	-11.441821098327637
▁extending	-11.442132949829102
▁intellectual	-11.442339897155762
▁immense	-11.442346572875977
▁lincoln	-11.442840576171875
▁ugly	-11.442848205566406
▁charities	-11.442858695983887
▁franklin	-11.44296646118164
▁burnley	-11.442970275878906
▁fortunately	-11.443330764770508
▁tucker	-11.443334579467773
▁marking	-11.4434232711792
▁purposes	-11.444082260131836
▁intend	-11.44412612915039
▁persons	-11.444156646728516
▁customs	-11.444398880004883
cal	-11.444618225097656
▁rewards	-11.444757461547852
ens	-11.444960594177246
▁embraced	-11.444990158081055
kov	-11.445972442626953
▁guided	-11.446117401123047
▁devils	-11.446231842041016
▁lacking	-11.446242332458496
▁delight	-11.446945190429688
▁croatia	-11.447115898132324
▁dignity	-11.447722434997559
▁forensic	-11.447723388671875
▁cocaine	-11.44774055480957
▁walsh	-11.447917938232422
▁tra	-11.447970390319824
ata	-11.448026657104492
▁bri	-11.448108673095703
▁artistic	-11.448185920715332
▁davidson	-11.448567390441895
▁wooden	-11.448578834533691
▁aiming	-11.448616981506348
▁ly	-11.44865894317627
▁hyper	-11.449542999267578
hill	-11.450529098510742
▁tables	-11.450592041015625
▁receiver	-11.450784683227539
▁errors	-11.45118522644043
▁wo	-11.4514741897583
▁carrier	-11.451486587524414
ida	-11.451681137084961
▁traders	-11.451977729797363
▁profession	-11.452392578125
▁simpson	-11.452624320983887
▁brent	-11.452641487121582
▁expense	-11.452641487121582
▁bout	-11.452733993530273
▁ep	-11.453107833862305
▁boxer	-11.453402519226074
▁ur	-11.453590393066406
▁nationally	-11.45435905456543
72	-11.454418182373047
▁leo	-11.454625129699707
73	-11.454916000366211
▁aj	-11.455096244812012
ble	-11.456377029418945
▁lover	-11.456399917602539
▁complications	-11.456624031066895
▁bal	-11.456924438476562
▁monarch	-11.457011222839355
▁adequate	-11.457052230834961
▁cooked	-11.457371711730957
▁fantasy	-11.457551002502441
▁genocide	-11.457551002502441
▁underneath	-11.457551002502441
▁colonial	-11.457559585571289
▁mobility	-11.457568168640137
▁ripped	-11.457585334777832
▁gunners	-11.457602500915527
▁pays	-11.457664489746094
▁bayern	-11.457697868347168
▁gesture	-11.457857131958008
▁levy	-11.457860946655273
▁hence	-11.457987785339355
▁hook	-11.458040237426758
bridge	-11.458148002624512
▁teens	-11.458174705505371
pl	-11.458318710327148
▁williamson	-11.458659172058105
▁fried	-11.458778381347656
▁fits	-11.459126472473145
▁gaining	-11.45916748046875
▁publishing	-11.45930004119873
▁disappear	-11.459717750549316
▁id	-11.459872245788574
▁dismiss	-11.461226463317871
▁ratio	-11.461268424987793
▁scots	-11.461578369140625
▁accounting	-11.46162223815918
▁pockets	-11.46190071105957
▁fortunate	-11.462004661560059
▁cottage	-11.462501525878906
▁vacuum	-11.462501525878906
▁accompany	-11.462502479553223
▁kerala	-11.46251106262207
▁slavery	-11.462543487548828
▁julia	-11.462591171264648
▁obsessed	-11.462626457214355
▁spider	-11.462677955627441
▁refer	-11.463221549987793
▁posing	-11.463541030883789
▁imagined	-11.463546752929688
▁shooter	-11.463568687438965
▁prompting	-11.46373176574707
▁recruit	-11.464871406555176
▁thunder	-11.46505355834961
wo	-11.465226173400879
tel	-11.465353012084961
93	-11.465599060058594
▁processed	-11.466123580932617
▁fur	-11.466235160827637
▁masked	-11.466448783874512
▁lone	-11.466460227966309
▁touchdowns	-11.466473579406738
▁argues	-11.466714859008789
▁cycling	-11.467475891113281
▁enemies	-11.467475891113281
▁enthusiasm	-11.467475891113281
▁fabulous	-11.467475891113281
▁straightforward	-11.467475891113281
▁leisure	-11.467476844787598
▁playstation	-11.467476844787598
▁earliest	-11.467489242553711
▁kenny	-11.467528343200684
▁competitors	-11.467551231384277
▁silly	-11.467796325683594
▁perceived	-11.46786880493164
▁relieved	-11.467905044555664
▁glenn	-11.468391418457031
▁kam	-11.468615531921387
58	-11.468616485595703
▁1986	-11.468616485595703
▁lightly	-11.468671798706055
▁char	-11.46963882446289
▁wished	-11.469675064086914
▁bowler	-11.469728469848633
▁thur	-11.469953536987305
▁electrical	-11.47005844116211
▁nationals	-11.470439910888672
len	-11.470440864562988
▁threaten	-11.471314430236816
▁tee	-11.471476554870605
▁lands	-11.47176742553711
▁muslims	-11.471966743469238
▁torn	-11.47213077545166
▁chairs	-11.472274780273438
▁conventional	-11.47236156463623
▁gal	-11.472416877746582
▁arguably	-11.4724760055542
▁delegation	-11.4724760055542
▁architecture	-11.47248649597168
▁offshore	-11.47257137298584
▁beast	-11.472634315490723
▁fitting	-11.472644805908203
▁freak	-11.472744941711426
▁lonely	-11.472975730895996
ima	-11.473587989807129
▁sel	-11.473709106445312
▁ears	-11.473751068115234
▁wade	-11.474384307861328
rick	-11.474990844726562
▁cave	-11.475053787231445
eg	-11.47522258758545
▁pine	-11.475329399108887
▁splash	-11.475814819335938
▁sake	-11.475876808166504
▁corporations	-11.475886344909668
▁brit	-11.476078033447266
▁shade	-11.476195335388184
mes	-11.476750373840332
▁bla	-11.477168083190918
▁eastenders	-11.47750186920166
▁rubber	-11.477520942687988
▁guilt	-11.477743148803711
▁emphasized	-11.477892875671387
rely	-11.478109359741211
▁risky	-11.478227615356445
▁lighting	-11.478436470031738
▁89	-11.478732109069824
▁vol	-11.478824615478516
▁trap	-11.478837966918945
▁halted	-11.479004859924316
av	-11.479521751403809
▁distress	-11.479791641235352
▁searched	-11.479890823364258
▁relat	-11.480627059936523
▁dare	-11.480770111083984
▁notion	-11.48114013671875
▁leon	-11.481494903564453
▁agreements	-11.481964111328125
mos	-11.482100486755371
▁sheer	-11.482125282287598
▁oppose	-11.482147216796875
▁fog	-11.482330322265625
eur	-11.482357025146484
can	-11.482450485229492
responsibilities	-11.482551574707031
▁tribunal	-11.482551574707031
▁deployment	-11.48261547088623
ash	-11.482686042785645
94	-11.4827880859375
▁stranded	-11.48309326171875
▁ecosystem	-11.483138084411621
▁shine	-11.483138084411621
cr	-11.483177185058594
ix	-11.483181953430176
▁robertson	-11.483237266540527
▁holders	-11.483263969421387
▁barred	-11.483646392822266
rate	-11.483672142028809
bs	-11.484042167663574
51	-11.484159469604492
▁nest	-11.48452091217041
▁poorly	-11.485893249511719
▁boards	-11.486166000366211
▁pale	-11.486258506774902
▁shane	-11.486961364746094
▁abu	-11.487030982971191
▁hail	-11.487077713012695
▁listened	-11.487081527709961
▁showcase	-11.487393379211426
▁harvard	-11.487627983093262
▁humour	-11.487639427185059
▁rainbow	-11.48764419555664
▁richmond	-11.487664222717285
▁knot	-11.487682342529297
tv	-11.487712860107422
▁confessed	-11.48787784576416
▁penn	-11.487991333007812
▁integrated	-11.488077163696289
▁bite	-11.488567352294922
▁imports	-11.48862361907959
▁quad	-11.488642692565918
▁lawn	-11.488914489746094
57	-11.489067077636719
▁leap	-11.489299774169922
bb	-11.490524291992188
87	-11.491060256958008
end	-11.491677284240723
▁wu	-11.491742134094238
▁pressures	-11.491844177246094
▁reviewing	-11.491936683654785
▁flick	-11.49199104309082
▁stole	-11.492305755615234
▁rises	-11.492419242858887
▁dangers	-11.49255657196045
▁advisers	-11.49256420135498
ical	-11.492607116699219
▁casualties	-11.492741584777832
▁footprint	-11.492746353149414
▁ferry	-11.492796897888184
▁philippines	-11.492897987365723
▁ads	-11.494176864624023
92	-11.494207382202148
▁clare	-11.494209289550781
▁slowed	-11.494318962097168
▁schemes	-11.494549751281738
▁exam	-11.495254516601562
▁ou	-11.495268821716309
▁riots	-11.495318412780762
▁magical	-11.496389389038086
▁seeks	-11.496661186218262
▁albe	-11.496742248535156
▁restart	-11.496888160705566
▁businessman	-11.4972505569458
▁alike	-11.49727725982666
▁firmly	-11.497294425964355
▁aunt	-11.497732162475586
▁orlando	-11.4978609085083
▁mortality	-11.497875213623047
▁genius	-11.497879028320312
▁persistent	-11.497888565063477
▁stack	-11.497965812683105
▁embarrassing	-11.498079299926758
▁math	-11.498320579528809
▁chin	-11.498417854309082
▁casino	-11.498723030090332
▁predecessor	-11.498748779296875
▁bass	-11.498773574829102
▁chile	-11.498780250549316
62	-11.498993873596191
bank	-11.49928092956543
▁costa	-11.49940299987793
▁fuller	-11.500365257263184
ign	-11.500907897949219
▁newspapers	-11.501497268676758
05	-11.501635551452637
▁torture	-11.501813888549805
▁viewer	-11.50258731842041
01	-11.502689361572266
▁quote	-11.502888679504395
▁certification	-11.503012657165527
▁hampshire	-11.503012657165527
▁logistics	-11.503012657165527
▁citizenship	-11.503035545349121
▁dragged	-11.50304889678955
▁duck	-11.503155708312988
▁lens	-11.503196716308594
▁donation	-11.503395080566406
▁hd	-11.503793716430664
▁grandparents	-11.503998756408691
▁enterprise	-11.504029273986816
▁injection	-11.504034042358398
▁pads	-11.504592895507812
▁bother	-11.504938125610352
▁chan	-11.505130767822266
▁herd	-11.505191802978516
té	-11.505369186401367
tar	-11.505552291870117
▁agrees	-11.50588607788086
▁raises	-11.507868766784668
▁hawaii	-11.508064270019531
▁authentic	-11.50806713104248
▁accommodate	-11.508193969726562
▁happily	-11.508194923400879
▁caroline	-11.508240699768066
▁fifa	-11.508272171020508
▁bobby	-11.508380889892578
▁introducing	-11.50843620300293
uff	-11.508585929870605
▁leaf	-11.508620262145996
▁05	-11.508633613586426
▁mainland	-11.508746147155762
▁executed	-11.508834838867188
rat	-11.5088472366333
▁pierre	-11.508940696716309
▁violated	-11.509140014648438
▁basket	-11.509272575378418
▁poster	-11.509547233581543
▁accelerated	-11.50957202911377
▁mai	-11.509735107421875
▁holder	-11.509782791137695
▁weighed	-11.510047912597656
▁scare	-11.51034927368164
▁confront	-11.510514259338379
▁projected	-11.51072883605957
▁militants	-11.51140022277832
▁beans	-11.51206111907959
▁mentor	-11.51211166381836
cer	-11.512237548828125
▁abandon	-11.512272834777832
dr	-11.512276649475098
▁mus	-11.51288890838623
▁dirt	-11.512914657592773
▁guitar	-11.513311386108398
▁confrontation	-11.51335334777832
▁achieving	-11.513402938842773
▁criteria	-11.513402938842773
▁kidnapping	-11.513408660888672
▁mosque	-11.513415336608887
▁distant	-11.513418197631836
▁feat	-11.513580322265625
▁spirits	-11.513813018798828
▁reunited	-11.513983726501465
▁arch	-11.513991355895996
▁cliff	-11.514324188232422
▁lyon	-11.514420509338379
▁cargo	-11.5144681930542
▁rbi	-11.515107154846191
▁robot	-11.515342712402344
▁raid	-11.515449523925781
let	-11.515522956848145
▁dancer	-11.515891075134277
▁bun	-11.516291618347168
▁chu	-11.516501426696777
▁airports	-11.517102241516113
▁whereas	-11.517642974853516
▁noting	-11.518121719360352
▁shirts	-11.518401145935059
▁signals	-11.518451690673828
▁samuel	-11.518580436706543
▁placing	-11.518638610839844
▁database	-11.51871395111084
▁archie	-11.518736839294434
▁kidney	-11.518744468688965
▁mor	-11.518765449523926
▁pic	-11.51909351348877
▁1987	-11.5192289352417
▁barry	-11.519620895385742
▁origins	-11.519786834716797
▁snake	-11.51995849609375
▁directions	-11.520119667053223
▁ren	-11.520259857177734
dan	-11.520720481872559
▁eliminated	-11.520726203918457
▁ranch	-11.521058082580566
▁attendees	-11.521223068237305
din	-11.521458625793457
▁indians	-11.521512031555176
use	-11.521964073181152
▁cm	-11.5228853225708
▁thirds	-11.52291488647461
▁shield	-11.52364444732666
▁fragile	-11.523900985717773
▁monetary	-11.52391529083252
82	-11.523923873901367
▁idaho	-11.523923873901367
▁batteries	-11.523944854736328
▁riley	-11.5239839553833
▁factories	-11.524075508117676
▁norm	-11.524286270141602
▁tense	-11.524312019348145
▁deliberately	-11.524358749389648
▁fails	-11.524508476257324
▁cuban	-11.524673461914062
▁gown	-11.524715423583984
fl	-11.524991035461426
▁ces	-11.525452613830566
▁assessed	-11.525643348693848
▁carrie	-11.525859832763672
▁forth	-11.526449203491211
mat	-11.52653980255127
▁focuses	-11.527116775512695
▁leverage	-11.527265548706055
▁wings	-11.527462005615234
▁nominations	-11.527706146240234
▁mounting	-11.527932167053223
▁techniques	-11.528020858764648
▁observe	-11.528127670288086
▁180	-11.528312683105469
▁pla	-11.52862548828125
▁spiritual	-11.52864933013916
▁corrupt	-11.529151916503906
▁compassion	-11.52918815612793
▁exploration	-11.529191970825195
▁gambling	-11.529191970825195
▁imminent	-11.529191970825195
▁munich	-11.529207229614258
▁stint	-11.52921199798584
▁assignment	-11.529216766357422
▁rocks	-11.529437065124512
▁batter	-11.529560089111328
oni	-11.529817581176758
▁dick	-11.530200958251953
▁slot	-11.530939102172852
▁zones	-11.531327247619629
▁colors	-11.531426429748535
▁illegally	-11.531571388244629
▁ein	-11.532267570495605
▁slide	-11.532382011413574
▁mph	-11.53266429901123
▁humble	-11.53331184387207
▁raped	-11.53363037109375
▁kilometers	-11.533831596374512
▁paintings	-11.53387451171875
▁pitt	-11.533937454223633
▁pra	-11.534139633178711
▁bikini	-11.53451156616211
▁completing	-11.53451156616211
▁constituency	-11.53451156616211
▁releasing	-11.53451156616211
▁asleep	-11.534513473510742
▁resistant	-11.534550666809082
▁tomatoes	-11.534628868103027
▁acceptance	-11.534651756286621
▁paired	-11.534688949584961
▁assigned	-11.53475570678711
▁aboard	-11.534815788269043
▁ruth	-11.534960746765137
ters	-11.535001754760742
▁bleeding	-11.53504467010498
▁lists	-11.535076141357422
▁1979	-11.535240173339844
ien	-11.535707473754883
▁freshman	-11.535747528076172
▁broadly	-11.535994529724121
▁carr	-11.536086082458496
▁perception	-11.536147117614746
▁admission	-11.53624153137207
▁interaction	-11.536267280578613
▁fleeing	-11.536425590515137
ought	-11.536469459533691
dar	-11.53679370880127
▁tre	-11.536943435668945
die	-11.537118911743164
▁cure	-11.537189483642578
nc	-11.537914276123047
▁delivers	-11.537918090820312
oli	-11.538154602050781
▁salmon	-11.538655281066895
▁doubts	-11.539336204528809
▁maps	-11.539576530456543
▁sandwich	-11.53962230682373
▁orchestra	-11.539823532104492
▁compelling	-11.539870262145996
▁sexy	-11.539901733398438
▁saints	-11.54006576538086
▁reserves	-11.540106773376465
▁louise	-11.540138244628906
▁1982	-11.540462493896484
▁blessed	-11.540780067443848
▁swor	-11.541086196899414
▁boring	-11.541308403015137
▁fisher	-11.541740417480469
43	-11.542140007019043
ona	-11.542242050170898
▁floods	-11.542274475097656
▁sheets	-11.5423583984375
▁famously	-11.542458534240723
▁obtain	-11.54247760772705
▁kha	-11.542585372924805
▁entrepreneur	-11.544404983520508
▁110	-11.544483184814453
▁pile	-11.545191764831543
61	-11.545199394226074
▁connecticut	-11.545235633850098
▁purchasing	-11.545235633850098
▁swedish	-11.545235633850098
▁throat	-11.545235633850098
▁stripped	-11.545276641845703
▁oakland	-11.54527759552002
▁hostile	-11.545369148254395
bra	-11.54548168182373
▁thriller	-11.545875549316406
06	-11.546051025390625
star	-11.546257972717285
▁cinemas	-11.546527862548828
▁enforced	-11.546881675720215
▁occurs	-11.547062873840332
▁tattoo	-11.54714584350586
▁congressman	-11.547223091125488
▁contestants	-11.54739761352539
▁lovers	-11.547603607177734
▁treaty	-11.547616004943848
▁beside	-11.547680854797363
▁grain	-11.54874324798584
▁secur	-11.548873901367188
▁chic	-11.549315452575684
▁ul	-11.549408912658691
▁input	-11.550239562988281
▁nicholas	-11.550641059875488
▁paramount	-11.550650596618652
▁dried	-11.550785064697266
ify	-11.550934791564941
▁recipients	-11.55126667022705
king	-11.551753044128418
▁bryan	-11.55197811126709
▁dive	-11.552112579345703
▁searches	-11.55244255065918
▁kon	-11.553224563598633
56	-11.553377151489258
▁hedge	-11.554302215576172
▁reserved	-11.554309844970703
▁keeper	-11.554465293884277
▁ec	-11.555133819580078
▁barr	-11.555758476257324
▁translate	-11.55576229095459
▁zimbabwe	-11.555789947509766
▁sections	-11.555841445922852
▁tasks	-11.5558443069458
▁julian	-11.55605411529541
▁voluntary	-11.556075096130371
▁mercury	-11.556077003479004
▁unified	-11.556193351745605
▁precisely	-11.556490898132324
▁hello	-11.55665397644043
box	-11.55679702758789
ute	-11.556880950927734
▁1950	-11.557066917419434
▁richards	-11.557084083557129
▁confronted	-11.55720043182373
▁rays	-11.557510375976562
adi	-11.557662963867188
▁gu	-11.55777359008789
▁economics	-11.557792663574219
esh	-11.558067321777344
▁hor	-11.558121681213379
gue	-11.558258056640625
▁subjects	-11.558398246765137
▁heated	-11.558478355407715
▁beard	-11.55921459197998
▁chemicals	-11.55935001373291
▁mas	-11.55976390838623
▁meter	-11.55993366241455
▁ol	-11.560047149658203
▁connecting	-11.560132026672363
▁rider	-11.560185432434082
▁developer	-11.560415267944336
▁hood	-11.56047534942627
▁om	-11.56057071685791
▁alter	-11.560588836669922
▁loads	-11.561055183410645
▁influenced	-11.561066627502441
lb	-11.5612211227417
▁believing	-11.561539649963379
▁imposing	-11.561539649963379
▁whit	-11.561540603637695
▁ladies	-11.561598777770996
▁camping	-11.561667442321777
▁harbour	-11.5619478225708
▁berry	-11.562112808227539
fully	-11.563399314880371
▁plague	-11.56351375579834
02	-11.56375789642334
▁motive	-11.563817024230957
▁suggestions	-11.56408977508545
▁whip	-11.564149856567383
▁forests	-11.564875602722168
▁accordingly	-11.564888954162598
▁beautifully	-11.56534194946289
▁defenders	-11.565478324890137
▁cab	-11.56594181060791
▁courses	-11.566506385803223
▁conte	-11.566863059997559
▁observers	-11.566877365112305
▁automatic	-11.567034721374512
▁shanghai	-11.567035675048828
▁nashville	-11.567049026489258
▁declining	-11.567052841186523
▁jerry	-11.567056655883789
▁productivity	-11.567056655883789
▁flour	-11.567063331604004
▁undoubtedly	-11.567079544067383
▁certified	-11.56709098815918
▁eagles	-11.567129135131836
▁keith	-11.567158699035645
▁branches	-11.567513465881348
▁switching	-11.567614555358887
▁accomplished	-11.567671775817871
▁costly	-11.568839073181152
▁carol	-11.568879127502441
▁tons	-11.568977355957031
▁rt	-11.569063186645508
▁ob	-11.56916332244873
zz	-11.569231033325195
▁1983	-11.569344520568848
▁disrupt	-11.569737434387207
▁boarding	-11.570330619812012
▁sharks	-11.5709810256958
▁kra	-11.571133613586426
▁stan	-11.571250915527344
▁limitations	-11.571449279785156
▁jews	-11.571664810180664
burn	-11.572259902954102
▁wang	-11.572447776794434
▁completion	-11.572559356689453
▁fascinating	-11.572559356689453
▁creek	-11.57258415222168
▁respiratory	-11.572608947753906
▁robbery	-11.572620391845703
▁priest	-11.572653770446777
▁pump	-11.572898864746094
nce	-11.573042869567871
▁111	-11.573182106018066
▁arranged	-11.57331657409668
▁casting	-11.573480606079102
▁1200	-11.573497772216797
▁heaven	-11.57369613647461
gy	-11.573755264282227
▁rings	-11.574254989624023
tta	-11.574739456176758
▁mixing	-11.574819564819336
▁folk	-11.57486629486084
▁grammy	-11.575063705444336
▁gala	-11.575089454650879
▁nerve	-11.57512092590332
▁owen	-11.575840950012207
▁careers	-11.575940132141113
▁staged	-11.576286315917969
▁glow	-11.57684326171875
eau	-11.577156066894531
▁blunt	-11.577620506286621
ole	-11.577661514282227
▁conversion	-11.57811450958252
▁elaborate	-11.57811450958252
▁pursuing	-11.57811450958252
▁vintage	-11.57811450958252
▁replies	-11.578116416931152
▁memorable	-11.578118324279785
▁rotation	-11.578200340270996
▁freeze	-11.578253746032715
▁danish	-11.578323364257812
ons	-11.578426361083984
▁forecasts	-11.578866958618164
▁floating	-11.579368591308594
ties	-11.579573631286621
▁pants	-11.579618453979492
▁technically	-11.57976245880127
▁sealed	-11.579813003540039
▁dev	-11.579985618591309
▁pearl	-11.580046653747559
ica	-11.580538749694824
▁cancellation	-11.580785751342773
▁nar	-11.580793380737305
▁survivor	-11.58083724975586
▁rolls	-11.581130027770996
ome	-11.581305503845215
▁gaps	-11.581841468811035
$	-11.582626342773438
ila	-11.582763671875
▁victor	-11.582972526550293
▁sensational	-11.583100318908691
stein	-11.583169937133789
▁mysterious	-11.583200454711914
▁census	-11.583701133728027
▁literature	-11.583701133728027
▁simultaneously	-11.583786964416504
une	-11.584554672241211
▁presentation	-11.58478832244873
▁suburbs	-11.585148811340332
▁compound	-11.58556079864502
▁cu	-11.585651397705078
▁tel	-11.585759162902832
▁traveled	-11.58598518371582
▁leaning	-11.586336135864258
▁vitamin	-11.586474418640137
yo	-11.586668968200684
▁arc	-11.587182998657227
lic	-11.588047981262207
ice	-11.588335037231445
▁bulk	-11.588869094848633
▁pitcher	-11.588947296142578
▁pill	-11.589256286621094
▁amnesty	-11.589319229125977
▁portuguese	-11.589319229125977
▁rebecca	-11.589319229125977
▁classified	-11.589390754699707
▁blew	-11.589673042297363
▁newborn	-11.590168952941895
▁ashes	-11.590174674987793
▁creators	-11.590779304504395
ero	-11.590895652770996
▁advisor	-11.59160327911377
▁freely	-11.591656684875488
▁immigrant	-11.592278480529785
▁kits	-11.592382431030273
54	-11.592546463012695
ua	-11.592671394348145
▁lining	-11.592674255371094
▁rb	-11.592697143554688
▁poses	-11.593057632446289
vec	-11.593229293823242
▁bend	-11.594098091125488
▁pilots	-11.594156265258789
▁lang	-11.594164848327637
▁bachelor	-11.594955444335938
▁sequel	-11.594968795776367
▁contributing	-11.594970703125
▁beneficial	-11.594976425170898
▁consistency	-11.594976425170898
▁terrace	-11.594995498657227
▁collar	-11.594999313354492
▁deceased	-11.595019340515137
▁offset	-11.595330238342285
cy	-11.595412254333496
▁devon	-11.595508575439453
▁1981	-11.595558166503906
▁hindu	-11.595613479614258
▁commentary	-11.595653533935547
▁hr	-11.595952033996582
▁photography	-11.59597396850586
▁elliott	-11.596404075622559
81	-11.596574783325195
▁addresses	-11.597281455993652
▁€	-11.597550392150879
▁soup	-11.597674369812012
ack	-11.597868919372559
▁caps	-11.597990036010742
▁remembers	-11.59814167022705
▁manufacturer	-11.598248481750488
▁merit	-11.598337173461914
▁prayer	-11.598638534545898
▁overlook	-11.599577903747559
▁texture	-11.599712371826172
fr	-11.60013198852539
uch	-11.600140571594238
▁aesthetic	-11.600615501403809
▁averaging	-11.600650787353516
▁fundraising	-11.600650787353516
▁delicate	-11.600651741027832
▁tolerance	-11.600654602050781
▁emmy	-11.600702285766602
▁endorsed	-11.60107421875
▁donor	-11.60120964050293
▁solely	-11.601334571838379
▁entertaining	-11.601434707641602
lia	-11.601706504821777
▁neighbourhood	-11.603771209716797
▁weighing	-11.603830337524414
▁pep	-11.60427188873291
▁ven	-11.604296684265137
▁interactions	-11.60452938079834
pin	-11.604618072509766
▁alien	-11.604869842529297
▁nets	-11.605265617370605
▁wool	-11.605277061462402
▁uganda	-11.605761528015137
▁hilarious	-11.605864524841309
▁deliberate	-11.60586929321289
▁telephone	-11.60641098022461
▁loyalty	-11.606437683105469
▁mills	-11.60649585723877
▁tamil	-11.606616973876953
▁lethal	-11.60667896270752
▁withdrawn	-11.6072359085083
▁1985	-11.607245445251465
▁educated	-11.607251167297363
▁emphasis	-11.607441902160645
▁expressing	-11.607654571533203
▁adapted	-11.608504295349121
▁supplement	-11.609482765197754
▁cluster	-11.60965633392334
kan	-11.610031127929688
▁campaigning	-11.610735893249512
▁rang	-11.611109733581543
▁corps	-11.611326217651367
▁reflecting	-11.611468315124512
▁colombia	-11.61151123046875
▁sn	-11.611556053161621
▁respective	-11.611714363098145
ili	-11.61201286315918
▁territories	-11.612112045288086
▁underwent	-11.612112998962402
▁afterward	-11.612406730651855
▁organ	-11.612890243530273
▁identifying	-11.613032341003418
▁roe	-11.61325740814209
▁portal	-11.613262176513672
▁islam	-11.61327838897705
▁bombing	-11.613664627075195
▁superb	-11.613961219787598
▁flown	-11.614180564880371
▁sentences	-11.614742279052734
▁enabled	-11.615344047546387
▁contestant	-11.615684509277344
▁particles	-11.615878105163574
▁rounded	-11.616050720214844
▁websites	-11.616331100463867
▁tracked	-11.61658000946045
▁leonard	-11.616744041442871
▁sox	-11.616766929626465
▁acute	-11.617420196533203
▁tur	-11.617749214172363
▁kapoor	-11.61789321899414
▁surviving	-11.61789321899414
▁wisdom	-11.61789608001709
▁confusing	-11.617897033691406
▁trevor	-11.617916107177734
▁monica	-11.617934226989746
▁wrist	-11.618188858032227
▁furthermore	-11.61827278137207
och	-11.619428634643555
▁seeded	-11.620344161987305
▁washed	-11.620348930358887
▁fran	-11.620601654052734
▁extract	-11.621345520019531
▁athletics	-11.621379852294922
down	-11.621679306030273
▁pod	-11.621881484985352
▁lacked	-11.622117042541504
▁tha	-11.622276306152344
▁fixtures	-11.622305870056152
▁kirk	-11.622385025024414
▁evacuate	-11.622506141662598
▁behave	-11.622523307800293
▁kris	-11.62257194519043
lar	-11.62258529663086
▁lion	-11.623064994812012
▁pinch	-11.623587608337402
▁creativity	-11.623706817626953
▁eligibility	-11.623706817626953
▁committing	-11.6237211227417
▁tribal	-11.6237211227417
▁montana	-11.623862266540527
▁bruno	-11.623866081237793
▁nas	-11.623930931091309
▁middleton	-11.624678611755371
long	-11.625277519226074
las	-11.625350952148438
▁rust	-11.625815391540527
▁harvest	-11.626779556274414
▁comprise	-11.627259254455566
▁watches	-11.627429962158203
71	-11.627555847167969
▁collecting	-11.62757682800293
▁dragon	-11.627822875976562
▁cease	-11.628355026245117
▁median	-11.628418922424316
59	-11.628705024719238
▁catherine	-11.629554748535156
▁cincinnati	-11.629554748535156
▁sympathy	-11.629555702209473
ré	-11.629610061645508
▁wireless	-11.629657745361328
▁grandson	-11.630105018615723
▁excluded	-11.63032054901123
▁deaf	-11.630492210388184
▁lil	-11.631181716918945
▁correctly	-11.63134765625
▁experiments	-11.631837844848633
▁lungs	-11.632438659667969
▁destroying	-11.632468223571777
03	-11.63304328918457
▁bishop	-11.63339614868164
▁commenting	-11.633529663085938
cc	-11.633634567260742
▁prohibit	-11.635419845581055
▁companion	-11.635424613952637
▁animated	-11.63543701171875
▁postseason	-11.63543701171875
▁utility	-11.63543701171875
▁withdrew	-11.63543701171875
▁martial	-11.635437965393066
▁steadily	-11.635440826416016
▁severity	-11.635457992553711
▁recession	-11.635462760925293
▁adrian	-11.635478973388672
▁problematic	-11.635490417480469
▁denial	-11.635504722595215
▁thoroughly	-11.635848045349121
▁ea	-11.636011123657227
▁vest	-11.636109352111816
▁edited	-11.636173248291016
▁punished	-11.63618278503418
▁02	-11.636312484741211
▁charter	-11.636356353759766
▁dresses	-11.636722564697266
relied	-11.636731147766113
▁km	-11.637443542480469
▁persist	-11.637504577636719
cast	-11.637578010559082
▁damages	-11.638202667236328
▁ph	-11.638273239135742
▁backup	-11.638715744018555
awa	-11.639248847961426
light	-11.639296531677246
▁achievements	-11.639371871948242
▁costume	-11.639555931091309
600	-11.639636039733887
hole	-11.639897346496582
▁04	-11.64022159576416
▁ioc	-11.641338348388672
▁ideology	-11.64135456085205
▁belfast	-11.641356468200684
▁hudson	-11.641371726989746
▁anthem	-11.64140796661377
▁piano	-11.64146900177002
▁exploded	-11.641928672790527
vis	-11.642542839050293
▁hometown	-11.642698287963867
▁webb	-11.6430025100708
ale	-11.643356323242188
▁bel	-11.64356803894043
▁reversed	-11.643715858459473
▁jesse	-11.643783569335938
▁midlands	-11.64421558380127
▁rooted	-11.64423656463623
▁rad	-11.644248008728027
▁mer	-11.644341468811035
▁clips	-11.644622802734375
ati	-11.644796371459961
▁usage	-11.645261764526367
▁hm	-11.645452499389648
▁tub	-11.6456880569458
▁kan	-11.645767211914062
ory	-11.646051406860352
▁constitute	-11.646121978759766
▁rebel	-11.646261215209961
ros	-11.64675235748291
sp	-11.647018432617188
▁absurd	-11.647249221801758
▁thirty	-11.647306442260742
▁federer	-11.647307395935059
▁melissa	-11.64731502532959
▁empathy	-11.647316932678223
▁cherry	-11.647350311279297
▁arctic	-11.647382736206055
▁sal	-11.647509574890137
aa	-11.647863388061523
▁disrupted	-11.648468017578125
sisting	-11.648659706115723
▁catches	-11.648701667785645
▁sweep	-11.648917198181152
▁neighborhoods	-11.649444580078125
▁pig	-11.64964771270752
▁firearms	-11.650276184082031
▁smash	-11.650321960449219
tri	-11.650571823120117
▁panels	-11.650686264038086
▁ruin	-11.650731086730957
ably	-11.650744438171387
▁computers	-11.650808334350586
▁poet	-11.651041030883789
hra	-11.651092529296875
ologist	-11.651097297668457
▁td	-11.651281356811523
maker	-11.6516695022583
chen	-11.652491569519043
▁texts	-11.652606010437012
▁malaysia	-11.652688980102539
▁adelaide	-11.653294563293457
▁possibilities	-11.653294563293457
▁reynolds	-11.653294563293457
▁wrestling	-11.653294563293457
▁identification	-11.653295516967773
▁significance	-11.653295516967773
▁norwich	-11.653306007385254
▁lounge	-11.653308868408203
▁hardware	-11.653485298156738
▁daddy	-11.653590202331543
▁barnes	-11.653600692749023
▁instructed	-11.65361213684082
mate	-11.653719902038574
und	-11.653753280639648
▁clay	-11.653847694396973
▁sensation	-11.653947830200195
▁elevated	-11.654031753540039
▁todd	-11.654126167297363
▁prone	-11.654284477233887
07	-11.654508590698242
▁rebels	-11.655017852783203
▁128	-11.655112266540527
▁105	-11.655200004577637
gra	-11.655354499816895
bl	-11.65595817565918
▁incoming	-11.656455039978027
▁mario	-11.657051086425781
▁averaged	-11.657149314880371
▁suburb	-11.657635688781738
▁digit	-11.657964706420898
val	-11.658127784729004
▁115	-11.65850830078125
▁disabilities	-11.659318923950195
▁montgomery	-11.659318923950195
▁restoration	-11.659318923950195
▁forthcoming	-11.659321784973145
▁skirt	-11.65933609008789
▁dennis	-11.659337997436523
▁revised	-11.659553527832031
▁sadness	-11.659934043884277
▁lyrics	-11.660000801086426
▁swap	-11.660380363464355
art	-11.660553932189941
▁stating	-11.660676002502441
▁comp	-11.66087818145752
▁springs	-11.661322593688965
▁preparations	-11.661498069763184
▁raced	-11.661502838134766
▁cre	-11.66161823272705
▁rankings	-11.66211223602295
war	-11.662403106689453
▁chapel	-11.662482261657715
▁install	-11.662618637084961
▁topics	-11.66272258758545
▁scar	-11.662735939025879
og	-11.662979125976562
▁credited	-11.663463592529297
▁obligation	-11.663925170898438
▁evolve	-11.664177894592285
▁graphic	-11.664264678955078
▁overhaul	-11.664290428161621
▁warns	-11.66451358795166
▁obstacles	-11.664987564086914
▁pri	-11.665128707885742
▁disastrous	-11.665379524230957
▁judiciary	-11.665379524230957
▁wheelchair	-11.665379524230957
▁eleven	-11.665395736694336
▁madison	-11.665395736694336
▁tours	-11.665441513061523
▁unrest	-11.66546630859375
▁brendan	-11.665593147277832
▁mm	-11.665691375732422
▁1972	-11.666067123413086
▁produces	-11.66655158996582
▁murders	-11.666919708251953
▁spy	-11.667391777038574
▁monitored	-11.668281555175781
▁mounted	-11.668351173400879
▁140	-11.669510841369629
▁mice	-11.669548988342285
▁poured	-11.6697359085083
ori	-11.669829368591309
▁contend	-11.669899940490723
▁pitching	-11.670061111450195
▁physician	-11.670099258422852
▁filmmaker	-11.670257568359375
▁commentator	-11.670381546020508
▁spice	-11.670443534851074
▁bloom	-11.670475959777832
▁rogers	-11.670576095581055
▁strains	-11.670866012573242
▁bug	-11.671006202697754
▁dial	-11.671174049377441
gh	-11.671248435974121
▁weakness	-11.671442985534668
▁advancing	-11.671477317810059
▁pneumonia	-11.671477317810059
▁sophisticated	-11.671477317810059
▁unhappy	-11.671477317810059
▁autonomous	-11.671480178833008
▁surreal	-11.67148208618164
▁beta	-11.671486854553223
▁knockout	-11.671528816223145
▁mtv	-11.67166805267334
▁reminds	-11.671927452087402
▁lump	-11.671952247619629
▁richardson	-11.672032356262207
▁narrowly	-11.672521591186523
shot	-11.672648429870605
▁nord	-11.673419952392578
53	-11.67345905303955
▁minded	-11.673563957214355
▁couch	-11.67388916015625
cus	-11.674384117126465
▁patriots	-11.674385070800781
med	-11.675271987915039
▁sheep	-11.676118850708008
▁correction	-11.676498413085938
▁og	-11.676502227783203
yi	-11.67651081085205
▁sting	-11.676529884338379
▁surveyed	-11.67712116241455
▁ter	-11.677546501159668
▁fifty	-11.6776123046875
▁lucrative	-11.6776123046875
▁reliance	-11.6776123046875
▁unconscious	-11.6776123046875
▁credibility	-11.677613258361816
▁fraction	-11.677613258361816
▁salaries	-11.677621841430664
▁chemistry	-11.677624702453613
▁antibody	-11.677634239196777
▁contrary	-11.677638053894043
▁fringe	-11.677650451660156
▁sunset	-11.677750587463379
▁predictable	-11.677778244018555
▁scrapped	-11.677916526794434
▁backdrop	-11.678033828735352
▁clearance	-11.678332328796387
▁corona	-11.678548812866211
▁zip	-11.67855453491211
▁dana	-11.67873764038086
▁partial	-11.678773880004883
▁fundamentally	-11.678889274597168
▁cy	-11.679006576538086
▁photographed	-11.6797513961792
▁sm	-11.680143356323242
anda	-11.680169105529785
▁gan	-11.680622100830078
▁departments	-11.680730819702148
▁scratch	-11.68077278137207
bri	-11.680925369262695
oma	-11.681098937988281
▁tube	-11.681126594543457
▁strengthening	-11.681211471557617
▁declare	-11.681390762329102
▁invite	-11.681396484375
▁warmer	-11.682145118713379
▁corners	-11.68221664428711
▁tissue	-11.682595252990723
▁mature	-11.682622909545898
▁fond	-11.682649612426758
▁administrator	-11.682657241821289
▁nominee	-11.682682991027832
▁sta	-11.683127403259277
▁grows	-11.683368682861328
▁mur	-11.683480262756348
▁bald	-11.683484077453613
del	-11.68356990814209
bro	-11.68372917175293
▁memphis	-11.683784484863281
▁abdul	-11.68378734588623
▁caucus	-11.68378734588623
▁worship	-11.683788299560547
▁duncan	-11.68379020690918
▁dairy	-11.683813095092773
▁extinction	-11.683813095092773
▁capped	-11.684211730957031
▁jackie	-11.684292793273926
▁accidentally	-11.684322357177734
▁outlined	-11.684383392333984
▁1974	-11.684514999389648
▁muscles	-11.684532165527344
rum	-11.684611320495605
▁needing	-11.684990882873535
▁consumed	-11.685020446777344
▁justified	-11.685149192810059
▁consulting	-11.685248374938965
▁battles	-11.685439109802246
par	-11.68545150756836
▁councils	-11.68637466430664
bie	-11.686623573303223
▁components	-11.68700885772705
▁rocky	-11.68741512298584
ux	-11.687707901000977
▁mul	-11.68783950805664
▁lobby	-11.687888145446777
▁appreciated	-11.687891006469727
▁presenting	-11.687958717346191
water	-11.688488006591797
nu	-11.688907623291016
▁counterpart	-11.689043998718262
mah	-11.689371109008789
▁stokes	-11.689473152160645
▁decisive	-11.689492225646973
win	-11.68958568572998
▁manages	-11.68994426727295
▁unchanged	-11.689995765686035
▁maritime	-11.6900053024292
▁hatred	-11.690041542053223
▁bearing	-11.690194129943848
ora	-11.690430641174316
▁sells	-11.690443992614746
▁compact	-11.69048023223877
▁blessing	-11.690597534179688
▁darkness	-11.690723419189453
▁performers	-11.691041946411133
▁zo	-11.691147804260254
▁stra	-11.691532135009766
▁gre	-11.691573143005371
▁countryside	-11.691585540771484
▁claire	-11.691842079162598
ations	-11.691883087158203
▁rumors	-11.69195556640625
▁oral	-11.692261695861816
▁norman	-11.692265510559082
cent	-11.692398071289062
▁neo	-11.692584991455078
▁sustain	-11.693359375
▁articles	-11.693594932556152
▁juan	-11.693755149841309
▁ethics	-11.69383716583252
anna	-11.694172859191895
▁blonde	-11.694221496582031
▁nickname	-11.695039749145508
▁sage	-11.695231437683105
lay	-11.695412635803223
▁lets	-11.696208000183105
sey	-11.696227073669434
▁demographic	-11.696246147155762
▁retiring	-11.696246147155762
▁civic	-11.696249961853027
▁admitting	-11.696261405944824
▁opposing	-11.696268081665039
▁precedent	-11.696269035339355
▁heightened	-11.696532249450684
▁copper	-11.69662094116211
▁mah	-11.696858406066895
▁marco	-11.697404861450195
▁belonging	-11.69770336151123
▁voiced	-11.69802188873291
▁vis	-11.698063850402832
▁ze	-11.698651313781738
▁crops	-11.699199676513672
▁costing	-11.699275970458984
▁fing	-11.699442863464355
▁outfits	-11.699548721313477
qu	-11.699804306030273
▁oak	-11.699882507324219
tie	-11.700018882751465
▁rec	-11.700302124023438
▁quo	-11.70035457611084
▁freed	-11.700394630432129
▁ve	-11.701042175292969
room	-11.701393127441406
▁attraction	-11.701844215393066
ath	-11.702187538146973
▁habitat	-11.702470779418945
▁arnold	-11.702535629272461
▁compulsory	-11.702535629272461
▁identical	-11.702535629272461
▁inflammation	-11.702535629272461
▁qualities	-11.702535629272461
▁samantha	-11.702535629272461
▁technological	-11.702535629272461
▁terrific	-11.702535629272461
▁volatile	-11.702535629272461
▁indictment	-11.702547073364258
▁quantum	-11.702547073364258
▁assassination	-11.7025728225708
▁cattle	-11.7025728225708
▁serial	-11.702580451965332
▁bucket	-11.70258617401123
▁editorial	-11.702638626098633
▁mlb	-11.702696800231934
cia	-11.703882217407227
▁references	-11.704484939575195
rt	-11.704689979553223
rich	-11.704916954040527
▁mir	-11.705164909362793
▁saka	-11.705218315124512
▁deer	-11.705639839172363
nal	-11.705955505371094
ito	-11.706681251525879
▁quinn	-11.706984519958496
jan	-11.707134246826172
▁meta	-11.707545280456543
▁bha	-11.707571983337402
▁expose	-11.7076997756958
▁oz	-11.707809448242188
▁fre	-11.708301544189453
▁walter	-11.708413124084473
▁colleges	-11.708510398864746
ene	-11.708695411682129
▁indianapolis	-11.708864212036133
▁nintendo	-11.708864212036133
▁diving	-11.708868980407715
▁jenkins	-11.708880424499512
▁endorsement	-11.70891284942627
▁savage	-11.708971977233887
▁manuel	-11.709431648254395
▁surpassed	-11.70946216583252
▁endangered	-11.709495544433594
▁halfway	-11.709566116333008
▁1969	-11.70969295501709
▁elvis	-11.709715843200684
zen	-11.709922790527344
▁horn	-11.710064888000488
rr	-11.71080207824707
▁lag	-11.71096420288086
▁nan	-11.711158752441406
▁bands	-11.711451530456543
▁ti	-11.711468696594238
▁myth	-11.712053298950195
▁mare	-11.712079048156738
▁existed	-11.712440490722656
agh	-11.712512969970703
▁interact	-11.713556289672852
▁possess	-11.713863372802734
xi	-11.71415901184082
▁cheek	-11.714282989501953
▁independently	-11.714567184448242
▁julie	-11.714609146118164
hen	-11.714980125427246
▁exercises	-11.714994430541992
▁renowned	-11.71523380279541
▁separation	-11.71523380279541
▁slept	-11.71523380279541
▁alzheimer	-11.715235710144043
▁flowing	-11.715240478515625
▁engines	-11.715385437011719
▁researcher	-11.715415000915527
▁pulse	-11.715429306030273
▁prix	-11.715468406677246
lle	-11.715680122375488
▁crushed	-11.716285705566406
▁kerr	-11.716288566589355
▁villain	-11.716324806213379
ls	-11.716362953186035
▁performer	-11.716412544250488
▁goldman	-11.71683406829834
▁tenants	-11.717172622680664
▁printed	-11.717312812805176
wick	-11.717466354370117
▁disputes	-11.717992782592773
▁reaches	-11.71806526184082
▁coral	-11.71833610534668
vers	-11.718403816223145
▁bust	-11.719908714294434
▁margins	-11.720142364501953
▁intervene	-11.720441818237305
▁distribute	-11.720458984375
cl	-11.720702171325684
▁roth	-11.720863342285156
▁ana	-11.720965385437012
▁troubled	-11.720970153808594
▁kal	-11.720986366271973
▁architect	-11.721206665039062
▁cartoon	-11.72131061553955
▁incumbent	-11.721644401550293
▁linebacker	-11.721644401550293
▁diplomacy	-11.721646308898926
▁andrea	-11.72165584564209
▁tai	-11.72166919708252
▁gm	-11.721747398376465
▁laughter	-11.721843719482422
▁naval	-11.721906661987305
▁induced	-11.722034454345703
▁mouse	-11.722087860107422
▁1971	-11.72227954864502
▁insane	-11.722285270690918
▁weakened	-11.722290992736816
▁mug	-11.72264575958252
▁subjected	-11.72276496887207
▁prohibited	-11.722816467285156
▁sailing	-11.72292709350586
cker	-11.723160743713379
▁grande	-11.723685264587402
▁160	-11.724534034729004
uit	-11.724689483642578
tributed	-11.725004196166992
ifi	-11.725103378295898
▁suppose	-11.726896286010742
▁socialist	-11.727188110351562
▁scent	-11.727226257324219
▁upside	-11.727357864379883
▁laying	-11.727374076843262
▁rot	-11.727374076843262
▁commonly	-11.727564811706543
▁instrument	-11.727641105651855
▁ethical	-11.72771167755127
▁inspection	-11.727788925170898
▁accent	-11.727801322937012
▁contributor	-11.727849006652832
▁rumour	-11.727875709533691
▁cognitive	-11.728096008300781
▁dioxide	-11.728096008300781
▁sergeant	-11.728111267089844
▁elbow	-11.72812271118164
▁jenny	-11.728145599365234
▁minorities	-11.728145599365234
▁successive	-11.728259086608887
▁topping	-11.72835922241211
▁hayes	-11.728506088256836
▁candy	-11.72866439819336
▁mourning	-11.729255676269531
▁1975	-11.729305267333984
0	-11.729517936706543
▁palmer	-11.729992866516113
fin	-11.730661392211914
▁kh	-11.730753898620605
▁formerly	-11.730793952941895
▁silk	-11.73094654083252
▁disputed	-11.731154441833496
▁gem	-11.731614112854004
▁deploy	-11.731745719909668
▁bolt	-11.73228931427002
rc	-11.733319282531738
▁filter	-11.733373641967773
ele	-11.733469009399414
▁functioning	-11.733537673950195
▁layers	-11.733684539794922
▁notorious	-11.734090805053711
▁precise	-11.734092712402344
ef	-11.734451293945312
▁eagle	-11.734508514404297
▁champagne	-11.734589576721191
▁peninsula	-11.734589576721191
▁propaganda	-11.734589576721191
▁provincial	-11.734589576721191
▁curtis	-11.734633445739746
▁aerial	-11.73464584350586
▁labelled	-11.734692573547363
▁freezing	-11.73470401763916
▁files	-11.734979629516602
▁103	-11.735020637512207
▁portrayed	-11.735099792480469
▁prolonged	-11.735167503356934
▁crow	-11.735188484191895
▁astronauts	-11.73521614074707
▁touring	-11.7354097366333
▁lib	-11.735946655273438
yne	-11.73660659790039
▁lily	-11.73682975769043
▁beau	-11.736913681030273
lock	-11.737212181091309
▁rabbit	-11.737935066223145
▁cho	-11.738008499145508
ries	-11.738027572631836
▁grounded	-11.738075256347656
▁contractors	-11.738359451293945
▁reduces	-11.738469123840332
▁cardinals	-11.738473892211914
▁crush	-11.738478660583496
▁sic	-11.738767623901367
▁ft	-11.739243507385254
▁noah	-11.739385604858398
▁tasked	-11.739582061767578
▁gil	-11.739655494689941
▁dunn	-11.739678382873535
▁apologize	-11.739923477172852
▁stab	-11.740011215209961
▁hated	-11.740161895751953
▁libya	-11.740553855895996
app	-11.740557670593262
ill	-11.740826606750488
▁broadcasting	-11.74092960357666
▁mt	-11.74096965789795
▁lgbt	-11.741082191467285
▁majesty	-11.741125106811523
▁mediterranean	-11.741125106811523
▁unnamed	-11.741125106811523
▁vibrant	-11.741125106811523
▁unaware	-11.741135597229004
▁sacramento	-11.741140365600586
▁tongue	-11.741143226623535
▁vincent	-11.741170883178711
▁overdose	-11.741181373596191
▁barrett	-11.7412109375
▁flock	-11.741251945495605
▁copies	-11.741360664367676
▁forbes	-11.741941452026367
▁keys	-11.742271423339844
nk	-11.742705345153809
▁grades	-11.742833137512207
▁chambers	-11.743244171142578
▁barb	-11.743268966674805
ible	-11.743371963500977
▁doubles	-11.743541717529297
▁themes	-11.743983268737793
ched	-11.744317054748535
▁intentions	-11.744609832763672
▁mint	-11.744624137878418
▁yankees	-11.7447509765625
▁bats	-11.74487018585205
▁unlock	-11.745102882385254
▁knocking	-11.74563217163086
▁commissioned	-11.746133804321289
▁pulls	-11.74664306640625
▁relate	-11.747261047363281
▁qa	-11.747429847717285
▁appreciation	-11.74770450592041
▁feminist	-11.74770450592041
▁ignoring	-11.74770450592041
▁lieutenant	-11.74770450592041
▁unidentified	-11.74770450592041
▁abraham	-11.747705459594727
▁psychologist	-11.747705459594727
▁relies	-11.747708320617676
▁capsule	-11.747713088989258
▁kemp	-11.7477388381958
▁venus	-11.747811317443848
▁damn	-11.747978210449219
▁braves	-11.748186111450195
▁succession	-11.748250007629395
▁trent	-11.74846363067627
▁sponsored	-11.74862003326416
▁ker	-11.7489013671875
▁diplomat	-11.74962043762207
ob	-11.750550270080566
▁queens	-11.750692367553711
aki	-11.75095272064209
▁butler	-11.751067161560059
rian	-11.751842498779297
▁depict	-11.753084182739258
▁saga	-11.753216743469238
▁appoint	-11.753254890441895
▁bor	-11.753548622131348
▁distinct	-11.753745079040527
▁spells	-11.753997802734375
▁jade	-11.754054069519043
▁refers	-11.75417423248291
▁chen	-11.754232406616211
▁aggression	-11.754326820373535
▁belgian	-11.754326820373535
▁inadequate	-11.754326820373535
▁surgical	-11.754326820373535
▁wyoming	-11.754326820373535
▁rifle	-11.754504203796387
▁sciences	-11.754535675048828
▁elephant	-11.754599571228027
▁incentive	-11.754617691040039
▁ballet	-11.755318641662598
▁1976	-11.75533390045166
▁practically	-11.755480766296387
▁encounters	-11.755593299865723
▁evolved	-11.75564193725586
ray	-11.756063461303711
▁finn	-11.756181716918945
▁touches	-11.756402015686035
▁nike	-11.756427764892578
▁overly	-11.756940841674805
ect	-11.756957054138184
▁scorer	-11.756963729858398
▁cared	-11.757054328918457
▁ellen	-11.757203102111816
▁electronics	-11.757262229919434
▁conflicts	-11.757696151733398
▁performs	-11.757701873779297
eer	-11.75783634185791
▁sponsors	-11.757920265197754
tti	-11.75801944732666
▁absorb	-11.75821590423584
ore	-11.758800506591797
▁torres	-11.759119033813477
▁joan	-11.75927734375
▁cups	-11.759286880493164
▁genre	-11.75929069519043
▁skip	-11.759329795837402
▁fry	-11.759952545166016
▁assure	-11.759990692138672
▁pleasant	-11.76050853729248
▁volumes	-11.760600090026855
ía	-11.760725021362305
▁spill	-11.7608003616333
▁despair	-11.760993003845215
▁morocco	-11.760993003845215
▁trajectory	-11.760993003845215
▁stairs	-11.760995864868164
▁podium	-11.761006355285645
▁garland	-11.761168479919434
▁iceland	-11.76131820678711
▁suited	-11.761651039123535
dra	-11.761764526367188
▁nina	-11.761846542358398
▁languages	-11.761988639831543
▁hinted	-11.762495994567871
▁sk	-11.76283073425293
▁cord	-11.763160705566406
▁decreased	-11.763252258300781
▁cla	-11.76328182220459
▁330	-11.763298988342285
▁ag	-11.763693809509277
master	-11.763701438903809
▁encountered	-11.764001846313477
oy	-11.764668464660645
▁exceed	-11.764948844909668
hold	-11.765182495117188
▁packs	-11.765437126159668
▁cooling	-11.765714645385742
mor	-11.76581859588623
▁pastor	-11.765936851501465
mal	-11.76611042022705
card	-11.76618766784668
▁bolster	-11.766636848449707
▁justices	-11.766926765441895
bound	-11.766949653625488
▁lease	-11.767037391662598
▁steer	-11.767166137695312
▁supplied	-11.767704963684082
▁yacht	-11.76773452758789
tory	-11.767759323120117
▁finland	-11.767781257629395
▁spacecraft	-11.76781940460205
▁1800	-11.767842292785645
▁polar	-11.76789665222168
mus	-11.768142700195312
▁qualification	-11.76817512512207
▁likewise	-11.768178939819336
▁submarine	-11.76821517944336
▁slave	-11.768387794494629
▁decides	-11.76871395111084
▁apartments	-11.769274711608887
▁acquire	-11.76968765258789
▁wasted	-11.769850730895996
▁missions	-11.770303726196289
ative	-11.77033805847168
▁kos	-11.77108097076416
▁prompt	-11.771215438842773
▁dumb	-11.771761894226074
▁classrooms	-11.772028923034668
▁lateral	-11.772085189819336
▁mama	-11.772173881530762
▁relying	-11.77241039276123
osa	-11.773433685302734
▁slash	-11.773441314697266
▁serbia	-11.773887634277344
▁signatures	-11.774064064025879
▁pardon	-11.774094581604004
▁bowled	-11.774455070495605
▁accuracy	-11.77446174621582
▁activism	-11.77446174621582
▁invisible	-11.77446174621582
▁televised	-11.77446174621582
▁ventilation	-11.77446174621582
▁vogue	-11.774483680725098
▁kirby	-11.774486541748047
▁grasp	-11.774555206298828
▁consciousness	-11.77460765838623
▁rivalry	-11.774682998657227
▁oath	-11.774724960327148
▁07	-11.775270462036133
▁floors	-11.775270462036133
▁1978	-11.77535343170166
▁seated	-11.775505065917969
eu	-11.775545120239258
▁exceeded	-11.775546073913574
▁collectively	-11.77586555480957
▁instances	-11.775911331176758
▁imported	-11.776016235351562
▁surgeon	-11.776030540466309
row	-11.776037216186523
▁fueled	-11.776081085205078
▁lighter	-11.77611255645752
▁lamp	-11.776145935058594
▁rebuilding	-11.777135848999023
▁ordering	-11.777155876159668
▁locker	-11.777179718017578
act	-11.777636528015137
▁depart	-11.778718948364258
▁earl	-11.778882026672363
▁vibe	-11.778901100158691
▁chop	-11.778952598571777
▁shipments	-11.779219627380371
▁legislators	-11.77957820892334
▁spann	-11.779720306396484
▁consume	-11.780630111694336
▁doug	-11.780644416809082
▁convincing	-11.781264305114746
▁infamous	-11.781264305114746
▁vulnerability	-11.781264305114746
▁inherent	-11.781270027160645
▁venice	-11.781275749206543
▁emergence	-11.781286239624023
▁dissent	-11.781290054321289
▁replay	-11.781460762023926
▁columnist	-11.781497955322266
▁harper	-11.781618118286133
▁fitted	-11.781699180603027
▁stalled	-11.781988143920898
▁monarchy	-11.782022476196289
▁prediction	-11.782173156738281
▁1977	-11.782174110412598
▁artwork	-11.782181739807129
▁stiff	-11.782191276550293
ending	-11.782244682312012
▁judgement	-11.78225326538086
▁burnt	-11.782500267028809
oz	-11.782527923583984
▁cia	-11.783040046691895
▁sab	-11.78332805633545
▁charming	-11.783733367919922
nick	-11.783973693847656
▁gau	-11.784366607666016
▁wonders	-11.784926414489746
nor	-11.785184860229492
sley	-11.785734176635742
▁flex	-11.78587818145752
▁bash	-11.786263465881348
cap	-11.786500930786133
▁maine	-11.787474632263184
▁yan	-11.78750228881836
▁convenient	-11.787610054016113
▁dominate	-11.78776741027832
▁360	-11.78804874420166
▁armstrong	-11.788113594055176
▁columbus	-11.788113594055176
▁composite	-11.788113594055176
▁escort	-11.788113594055176
▁exotic	-11.788113594055176
▁innocence	-11.788113594055176
▁negotiating	-11.788113594055176
▁paradise	-11.788113594055176
▁philosophy	-11.788113594055176
▁stephanie	-11.788129806518555
▁eruption	-11.788154602050781
▁suburban	-11.788256645202637
▁occasional	-11.788289070129395
▁getty	-11.788370132446289
▁allocated	-11.788484573364258
▁halftime	-11.788535118103027
▁inherited	-11.788649559020996
▁basement	-11.788710594177246
aya	-11.788719177246094
▁145	-11.791756629943848
▁tooth	-11.79177188873291
▁fra	-11.791929244995117
▁informal	-11.79229736328125
▁bros	-11.792383193969727
▁acre	-11.792570114135742
▁establishing	-11.792834281921387
▁logic	-11.792895317077637
tr	-11.793396949768066
▁kilometres	-11.793855667114258
▁fare	-11.793923377990723
ela	-11.79434871673584
uz	-11.794445991516113
ente	-11.794675827026367
▁moss	-11.794706344604492
▁clearing	-11.794739723205566
▁isaac	-11.79485034942627
▁conclude	-11.794906616210938
▁blink	-11.794955253601074
▁ensemble	-11.79500961303711
▁gibson	-11.79500961303711
▁nephew	-11.79500961303711
▁unsure	-11.795016288757324
▁detection	-11.795111656188965
mas	-11.795121192932129
▁consuming	-11.79526138305664
▁explicitly	-11.795475959777832
▁edged	-11.795619010925293
▁backwards	-11.795694351196289
▁lam	-11.795723915100098
▁1967	-11.795857429504395
ration	-11.796188354492188
log	-11.796364784240723
kel	-11.796433448791504
▁banner	-11.796585083007812
▁wal	-11.79666519165039
▁zach	-11.796733856201172
▁skilled	-11.797322273254395
mark	-11.797532081604004
▁trim	-11.79754638671875
▁109	-11.797586441040039
▁whale	-11.798218727111816
▁contested	-11.798871994018555
top	-11.798932075500488
ged	-11.79920768737793
▁lied	-11.7992582321167
▁boo	-11.799819946289062
▁tribe	-11.800030708312988
▁ransom	-11.800055503845215
▁functions	-11.80068588256836
bed	-11.800790786743164
▁adverse	-11.801464080810547
▁potato	-11.801735877990723
▁genes	-11.801894187927246
▁malcolm	-11.80195426940918
▁alternate	-11.801955223083496
▁enduring	-11.801958084106445
▁rehabilitation	-11.801959037780762
▁beverly	-11.801959991455078
▁clinch	-11.801960945129395
▁issuing	-11.801992416381836
▁flagship	-11.802009582519531
▁christie	-11.802154541015625
▁merger	-11.802404403686523
▁naming	-11.802520751953125
▁charts	-11.802892684936523
▁permits	-11.802936553955078
▁feud	-11.803037643432617
etti	-11.803049087524414
▁eaten	-11.803096771240234
▁binding	-11.803175926208496
▁revelation	-11.803234100341797
▁instruction	-11.803256034851074
▁lips	-11.803677558898926
▁cubs	-11.804100036621094
▁sandy	-11.804561614990234
▁borrow	-11.805638313293457
▁watts	-11.805717468261719
▁gangs	-11.805936813354492
▁proteins	-11.806015968322754
▁pioneer	-11.806175231933594
▁mari	-11.806357383728027
▁karl	-11.806408882141113
▁06	-11.8066987991333
▁tr	-11.807099342346191
▁gifted	-11.807316780090332
▁evaluate	-11.807744026184082
▁rub	-11.807819366455078
▁hugo	-11.80790901184082
04	-11.807931900024414
▁dy	-11.80815601348877
▁experimental	-11.808197021484375
▁forgive	-11.808279991149902
▁175	-11.808334350585938
▁secrets	-11.808677673339844
▁laser	-11.808682441711426
▁dash	-11.808693885803223
▁interference	-11.808954238891602
▁rash	-11.809076309204102
▁composer	-11.809121131896973
▁kor	-11.809240341186523
▁canvas	-11.809305191040039
▁contention	-11.80933666229248
▁blowing	-11.809341430664062
▁gum	-11.809404373168945
▁canyon	-11.809906959533691
▁exhibit	-11.810256958007812
▁consequence	-11.810405731201172
▁hum	-11.810467720031738
▁supervisor	-11.810572624206543
▁shelf	-11.81093692779541
▁recruiting	-11.811315536499023
▁licensed	-11.811355590820312
lla	-11.811721801757812
▁wan	-11.811766624450684
▁cart	-11.812247276306152
▁alerted	-11.812722206115723
illa	-11.812798500061035
▁tro	-11.814648628234863
▁sticks	-11.814851760864258
▁sy	-11.814990997314453
▁volcano	-11.815165519714355
▁fist	-11.815488815307617
▁threatens	-11.815622329711914
▁curriculum	-11.81598949432373
▁inaugural	-11.81598949432373
▁magnificent	-11.81598949432373
▁envoy	-11.816009521484375
▁sovereignty	-11.816035270690918
▁genome	-11.816072463989258
▁aisle	-11.816084861755371
▁trademark	-11.81609058380127
▁refusal	-11.816340446472168
▁silicon	-11.81635570526123
▁geneva	-11.81640625
▁lifelong	-11.816658020019531
iel	-11.817041397094727
▁wiped	-11.817153930664062
▁sally	-11.817253112792969
▁scholarship	-11.817479133605957
▁pond	-11.8176851272583
▁functional	-11.818059921264648
▁nobel	-11.818203926086426
▁dies	-11.818400382995605
▁shorts	-11.819236755371094
mel	-11.819504737854004
ient	-11.819876670837402
▁mann	-11.819968223571777
▁lan	-11.820094108581543
▁consult	-11.820241928100586
iri	-11.82032299041748
▁flavor	-11.820455551147461
▁clouds	-11.820758819580078
▁plates	-11.820759773254395
▁releases	-11.820985794067383
▁holdings	-11.822108268737793
connor	-11.822178840637207
▁discharge	-11.822196960449219
▁quin	-11.822219848632812
▁thorough	-11.822589874267578
▁helm	-11.822676658630371
▁imperial	-11.823029518127441
▁dedication	-11.823086738586426
▁moisture	-11.823088645935059
▁louisville	-11.823164939880371
▁bolton	-11.8233003616333
▁rains	-11.823619842529297
▁uncovered	-11.823622703552246
▁coins	-11.823634147644043
gie	-11.823933601379395
▁coordinated	-11.823968887329102
▁lava	-11.824060440063477
▁ruined	-11.824359893798828
▁cousins	-11.824661254882812
▁th	-11.824725151062012
▁planted	-11.8253173828125
▁aka	-11.825901985168457
▁stretched	-11.826520919799805
ico	-11.827071189880371
▁rai	-11.827813148498535
ér	-11.827964782714844
das	-11.82883358001709
▁ditch	-11.828842163085938
▁servants	-11.82890796661377
▁creatures	-11.829051971435547
▁lar	-11.829216957092285
▁acc	-11.82971477508545
▁unsuccessful	-11.82972526550293
▁continuous	-11.829731941223145
▁shapes	-11.829798698425293
▁tactical	-11.829879760742188
▁eyed	-11.82990550994873
aid	-11.829964637756348
▁compliment	-11.830188751220703
▁fir	-11.830223083496094
▁evaluation	-11.830224990844727
▁bankruptcy	-11.830227851867676
▁composition	-11.830228805541992
▁lennon	-11.830228805541992
▁fraser	-11.830239295959473
▁sol	-11.83025074005127
tle	-11.830255508422852
▁nepal	-11.83026123046875
▁occurring	-11.830272674560547
▁yields	-11.830531120300293
▁sequence	-11.830788612365723
▁lt	-11.831123352050781
▁manufactured	-11.831195831298828
▁tournaments	-11.831215858459473
▁shan	-11.83145523071289
▁knees	-11.831510543823242
▁advances	-11.831564903259277
ssa	-11.831674575805664
▁benefited	-11.831713676452637
▁missiles	-11.831816673278809
▁belonged	-11.831954002380371
▁islanders	-11.831971168518066
▁03	-11.83303165435791
▁350	-11.833765983581543
▁cri	-11.833819389343262
▁raiders	-11.833951950073242
▁sometime	-11.834037780761719
aka	-11.834451675415039
air	-11.83556079864502
▁strained	-11.835693359375
▁shin	-11.835991859436035
some	-11.836047172546387
▁elephants	-11.837122917175293
▁dull	-11.837352752685547
▁advent	-11.837401390075684
▁convenience	-11.837418556213379
▁gasoline	-11.837418556213379
▁hispanic	-11.837418556213379
▁skull	-11.837419509887695
▁integration	-11.837422370910645
▁programming	-11.837457656860352
▁stern	-11.837532997131348
▁picnic	-11.837553977966309
▁quarterly	-11.837789535522461
▁calculated	-11.838058471679688
▁enjoyable	-11.838370323181152
▁1965	-11.838387489318848
▁towers	-11.83858585357666
▁badge	-11.838715553283691
▁cor	-11.83880615234375
ml	-11.839027404785156
▁obligations	-11.839150428771973
▁900	-11.839616775512695
▁burger	-11.839644432067871
▁noble	-11.839768409729004
▁ry	-11.839771270751953
▁ego	-11.839986801147461
▁complaining	-11.840014457702637
inger	-11.840910911560059
▁maya	-11.840953826904297
▁janet	-11.84112548828125
▁106	-11.841517448425293
▁dump	-11.842283248901367
▁chased	-11.842364311218262
▁drafted	-11.842455863952637
▁honored	-11.842500686645508
▁attackers	-11.842995643615723
▁vent	-11.843134880065918
eb	-11.843194961547852
point	-11.843267440795898
▁cer	-11.844195365905762
▁consoles	-11.844653129577637
▁abilities	-11.84466552734375
▁clutch	-11.84466552734375
▁concussion	-11.84466552734375
▁evolving	-11.84466552734375
▁intriguing	-11.84466552734375
▁essence	-11.844666481018066
▁biodiversity	-11.8446683883667
▁ralph	-11.844672203063965
▁toyota	-11.844674110412598
▁literary	-11.844679832458496
▁interval	-11.844710350036621
▁revolutionary	-11.844786643981934
▁billboard	-11.844922065734863
▁leigh	-11.845020294189453
▁mcc	-11.84504222869873
▁scattered	-11.845239639282227
▁beck	-11.845394134521484
▁dynamics	-11.84540843963623
▁remainder	-11.845451354980469
▁exacerbated	-11.845531463623047
▁hawks	-11.845579147338867
▁tc	-11.846720695495605
▁forming	-11.84678840637207
▁restriction	-11.846990585327148
▁accidents	-11.847057342529297
▁simone	-11.84721851348877
▁adhere	-11.847399711608887
▁sr	-11.848278045654297
▁pills	-11.848292350769043
▁devil	-11.848451614379883
▁nerves	-11.848601341247559
▁antigen	-11.8489351272583
▁condo	-11.84902572631836
▁troubles	-11.849143028259277
gal	-11.849388122558594
▁09	-11.84993839263916
▁displays	-11.850032806396484
▁nano	-11.850050926208496
▁mack	-11.850397109985352
▁provinces	-11.850556373596191
▁regulate	-11.850761413574219
ban	-11.850811958312988
▁sneak	-11.850848197937012
ose	-11.850862503051758
▁md	-11.851052284240723
▁relay	-11.851065635681152
cht	-11.851419448852539
▁circles	-11.851449012756348
▁nut	-11.851552963256836
▁premises	-11.851619720458984
▁concerts	-11.851635932922363
▁lanes	-11.851883888244629
▁contempt	-11.851964950561523
▁declaring	-11.851964950561523
▁depressed	-11.851964950561523
▁eldest	-11.851966857910156
▁canberra	-11.851975440979004
ied	-11.851977348327637
▁harbor	-11.851977348327637
▁organizing	-11.851997375488281
▁rematch	-11.851999282836914
▁interpretation	-11.852028846740723
▁decorated	-11.852310180664062
lier	-11.852681159973145
cur	-11.852819442749023
▁bou	-11.8530855178833
▁exchanged	-11.853117942810059
▁penned	-11.8535795211792
▁clause	-11.85361385345459
▁refreshing	-11.853649139404297
▁prey	-11.854301452636719
▁preference	-11.854344367980957
▁proceeds	-11.854401588439941
▁receives	-11.854715347290039
▁aux	-11.854907035827637
▁belongs	-11.854995727539062
▁wheels	-11.855142593383789
▁odi	-11.855178833007812
▁publicity	-11.85529899597168
▁08	-11.855600357055664
▁judged	-11.855751991271973
ui	-11.8560209274292
▁ste	-11.856199264526367
▁ei	-11.856746673583984
▁deter	-11.856748580932617
▁nuts	-11.8572359085083
ever	-11.857346534729004
key	-11.857394218444824
lam	-11.857513427734375
ska	-11.857643127441406
▁gh	-11.857906341552734
sel	-11.858287811279297
▁alba	-11.858577728271484
▁rwanda	-11.858715057373047
▁explicit	-11.858820915222168
▁airs	-11.858869552612305
▁romania	-11.858943939208984
▁lodge	-11.859077453613281
▁sketch	-11.859142303466797
▁dominance	-11.859317779541016
▁glorious	-11.859317779541016
▁presumably	-11.859317779541016
▁puerto	-11.859317779541016
▁telescope	-11.859317779541016
▁vienna	-11.859320640563965
▁coronation	-11.85934066772461
▁prosperity	-11.859342575073242
▁bruins	-11.859344482421875
▁hiking	-11.859349250793457
▁alpha	-11.859380722045898
▁subway	-11.859405517578125
▁gr	-11.85946273803711
▁joyce	-11.859574317932129
▁pierce	-11.859597206115723
▁instruments	-11.859611511230469
▁attitudes	-11.859768867492676
▁zoe	-11.860038757324219
▁runway	-11.860235214233398
▁overturned	-11.860594749450684
▁midst	-11.86063003540039
▁cheating	-11.860901832580566
ular	-11.861056327819824
ius	-11.861306190490723
▁restraint	-11.861747741699219
▁shu	-11.861825942993164
▁vegetable	-11.861868858337402
▁anton	-11.861939430236816
▁metre	-11.862194061279297
▁brom	-11.862310409545898
mba	-11.862518310546875
▁forty	-11.862652778625488
ug	-11.863042831420898
▁108	-11.863584518432617
▁fielder	-11.863755226135254
right	-11.864007949829102
▁semifinals	-11.86446762084961
▁sid	-11.86457633972168
▁embark	-11.865028381347656
▁dee	-11.865365028381348
ridge	-11.865589141845703
▁lynch	-11.865638732910156
▁lithuania	-11.866117477416992
▁cooler	-11.866567611694336
▁shakespeare	-11.86672592163086
▁designers	-11.866766929626465
▁domain	-11.866782188415527
▁certainty	-11.867375373840332
▁remarked	-11.867490768432617
▁lash	-11.867566108703613
▁idol	-11.867812156677246
▁marsh	-11.86842155456543
een	-11.868958473205566
aro	-11.869285583496094
▁parallel	-11.869315147399902
lich	-11.869500160217285
▁roma	-11.86955738067627
dor	-11.869600296020508
▁panthers	-11.869665145874023
▁rosen	-11.869751930236816
▁kom	-11.869952201843262
▁clashed	-11.870326042175293
▁herbert	-11.870383262634277
▁mae	-11.870442390441895
▁rd	-11.87057113647461
▁brett	-11.870735168457031
▁spec	-11.87154769897461
▁enjoys	-11.871880531311035
tha	-11.872682571411133
▁affiliate	-11.872983932495117
▁tolerate	-11.872991561889648
▁refuge	-11.873431205749512
mit	-11.873558044433594
▁founding	-11.873808860778809
▁bee	-11.874107360839844
▁magnet	-11.874126434326172
▁sovereign	-11.874139785766602
▁tat	-11.874154090881348
▁float	-11.87415885925293
▁coffin	-11.874187469482422
▁gallagher	-11.874187469482422
▁holocaust	-11.874187469482422
▁likelihood	-11.874187469482422
▁kensington	-11.874188423156738
▁gilbert	-11.874200820922852
▁bundle	-11.874213218688965
▁darling	-11.874225616455078
▁fletcher	-11.874232292175293
▁reagan	-11.874235153198242
▁willingness	-11.874683380126953
▁gaga	-11.875106811523438
▁1964	-11.875272750854492
▁113	-11.875541687011719
▁trek	-11.875542640686035
▁christ	-11.875563621520996
▁finest	-11.875782012939453
▁recruited	-11.875804901123047
▁albums	-11.875896453857422
▁brighter	-11.876179695129395
▁needle	-11.876381874084473
▁vin	-11.876895904541016
▁internally	-11.876954078674316
▁supposedly	-11.877015113830566
▁divisions	-11.877052307128906
▁militant	-11.877067565917969
▁stealing	-11.87729263305664
▁joey	-11.87778377532959
▁disorders	-11.877828598022461
ato	-11.87794303894043
ule	-11.878718376159668
kins	-11.878740310668945
▁gamers	-11.879451751708984
▁tara	-11.880095481872559
▁gul	-11.880179405212402
▁cd	-11.88061809539795
▁freeman	-11.88064956665039
ans	-11.881304740905762
▁melt	-11.881372451782227
▁hearings	-11.8815279006958
▁cloth	-11.881671905517578
▁intensified	-11.881706237792969
▁shepherd	-11.881709098815918
▁slick	-11.881776809692383
▁solicitor	-11.881789207458496
▁marketplace	-11.881804466247559
▁gregory	-11.881863594055176
▁destiny	-11.882105827331543
▁1973	-11.88257122039795
▁debuted	-11.882804870605469
pan	-11.882895469665527
▁poisoning	-11.882970809936523
▁aids	-11.882997512817383
▁oval	-11.883011817932129
▁altered	-11.883196830749512
▁outright	-11.88351058959961
▁530	-11.883532524108887
▁churches	-11.883628845214844
▁dim	-11.883926391601562
play	-11.884872436523438
▁cons	-11.88498306274414
▁outer	-11.88498306274414
▁borough	-11.885048866271973
▁curve	-11.88531494140625
▁tau	-11.885464668273926
▁positioned	-11.885558128356934
▁alleg	-11.885671615600586
▁ventures	-11.886503219604492
▁rib	-11.88719367980957
nik	-11.88762092590332
nell	-11.887681007385254
▁renew	-11.888137817382812
▁spiral	-11.889195442199707
▁landslide	-11.8892822265625
▁umpire	-11.8892822265625
▁comparable	-11.88928508758545
▁imprisonment	-11.889286994934082
▁liberation	-11.88930892944336
▁capability	-11.889358520507812
▁magnetic	-11.889376640319824
▁spinner	-11.889443397521973
▁shattered	-11.889458656311035
▁dental	-11.889472961425781
▁mvp	-11.889615058898926
▁skeptical	-11.890076637268066
▁enacted	-11.890260696411133
▁courthouse	-11.89035415649414
▁aligned	-11.89041519165039
illo	-11.890478134155273
pen	-11.890838623046875
▁persona	-11.891156196594238
▁med	-11.89123821258545
▁routinely	-11.891373634338379
▁wears	-11.891446113586426
▁chant	-11.892741203308105
▁torch	-11.893524169921875
▁rational	-11.893918991088867
ello	-11.894254684448242
▁mock	-11.894500732421875
▁rave	-11.894770622253418
are	-11.89488697052002
▁sq	-11.895066261291504
▁concentrate	-11.895718574523926
itis	-11.895729064941406
ude	-11.895769119262695
ais	-11.895890235900879
▁wy	-11.896066665649414
vy	-11.896081924438477
▁figured	-11.896190643310547
▁cork	-11.896320343017578
sion	-11.89651107788086
▁employ	-11.896860122680664
▁cathedral	-11.896915435791016
▁identities	-11.896915435791016
▁outspoken	-11.896915435791016
▁unemployed	-11.896915435791016
▁reconsider	-11.896916389465332
▁christine	-11.896967887878418
▁encore	-11.896992683410645
▁neville	-11.897050857543945
▁maiden	-11.897079467773438
▁motors	-11.897324562072754
nar	-11.897549629211426
▁heather	-11.89767074584961
▁departed	-11.898125648498535
▁aggressively	-11.899075508117676
fold	-11.899271965026855
▁retained	-11.899443626403809
▁tricks	-11.89963150024414
iva	-11.89970874786377
▁curl	-11.899770736694336
▁bernard	-11.90032958984375
▁conclusions	-11.900775909423828
▁pork	-11.900872230529785
▁solved	-11.901196479797363
▁associates	-11.902082443237305
uc	-11.902837753295898
gr	-11.902913093566895
▁102	-11.903300285339355
▁sour	-11.903342247009277
▁neglect	-11.903531074523926
▁revive	-11.903690338134766
▁seize	-11.903840065002441
dal	-11.903844833374023
▁135	-11.904431343078613
▁speeds	-11.904523849487305
▁complement	-11.90457534790039
▁subsidies	-11.904607772827148
▁twelve	-11.904607772827148
▁sacred	-11.904613494873047
▁kidnapped	-11.904623031616211
▁cyclone	-11.90463924407959
▁intentional	-11.904672622680664
▁considerably	-11.904717445373535
▁viable	-11.905007362365723
▁fuck	-11.905011177062988
▁hostage	-11.905126571655273
▁ek	-11.905160903930664
▁profitable	-11.905168533325195
▁purely	-11.906095504760742
▁bombs	-11.906342506408691
▁smallest	-11.906432151794434
oh	-11.906548500061035
▁mural	-11.906825065612793
▁sponsor	-11.90708065032959
▁monte	-11.907134056091309
▁rides	-11.907275199890137
▁104	-11.907353401184082
itz	-11.907398223876953
▁mcg	-11.907437324523926
▁demo	-11.907818794250488
▁repairs	-11.908005714416504
▁wheeler	-11.908028602600098
▁cad	-11.90817928314209
▁museums	-11.908317565917969
▁hon	-11.908426284790039
▁pakistani	-11.908712387084961
olo	-11.90878677368164
ified	-11.908928871154785
▁barn	-11.909317016601562
▁intake	-11.90970230102539
▁dense	-11.910457611083984
▁surveys	-11.910799026489258
▁stevens	-11.911157608032227
▁educate	-11.911158561706543
▁graves	-11.911259651184082
▁convey	-11.911336898803711
isha	-11.911434173583984
▁mod	-11.911456108093262
▁cement	-11.911773681640625
lands	-11.911883354187012
▁traditions	-11.911918640136719
▁talents	-11.912091255187988
▁rude	-11.912202835083008
▁excellence	-11.912360191345215
▁rebellion	-11.912360191345215
▁assuming	-11.912361145019531
▁destructive	-11.912361145019531
▁disposal	-11.912395477294922
▁thigh	-11.912395477294922
▁compiled	-11.912641525268555
una	-11.91303825378418
▁utter	-11.913287162780762
▁void	-11.913329124450684
▁intel	-11.913485527038574
▁weaker	-11.913585662841797
▁ridge	-11.91369342803955
▁wit	-11.913865089416504
ert	-11.914389610290527
saw	-11.914629936218262
▁sas	-11.914761543273926
▁puzzle	-11.914786338806152
ister	-11.915215492248535
ral	-11.91535758972168
▁succeeded	-11.915369987487793
▁airways	-11.915884017944336
▁observation	-11.915915489196777
▁lowe	-11.916096687316895
▁carson	-11.916128158569336
▁honoured	-11.916278839111328
ked	-11.91720962524414
▁impress	-11.917314529418945
igan	-11.917509078979492
▁halls	-11.917518615722656
▁confi	-11.917804718017578
▁bot	-11.917856216430664
▁flows	-11.917933464050293
mond	-11.918030738830566
▁sensors	-11.918330192565918
▁marched	-11.918363571166992
watch	-11.919025421142578
▁wreck	-11.91905403137207
▁sci	-11.919151306152344
nic	-11.919262886047363
▁surfaced	-11.919300079345703
▁ox	-11.919411659240723
bal	-11.919655799865723
chy	-11.919929504394531
▁ros	-11.9200439453125
▁spectacle	-11.920172691345215
▁unavailable	-11.920172691345215
▁entity	-11.92017650604248
▁motorcycle	-11.920180320739746
▁humor	-11.920243263244629
▁poetry	-11.920247077941895
▁timber	-11.9202880859375
▁jacksonville	-11.920327186584473
gui	-11.920358657836914
▁rory	-11.920395851135254
gs	-11.920744895935059
▁denounced	-11.920753479003906
▁monument	-11.92090129852295
▁constructed	-11.921089172363281
gas	-11.921303749084473
▁backgrounds	-11.921354293823242
▁ng	-11.921592712402344
nen	-11.922064781188965
▁hitler	-11.92209529876709
▁foreigners	-11.922972679138184
▁sack	-11.922985076904297
tom	-11.923422813415527
▁hazard	-11.9240083694458
▁surf	-11.924384117126465
▁eliminat	-11.924735069274902
▁booker	-11.925606727600098
▁sank	-11.926647186279297
▁concludes	-11.926803588867188
▁coloured	-11.926836967468262
▁cher	-11.926839828491211
▁eclipse	-11.92694091796875
▁lesser	-11.927471160888672
▁examining	-11.928046226501465
▁prestigious	-11.928046226501465
▁constable	-11.928047180175781
▁crawford	-11.928047180175781
▁guinea	-11.928049087524414
▁litigation	-11.92805290222168
▁varied	-11.928064346313477
▁predominantly	-11.928108215332031
▁directive	-11.92817211151123
▁composed	-11.928298950195312
▁dismissal	-11.92834758758545
▁116	-11.928512573242188
▁beatles	-11.928526878356934
▁accidental	-11.928568840026855
▁millionaire	-11.9288330078125
▁levi	-11.928903579711914
▁prisoner	-11.929409980773926
▁kara	-11.92973804473877
▁nod	-11.92982006072998
▁roberto	-11.930231094360352
gel	-11.930574417114258
▁casey	-11.930667877197266
▁hai	-11.930806159973145
▁organs	-11.931377410888672
▁nationalist	-11.931447982788086
cat	-11.931487083435059
▁fool	-11.931497573852539
ians	-11.931922912597656
▁tru	-11.93209171295166
▁falcon	-11.932143211364746
án	-11.93220043182373
▁poem	-11.932230949401855
▁dough	-11.932522773742676
▁bir	-11.932656288146973
▁agreeing	-11.932707786560059
▁neuro	-11.93287467956543
lit	-11.933167457580566
avi	-11.933509826660156
▁processor	-11.934056282043457
▁grove	-11.934131622314453
▁vale	-11.9347562789917
▁cooperate	-11.93488597869873
anne	-11.93531608581543
▁delegates	-11.935455322265625
ido	-11.935683250427246
▁enabling	-11.935982704162598
▁gravity	-11.935982704162598
▁griffin	-11.935982704162598
▁vancouver	-11.935982704162598
▁strikeouts	-11.935985565185547
▁vicious	-11.935990333557129
▁exploitation	-11.936031341552734
tis	-11.936090469360352
▁pumpkin	-11.936118125915527
▁hillary	-11.936286926269531
▁minus	-11.936293601989746
▁handsome	-11.936300277709961
▁asserted	-11.936580657958984
▁greenwood	-11.936650276184082
▁deepest	-11.93682861328125
▁reg	-11.936860084533691
▁connor	-11.93713665008545
▁austrian	-11.937313079833984
ire	-11.937392234802246
▁cites	-11.937499046325684
anga	-11.938514709472656
▁mash	-11.938766479492188
▁booth	-11.939452171325684
▁guru	-11.939940452575684
▁fal	-11.940119743347168
▁glove	-11.940430641174316
▁woo	-11.940505981445312
▁rosa	-11.940716743469238
▁kil	-11.94090747833252
▁codes	-11.941364288330078
pc	-11.941390991210938
ture	-11.941792488098145
▁jos	-11.942216873168945
▁planting	-11.942872047424316
▁loch	-11.942961692810059
▁kaz	-11.943536758422852
▁ronald	-11.943670272827148
▁salvador	-11.94372272491455
▁charitable	-11.943986892700195
▁thames	-11.944001197814941
▁songwriter	-11.94400405883789
▁robbie	-11.944018363952637
▁tal	-11.944025993347168
unconstitutional	-11.944028854370117
▁lavish	-11.944034576416016
▁elementary	-11.944079399108887
▁preview	-11.944097518920898
▁123	-11.944379806518555
▁paths	-11.944568634033203
▁activated	-11.944645881652832
▁tele	-11.944737434387207
▁scenarios	-11.945134162902832
▁daytime	-11.945381164550781
▁1968	-11.945649147033691
ingham	-11.94628620147705
▁doom	-11.946941375732422
▁gor	-11.94743824005127
life	-11.94782543182373
▁rivera	-11.94783878326416
bil	-11.948100090026855
▁tit	-11.948808670043945
▁lok	-11.949003219604492
▁publisher	-11.949200630187988
▁afl	-11.949352264404297
▁visitor	-11.94973087310791
▁browns	-11.950026512145996
▁blade	-11.95040512084961
tas	-11.95058536529541
rad	-11.950658798217773
boy	-11.951294898986816
ple	-11.951390266418457
▁temp	-11.951522827148438
▁vague	-11.951590538024902
▁porto	-11.951916694641113
▁municipal	-11.95197582244873
▁hyderabad	-11.952047348022461
▁asteroid	-11.952048301696777
▁autism	-11.952052116394043
▁ceasefire	-11.952054023742676
▁remarkably	-11.952054023742676
▁nottingham	-11.952057838439941
▁obsession	-11.952057838439941
▁circular	-11.952062606811523
▁precision	-11.952070236206055
▁bleak	-11.95207405090332
▁duration	-11.952154159545898
▁pivotal	-11.95217514038086
▁roller	-11.952282905578613
▁hugh	-11.952327728271484
▁170	-11.95235824584961
▁interrupted	-11.952418327331543
▁bits	-11.952590942382812
▁ple	-11.95263957977295
▁wwe	-11.952669143676758
lli	-11.952933311462402
▁lance	-11.953203201293945
▁nearest	-11.953469276428223
dis	-11.953690528869629
▁insufficient	-11.953851699829102
▁peel	-11.953995704650879
for	-11.954312324523926
▁upgraded	-11.954380989074707
▁dug	-11.954546928405762
▁pest	-11.954687118530273
▁alternatively	-11.955085754394531
pot	-11.955253601074219
eri	-11.955708503723145
ici	-11.956215858459473
▁highlighting	-11.956425666809082
▁militia	-11.956687927246094
▁mutation	-11.956841468811035
▁hag	-11.957060813903809
▁cheat	-11.957551956176758
▁mont	-11.958123207092285
▁cru	-11.958510398864746
▁jewel	-11.95860767364502
▁productions	-11.959527969360352
▁venezuela	-11.959573745727539
▁bron	-11.959803581237793
▁parish	-11.96007251739502
▁meadows	-11.9601469039917
▁granddaughter	-11.960177421569824
▁prevalence	-11.960177421569824
▁satisfaction	-11.960177421569824
▁sebastian	-11.960177421569824
▁societies	-11.960177421569824
▁entities	-11.96017837524414
▁visibility	-11.960179328918457
▁density	-11.96018123626709
▁censorship	-11.960183143615723
▁ounce	-11.960192680358887
▁darren	-11.960213661193848
▁turf	-11.960841178894043
▁escalated	-11.961274147033691
▁concentrated	-11.961463928222656
▁ios	-11.961767196655273
▁module	-11.96214771270752
▁exceeding	-11.962220191955566
▁finishes	-11.962669372558594
▁arise	-11.96287727355957
▁cra	-11.963582038879395
▁pol	-11.964043617248535
▁contender	-11.965648651123047
los	-11.965659141540527
▁disc	-11.965682983398438
▁rack	-11.965907096862793
▁partnered	-11.966279983520508
lé	-11.966753005981445
▁bulls	-11.967363357543945
▁exceptions	-11.967549324035645
▁manifest	-11.967601776123047
erman	-11.968104362487793
▁lend	-11.968356132507324
▁cemetery	-11.968374252319336
▁faculty	-11.968374252319336
▁petroleum	-11.968374252319336
▁practicing	-11.968374252319336
▁wheat	-11.968377113342285
▁rigorous	-11.968379020690918
▁sierra	-11.968379974365234
▁interstate	-11.96838665008545
▁tracy	-11.968389511108398
▁interactive	-11.968391418457031
▁michel	-11.968443870544434
▁mound	-11.968459129333496
▁bale	-11.968498229980469
▁sunrise	-11.9685640335083
▁keyboard	-11.96864128112793
▁straw	-11.968663215637207
ncia	-11.96879768371582
▁fictional	-11.968811988830566
▁bowlers	-11.968962669372559
▁antony	-11.969001770019531
▁seller	-11.96906852722168
lyn	-11.96938705444336
▁ivan	-11.969498634338379
▁daylight	-11.969525337219238
ema	-11.969528198242188
burg	-11.969910621643066
▁sau	-11.97006893157959
▁sword	-11.97032356262207
▁negotiated	-11.970452308654785
▁somalia	-11.970636367797852
▁rewarded	-11.970804214477539
▁stein	-11.971168518066406
py	-11.971903800964355
▁pursued	-11.971972465515137
▁liberals	-11.972214698791504
hand	-11.97232723236084
▁darker	-11.972841262817383
▁refuses	-11.973006248474121
▁lime	-11.973115921020508
▁monkey	-11.973516464233398
ges	-11.973548889160156
▁shelters	-11.973616600036621
▁tanks	-11.974020004272461
▁disasters	-11.974218368530273
▁gri	-11.974287986755371
▁rowe	-11.974686622619629
▁themed	-11.974773406982422
chin	-11.975111961364746
▁verge	-11.975711822509766
▁faithful	-11.97575855255127
▁directing	-11.97591495513916
▁phillip	-11.976200103759766
▁caretaker	-11.976638793945312
▁generating	-11.976638793945312
▁trilogy	-11.976638793945312
▁turmoil	-11.976638793945312
▁valentine	-11.976638793945312
▁vatican	-11.976638793945312
▁acquitted	-11.976644515991211
▁flesh	-11.976646423339844
▁translation	-11.976670265197754
▁biology	-11.976675987243652
▁gur	-11.976767539978027
▁miners	-11.976802825927734
▁vacant	-11.976808547973633
▁playground	-11.976846694946289
▁nursery	-11.976858139038086
▁batsman	-11.976883888244629
▁slap	-11.977039337158203
▁mercy	-11.977070808410645
▁stretches	-11.977540969848633
▁bol	-11.977620124816895
▁hatch	-11.9779634475708
▁pos	-11.978076934814453
▁sums	-11.978297233581543
▁maintains	-11.97928524017334
▁strengthened	-11.97974967956543
▁ravens	-11.98005199432373
tting	-11.980609893798828
▁secretly	-11.980637550354004
pres	-11.980843544006348
▁430	-11.981225967407227
▁willie	-11.981267929077148
▁males	-11.981444358825684
▁lynn	-11.981806755065918
▁225	-11.981819152832031
▁slogan	-11.982024192810059
▁edges	-11.982102394104004
▁infant	-11.982136726379395
▁suppress	-11.982149124145508
▁desired	-11.982490539550781
▁slo	-11.982498168945312
tch	-11.982515335083008
▁predictions	-11.98398208618164
▁enact	-11.984036445617676
▁clo	-11.98410415649414
uma	-11.984436988830566
▁tornado	-11.984760284423828
▁compares	-11.984881401062012
▁tablet	-11.984936714172363
▁incidence	-11.98497200012207
▁gossip	-11.984972953796387
▁distinctive	-11.98498821258545
▁proposition	-11.985010147094727
▁coma	-11.985081672668457
▁sitcom	-11.985099792480469
▁inventory	-11.98515796661377
▁nadu	-11.985379219055176
▁monk	-11.985541343688965
▁burke	-11.985566139221191
▁noel	-11.985610008239746
▁upwards	-11.985657691955566
▁woodland	-11.985723495483398
▁economically	-11.985836029052734
▁rico	-11.986104965209961
▁regulated	-11.986348152160645
▁nad	-11.986648559570312
▁yorker	-11.986870765686035
▁helicopters	-11.987013816833496
▁resisted	-11.987043380737305
▁insects	-11.98711109161377
▁theatres	-11.987435340881348
▁exploit	-11.98753833770752
▁gag	-11.987591743469238
▁quake	-11.988078117370605
run	-11.988123893737793
ments	-11.988357543945312
▁cracks	-11.988521575927734
▁tackles	-11.988954544067383
bit	-11.989234924316406
▁sd	-11.989676475524902
▁chronicle	-11.989696502685547
▁employs	-11.989728927612305
▁neat	-11.989837646484375
▁raf	-11.989936828613281
▁sculpture	-11.990456581115723
▁kol	-11.990507125854492
▁installation	-11.990510940551758
▁coached	-11.991035461425781
zan	-11.991727828979492
▁sil	-11.99193286895752
▁drum	-11.992071151733398
▁ref	-11.992326736450195
▁od	-11.992374420166016
▁dup	-11.992904663085938
oa	-11.992977142333984
▁journeys	-11.993243217468262
▁preced	-11.993340492248535
▁commemorate	-11.993375778198242
▁tobacco	-11.993375778198242
▁digging	-11.993376731872559
▁northwestern	-11.993376731872559
ches	-11.99338150024414
▁telegram	-11.99338150024414
▁mould	-11.993390083312988
▁organising	-11.99340534210205
▁wagner	-11.99340534210205
▁wholly	-11.993485450744629
▁drake	-11.993529319763184
▁harness	-11.993644714355469
iti	-11.993650436401367
▁diary	-11.993695259094238
▁demonstrates	-11.993939399719238
▁continuously	-11.9939603805542
▁solving	-11.994004249572754
tur	-11.994146347045898
▁pedro	-11.994163513183594
▁moor	-11.994482040405273
▁clues	-11.995126724243164
▁commentators	-11.995243072509766
▁mechanisms	-11.995255470275879
▁cannon	-11.99526309967041
▁maxim	-11.995299339294434
▁shining	-11.995383262634277
▁colon	-11.995558738708496
▁dealer	-11.995577812194824
▁siege	-11.995616912841797
▁mechanical	-11.995646476745605
▁eva	-11.995772361755371
▁environments	-11.996578216552734
▁festivals	-11.996767044067383
eva	-11.996966361999512
▁breeding	-11.996968269348145
▁heath	-11.997589111328125
uka	-11.99789810180664
▁discovering	-11.997922897338867
▁reap	-11.998259544372559
▁punish	-11.998931884765625
▁hawk	-11.99906063079834
view	-11.9999361038208
▁evan	-12.000000953674316
▁organize	-12.000330924987793
▁adventures	-12.000382423400879
▁salon	-12.001028060913086
▁jamaica	-12.001251220703125
▁112	-12.001337051391602
▁ideological	-12.001344680786133
▁fertility	-12.001850128173828
▁meditation	-12.001850128173828
▁reproductive	-12.001850128173828
▁surrey	-12.001873970031738
▁ghana	-12.001903533935547
▁athens	-12.001980781555176
▁terrain	-12.002008438110352
▁burton	-12.002032279968262
▁bacon	-12.002248764038086
▁inflicted	-12.00244140625
▁owing	-12.002495765686035
▁wax	-12.002546310424805
▁satisfying	-12.00290298461914
▁lac	-12.002955436706543
stra	-12.003096580505371
▁labels	-12.003426551818848
▁overlooked	-12.003458976745605
gli	-12.003691673278809
▁questionable	-12.004305839538574
▁disagreed	-12.004368782043457
lain	-12.00439453125
▁scream	-12.00500202178955
▁rig	-12.005127906799316
▁ore	-12.005467414855957
ivo	-12.006608963012695
fall	-12.00692081451416
▁lol	-12.00718879699707
iser	-12.007379531860352
▁respects	-12.008047103881836
▁candle	-12.008199691772461
▁competed	-12.008502006530762
▁fairy	-12.008675575256348
ón	-12.009318351745605
▁dune	-12.009771347045898
▁lind	-12.00980281829834
▁patent	-12.009963035583496
▁streams	-12.01016902923584
▁bud	-12.01036262512207
▁acknowledging	-12.010396957397461
▁coordination	-12.010396957397461
▁delaware	-12.010398864746094
▁circulation	-12.010408401489258
▁dictator	-12.010446548461914
▁doc	-12.01048755645752
▁audition	-12.010601997375488
▁livestock	-12.01061725616455
cor	-12.010734558105469
▁initiated	-12.0111665725708
▁peterson	-12.011168479919434
▁playful	-12.011274337768555
▁applauded	-12.011280059814453
ink	-12.012079238891602
▁sail	-12.01236343383789
▁sided	-12.012828826904297
▁pipe	-12.013144493103027
▁faye	-12.013286590576172
▁coupled	-12.013416290283203
▁newton	-12.013564109802246
▁crashing	-12.01358699798584
▁seth	-12.013779640197754
▁def	-12.01398754119873
▁drill	-12.01407527923584
▁gw	-12.014128684997559
▁edit	-12.014299392700195
imi	-12.014302253723145
▁publishers	-12.014429092407227
▁ravi	-12.014538764953613
▁bullets	-12.014735221862793
▁weekends	-12.015827178955078
▁peru	-12.015979766845703
▁tactic	-12.016417503356934
▁renovation	-12.016532897949219
▁essay	-12.01655101776123
▁historian	-12.016563415527344
▁housed	-12.01675796508789
ants	-12.017130851745605
▁fruits	-12.017515182495117
▁tempo	-12.017584800720215
à	-12.017953872680664
▁sb	-12.01838493347168
▁kissing	-12.01849365234375
▁bodi	-12.018680572509766
▁hitter	-12.019003868103027
▁avalanche	-12.019018173217773
▁jupiter	-12.019018173217773
▁karnataka	-12.019018173217773
▁measuring	-12.019018173217773
▁necessity	-12.019018173217773
▁prejudice	-12.019018173217773
▁trophies	-12.019018173217773
▁surplus	-12.019021987915039
▁abbey	-12.019025802612305
▁boulder	-12.019027709960938
▁defining	-12.019031524658203
▁christina	-12.019049644470215
▁natalie	-12.019059181213379
▁burial	-12.019087791442871
▁betrayal	-12.019100189208984
▁intact	-12.019105911254883
▁punt	-12.019129753112793
▁heroic	-12.019411087036133
hurst	-12.0195894241333
▁commended	-12.019599914550781
▁nw	-12.019634246826172
▁promptly	-12.019654273986816
▁sexuality	-12.019735336303711
▁flame	-12.019896507263184
▁thrust	-12.019930839538574
ugh	-12.019947052001953
▁bart	-12.020416259765625
▁expired	-12.020416259765625
▁proves	-12.020506858825684
▁substantially	-12.020536422729492
▁mala	-12.020613670349121
▁punk	-12.020651817321777
▁hyde	-12.020660400390625
oid	-12.02067756652832
ante	-12.020889282226562
ense	-12.021113395690918
▁dude	-12.021879196166992
heim	-12.02194881439209
▁locks	-12.022085189819336
away	-12.02216625213623
dia	-12.023040771484375
▁attracting	-12.023372650146484
▁advantages	-12.024011611938477
▁tram	-12.024199485778809
▁vu	-12.024232864379883
▁seating	-12.025250434875488
▁corridor	-12.025426864624023
▁sleeve	-12.025459289550781
bur	-12.025490760803223
eo	-12.025534629821777
▁pathway	-12.025548934936523
▁ducks	-12.025941848754883
▁server	-12.02598762512207
▁locate	-12.026527404785156
▁sham	-12.027371406555176
▁hut	-12.027485847473145
▁cyprus	-12.027713775634766
▁garrett	-12.027713775634766
▁macdonald	-12.027713775634766
▁variable	-12.027713775634766
▁diagnostic	-12.027716636657715
▁extends	-12.02774429321289
ras	-12.027753829956055
▁methane	-12.027793884277344
▁shipped	-12.027854919433594
▁personalities	-12.02800178527832
▁suffers	-12.028103828430176
▁deprived	-12.028178215026855
▁madness	-12.028223037719727
▁surrendered	-12.028754234313965
▁1966	-12.02905559539795
▁gaze	-12.029230117797852
▁notch	-12.029276847839355
▁bog	-12.029986381530762
vor	-12.030075073242188
▁evade	-12.030129432678223
▁grind	-12.030235290527344
▁watt	-12.030752182006836
▁specialists	-12.03116512298584
nos	-12.031445503234863
▁tw	-12.03160285949707
matic	-12.031806945800781
ando	-12.033063888549805
én	-12.033737182617188
▁rope	-12.033945083618164
▁throne	-12.034311294555664
▁nightclub	-12.034449577331543
ification	-12.034857749938965
▁sto	-12.035249710083008
▁arrange	-12.035598754882812
▁jag	-12.035787582397461
▁litter	-12.03586483001709
▁excluding	-12.03648567199707
▁gomez	-12.036491394042969
ware	-12.036505699157715
▁rejection	-12.036627769470215
▁jonas	-12.03672981262207
▁complexity	-12.036941528320312
rah	-12.036946296691895
▁bauer	-12.03705883026123
ions	-12.037178993225098
▁evaluated	-12.037999153137207
▁phases	-12.038036346435547
▁tastes	-12.038333892822266
▁propell	-12.039083480834961
▁famed	-12.04141616821289
▁121	-12.041878700256348
▁satellites	-12.04199504852295
▁marina	-12.042285919189453
▁intra	-12.042351722717285
▁murderer	-12.042608261108398
idi	-12.042774200439453
▁enthusiastic	-12.04294204711914
▁450	-12.043127059936523
▁eb	-12.043264389038086
uni	-12.04350471496582
▁nl	-12.043587684631348
▁meyer	-12.04362964630127
▁banana	-12.043734550476074
▁manufacture	-12.043777465820312
isa	-12.043854713439941
▁kurt	-12.043977737426758
▁rode	-12.044206619262695
▁convict	-12.044217109680176
▁exile	-12.044304847717285
iah	-12.044620513916016
▁segments	-12.044665336608887
▁voyage	-12.044918060302734
▁regards	-12.044922828674316
lina	-12.044944763183594
▁eventual	-12.044988632202148
▁ammunition	-12.045334815979004
▁collaborative	-12.045334815979004
▁restoring	-12.045337677001953
▁garbage	-12.0453519821167
▁durham	-12.04535961151123
▁niece	-12.045365333557129
▁distinction	-12.04542350769043
▁jin	-12.045431137084961
▁ladder	-12.045489311218262
▁999	-12.045525550842285
▁alcoholic	-12.04582405090332
▁blackburn	-12.045830726623535
making	-12.0459566116333
▁decree	-12.04602336883545
▁clan	-12.04614543914795
▁sanctioned	-12.046159744262695
▁erin	-12.04617977142334
▁pup	-12.046403884887695
▁bach	-12.046826362609863
▁laden	-12.046957969665527
▁mut	-12.047104835510254
▁ip	-12.047247886657715
▁cowboys	-12.047250747680664
oun	-12.047499656677246
▁govern	-12.04757022857666
▁owed	-12.04769229888916
▁rum	-12.048209190368652
▁cp	-12.048272132873535
ggy	-12.048882484436035
▁collections	-12.049135208129883
▁wed	-12.04934310913086
▁promoter	-12.04946517944336
▁fm	-12.049474716186523
▁rented	-12.050409317016602
lt	-12.05076789855957
▁bore	-12.050857543945312
▁nash	-12.051138877868652
▁ot	-12.05139446258545
▁sl	-12.051620483398438
horn	-12.051915168762207
▁surfaces	-12.05202579498291
neill	-12.052104949951172
▁maj	-12.052200317382812
▁reds	-12.052331924438477
hood	-12.052594184875488
▁detailing	-12.053396224975586
link	-12.053899765014648
▁verbal	-12.053908348083496
▁bent	-12.054110527038574
▁anticipation	-12.0542631149292
▁juvenile	-12.0542631149292
▁palestine	-12.0542631149292
▁physics	-12.0542631149292
▁retaliation	-12.0542631149292
▁fernando	-12.054267883300781
▁higgins	-12.054269790649414
▁fishermen	-12.054323196411133
▁marble	-12.05433464050293
▁shootout	-12.054348945617676
▁cola	-12.054407119750977
▁carlton	-12.054424285888672
▁expelled	-12.054442405700684
▁breeze	-12.054466247558594
▁indefinitely	-12.054471015930176
▁shri	-12.054647445678711
berry	-12.054787635803223
▁invented	-12.0548095703125
▁descended	-12.054848670959473
▁lowered	-12.055511474609375
▁demon	-12.056548118591309
▁irony	-12.056641578674316
▁1961	-12.056787490844727
▁speeches	-12.057042121887207
▁castro	-12.057170867919922
▁rim	-12.057724952697754
▁como	-12.058197021484375
▁limp	-12.058510780334473
▁framed	-12.058599472045898
▁owens	-12.059144020080566
▁sap	-12.059406280517578
▁modes	-12.059663772583008
▁pools	-12.059894561767578
▁surrender	-12.060495376586914
yer	-12.061432838439941
iza	-12.061567306518555
▁pier	-12.06169319152832
▁offerings	-12.06177043914795
▁stump	-12.061836242675781
▁nat	-12.062003135681152
▁bp	-12.062200546264648
▁pp	-12.062308311462402
▁labs	-12.062402725219727
yl	-12.062823295593262
▁jeopardy	-12.063272476196289
▁platinum	-12.063272476196289
▁southeastern	-12.063273429870605
▁coconut	-12.063274383544922
▁foremost	-12.063274383544922
▁miranda	-12.063284873962402
▁statues	-12.063506126403809
▁jungle	-12.063508033752441
▁clarkson	-12.063533782958984
▁puff	-12.063611030578613
▁alec	-12.063692092895508
▁unc	-12.063849449157715
▁incorrect	-12.064194679260254
urs	-12.06491756439209
▁puck	-12.065096855163574
▁linking	-12.065196990966797
▁1940	-12.065534591674805
ovic	-12.065927505493164
▁costumes	-12.06618881225586
▁tina	-12.066305160522461
▁usher	-12.066705703735352
lc	-12.067017555236816
nia	-12.067116737365723
▁successes	-12.067432403564453
▁pur	-12.06757926940918
bach	-12.068122863769531
▁berth	-12.068480491638184
▁characteristics	-12.068507194519043
▁subs	-12.068589210510254
▁prizes	-12.068696022033691
▁1920	-12.069072723388672
▁angered	-12.06913948059082
▁repeating	-12.069149017333984
▁grin	-12.069634437561035
▁yi	-12.069928169250488
▁norms	-12.070182800292969
ere	-12.070635795593262
▁algorithm	-12.07089900970459
▁staple	-12.070921897888184
▁thor	-12.070948600769043
▁warrior	-12.07094955444336
▁nigel	-12.070951461791992
▁captur	-12.071014404296875
▁thumb	-12.07103443145752
▁ida	-12.071065902709961
▁hunters	-12.071322441101074
▁undertake	-12.072072982788086
▁abundance	-12.07236385345459
▁supremacy	-12.07236385345459
▁tsunami	-12.07236385345459
▁bournemouth	-12.072364807128906
▁lindsay	-12.072367668151855
▁nissan	-12.072368621826172
▁circus	-12.072369575500488
▁statute	-12.072372436523438
▁rubble	-12.072386741638184
▁whitney	-12.072409629821777
▁encouragement	-12.072696685791016
▁000	-12.073080062866211
▁originated	-12.073111534118652
▁ade	-12.073136329650879
▁teaches	-12.073221206665039
▁harmony	-12.073323249816895
▁attractions	-12.07348918914795
▁protested	-12.07377815246582
▁intervened	-12.074074745178223
bag	-12.07504940032959
▁bored	-12.075186729431152
▁lace	-12.075276374816895
▁ras	-12.07565689086914
emi	-12.075743675231934
eck	-12.076075553894043
gram	-12.076308250427246
▁arrow	-12.076385498046875
▁wr	-12.076774597167969
mic	-12.077436447143555
▁cle	-12.079002380371094
list	-12.079164505004883
▁congo	-12.079262733459473
▁robots	-12.07927417755127
▁organise	-12.080035209655762
▁ritual	-12.080193519592285
▁hormone	-12.080196380615234
▁exclude	-12.08033561706543
▁retro	-12.08043384552002
▁archive	-12.080442428588867
▁singled	-12.080513954162598
▁construct	-12.080718994140625
▁mandated	-12.08072566986084
tech	-12.080816268920898
▁mentions	-12.080842971801758
▁novels	-12.080901145935059
▁vat	-12.080906867980957
▁guides	-12.081113815307617
▁demi	-12.08125114440918
▁manual	-12.081503868103027
▁clarified	-12.081538200378418
▁lópez	-12.081538200378418
▁unlimited	-12.081538200378418
▁upheld	-12.08154010772705
▁relegation	-12.081542015075684
▁comparing	-12.081544876098633
▁bicycle	-12.081548690795898
▁maggie	-12.081555366516113
▁settling	-12.081555366516113
▁shirley	-12.081558227539062
▁malaria	-12.081571578979492
▁gunfire	-12.081600189208984
▁vault	-12.08160400390625
▁instructor	-12.081663131713867
▁bravery	-12.081756591796875
▁compatible	-12.081789016723633
▁gentleman	-12.08191967010498
▁lure	-12.082181930541992
▁skies	-12.08220100402832
mie	-12.082221984863281
▁unexpectedly	-12.083342552185059
ndi	-12.083470344543457
▁classical	-12.083792686462402
bc	-12.083928108215332
▁preserved	-12.083954811096191
rov	-12.084664344787598
▁varying	-12.085384368896484
▁cock	-12.085979461669922
enberg	-12.086143493652344
rag	-12.086280822753906
▁pent	-12.086688995361328
▁ensured	-12.086865425109863
▁assaults	-12.086881637573242
▁thrill	-12.08694839477539
▁wig	-12.087176322937012
▁mist	-12.087261199951172
▁grams	-12.087705612182617
▁regain	-12.088045120239258
shan	-12.088149070739746
▁beth	-12.08816146850586
▁kun	-12.088558197021484
▁berg	-12.088566780090332
▁revelations	-12.089138984680176
ake	-12.089455604553223
▁replicate	-12.089675903320312
▁accomplish	-12.089677810668945
▁recipient	-12.089723587036133
▁hydro	-12.089790344238281
▁energ	-12.09034252166748
lf	-12.090397834777832
var	-12.090455055236816
dling	-12.090474128723145
not	-12.090574264526367
▁idiot	-12.090704917907715
▁carriage	-12.090777397155762
▁disregard	-12.09079647064209
▁katherine	-12.090797424316406
▁natasha	-12.090797424316406
▁uncommon	-12.090797424316406
▁vegetarian	-12.090797424316406
▁paterson	-12.090819358825684
▁drummer	-12.090826034545898
▁churchill	-12.090872764587402
▁busiest	-12.090897560119629
▁nikki	-12.09090805053711
▁chapman	-12.090963363647461
▁reasonably	-12.090984344482422
▁passive	-12.09104061126709
▁dent	-12.091080665588379
▁affection	-12.091195106506348
yu	-12.091397285461426
▁distracted	-12.091533660888672
▁assembled	-12.091565132141113
▁temper	-12.091828346252441
▁1962	-12.091863632202148
▁frontier	-12.092252731323242
▁catcher	-12.092317581176758
▁hull	-12.093661308288574
▁dart	-12.093749046325684
▁foil	-12.093866348266602
▁bubbles	-12.094564437866211
▁spine	-12.094871520996094
▁overhead	-12.095014572143555
gon	-12.095198631286621
fish	-12.095284461975098
▁explored	-12.095441818237305
hol	-12.095832824707031
roy	-12.095915794372559
▁fearless	-12.095982551574707
▁wards	-12.096770286560059
▁envelope	-12.09682559967041
lp	-12.097631454467773
▁beam	-12.09769344329834
nam	-12.098708152770996
▁persuade	-12.09893798828125
ological	-12.098974227905273
▁reclaim	-12.099056243896484
▁jurisdiction	-12.09915542602539
▁astronaut	-12.099238395690918
▁nails	-12.099271774291992
▁jealous	-12.099590301513672
▁sca	-12.099692344665527
try	-12.099884033203125
gone	-12.099892616271973
▁isle	-12.09997844696045
▁luther	-12.100072860717773
▁cumulative	-12.100142478942871
▁embedded	-12.100142478942871
▁frequency	-12.100142478942871
▁feast	-12.100143432617188
▁patterson	-12.100143432617188
▁entries	-12.100144386291504
▁hungarian	-12.100150108337402
▁modified	-12.100151062011719
▁equation	-12.1001615524292
▁wir	-12.100207328796387
▁flies	-12.100244522094727
▁lionel	-12.100248336791992
▁wanna	-12.100335121154785
▁prescribed	-12.100825309753418
▁underwater	-12.1008882522583
▁drowning	-12.101021766662598
▁az	-12.10117244720459
▁salute	-12.101725578308105
▁marty	-12.101750373840332
part	-12.102243423461914
▁gli	-12.103023529052734
▁tightly	-12.103318214416504
▁franco	-12.10339069366455
abi	-12.10356616973877
▁eh	-12.103612899780273
▁damon	-12.103632926940918
▁aging	-12.103808403015137
▁rom	-12.103829383850098
▁phe	-12.10397720336914
▁tying	-12.10403060913086
▁santo	-12.104145050048828
▁toby	-12.104324340820312
▁jed	-12.10495662689209
▁bees	-12.104962348937988
now	-12.105134963989258
▁highways	-12.105271339416504
▁pros	-12.105435371398926
▁assisting	-12.105669975280762
▁dolphins	-12.10572624206543
▁recreation	-12.106035232543945
▁ola	-12.107757568359375
▁patron	-12.108877182006836
▁stereotypes	-12.109335899353027
▁pont	-12.109429359436035
▁combin	-12.109561920166016
▁alonso	-12.109577178955078
▁indicating	-12.109577178955078
▁populous	-12.109577178955078
▁inviting	-12.109578132629395
▁pencil	-12.109578132629395
▁geography	-12.10959243774414
▁ulster	-12.109610557556152
▁shallow	-12.109618186950684
▁revival	-12.109633445739746
▁junta	-12.109634399414062
mmer	-12.109658241271973
▁teddy	-12.109668731689453
▁enlist	-12.10969352722168
▁cc	-12.10971450805664
▁riverside	-12.109855651855469
uli	-12.110098838806152
▁lunar	-12.110098838806152
▁rita	-12.110099792480469
▁undertaken	-12.110200881958008
▁barker	-12.110302925109863
▁notices	-12.110457420349121
▁maha	-12.111324310302734
▁gru	-12.11170768737793
▁klein	-12.111808776855469
▁lau	-12.111895561218262
▁eli	-12.112049102783203
▁unusually	-12.112189292907715
vey	-12.112564086914062
zzo	-12.112945556640625
▁trails	-12.113110542297363
▁cade	-12.113182067871094
loo	-12.113277435302734
▁upward	-12.11373519897461
▁debts	-12.113946914672852
form	-12.114080429077148
ope	-12.114669799804688
▁colder	-12.114749908447266
ace	-12.115049362182617
▁positively	-12.115906715393066
▁117	-12.116764068603516
▁gab	-12.116989135742188
▁deb	-12.11713695526123
▁neu	-12.117191314697266
▁wie	-12.117212295532227
▁witch	-12.117424011230469
▁rag	-12.117451667785645
▁nab	-12.117484092712402
▁unanimous	-12.118602752685547
▁nc	-12.118842124938965
▁amsterdam	-12.119100570678711
▁sophomore	-12.119100570678711
▁handicap	-12.119111061096191
▁exposing	-12.119118690490723
▁mccain	-12.11912727355957
▁nixon	-12.119133949279785
▁dawson	-12.11914348602295
▁nazis	-12.119147300720215
▁suppression	-12.119149208068848
▁rift	-12.119172096252441
▁solomon	-12.11917495727539
▁chopra	-12.119229316711426
▁symbolic	-12.119345664978027
▁glitter	-12.11935806274414
▁thunderstorms	-12.119434356689453
▁lazy	-12.119531631469727
aries	-12.119629859924316
▁patches	-12.119699478149414
▁hats	-12.119709014892578
ough	-12.120525360107422
▁bulgarian	-12.12053108215332
▁affiliated	-12.120707511901855
▁alt	-12.120713233947754
▁editing	-12.120969772338867
nder	-12.121058464050293
▁interpreter	-12.12110710144043
▁tortured	-12.121334075927734
▁germans	-12.121451377868652
pol	-12.121528625488281
▁translated	-12.12158489227295
▁suns	-12.122418403625488
▁dm	-12.122467994689941
aux	-12.122804641723633
▁belly	-12.122916221618652
▁sho	-12.122964859008789
▁107	-12.123162269592285
ites	-12.1240234375
▁pha	-12.12421989440918
▁crab	-12.124317169189453
▁troy	-12.124911308288574
▁mold	-12.124992370605469
▁thi	-12.125829696655273
▁shields	-12.126103401184082
▁dispatch	-12.126209259033203
▁gla	-12.126562118530273
▁luna	-12.126676559448242
▁enterprises	-12.126818656921387
▁carey	-12.126964569091797
▁tribes	-12.12710189819336
▁propose	-12.127105712890625
▁saf	-12.127108573913574
▁reservations	-12.127153396606445
rant	-12.127471923828125
▁coordinate	-12.12751293182373
▁mineral	-12.127923965454102
▁wick	-12.127944946289062
▁magistrate	-12.128366470336914
▁confession	-12.128571510314941
▁fifteen	-12.128715515136719
▁thereafter	-12.128715515136719
▁mccartney	-12.128724098205566
▁hau	-12.128755569458008
▁sherman	-12.128764152526855
▁splitting	-12.128782272338867
▁leslie	-12.128852844238281
▁sphere	-12.128989219665527
▁hampton	-12.12901496887207
▁bible	-12.129016876220703
▁buddy	-12.129077911376953
▁scoreless	-12.129409790039062
▁ruthless	-12.12974739074707
▁haunted	-12.129866600036621
pri	-12.129984855651855
▁bind	-12.130372047424316
▁drilling	-12.130600929260254
cie	-12.130685806274414
▁sounding	-12.130690574645996
▁240	-12.131444931030273
▁graduates	-12.13193416595459
▁posters	-12.132835388183594
▁comparisons	-12.13302230834961
▁sie	-12.133135795593262
▁donna	-12.133387565612793
ava	-12.1339111328125
▁stro	-12.134422302246094
cle	-12.134840965270996
▁dh	-12.134895324707031
▁heroin	-12.135190963745117
▁marr	-12.1362886428833
holder	-12.136409759521484
▁cue	-12.136458396911621
▁dancers	-12.13658332824707
pal	-12.136838912963867
▁lecture	-12.137206077575684
▁execute	-12.137226104736328
rey	-12.137453079223633
▁bred	-12.13766098022461
▁competitor	-12.13828182220459
▁baghdad	-12.13842487335205
▁catalyst	-12.13842487335205
▁discretion	-12.13842487335205
▁ferrari	-12.13842487335205
▁ineffective	-12.13842487335205
▁orthodox	-12.13842487335205
▁stafford	-12.13842487335205
▁stimulate	-12.13842487335205
▁undertaking	-12.138426780700684
▁velvet	-12.138433456420898
▁zhang	-12.138453483581543
▁transmitted	-12.138455390930176
▁soundtrack	-12.138460159301758
▁blitz	-12.138466835021973
▁cairo	-12.138479232788086
▁ellie	-12.138618469238281
▁awake	-12.138666152954102
▁instrumental	-12.138721466064453
▁midway	-12.138740539550781
▁novak	-12.138773918151855
▁candid	-12.138850212097168
▁unanimously	-12.138931274414062
▁intercepted	-12.138986587524414
▁integral	-12.13898754119873
▁coleman	-12.139007568359375
▁realities	-12.139078140258789
▁obscure	-12.139103889465332
▁122	-12.139278411865234
▁gauge	-12.139369010925293
▁portable	-12.139382362365723
▁speculated	-12.139595031738281
▁exploited	-12.13967514038086
▁debates	-12.13996696472168
▁administrators	-12.140204429626465
▁moh	-12.140257835388184
▁1930	-12.140556335449219
▁bury	-12.14078426361084
far	-12.140885353088379
▁usd	-12.142574310302734
▁outages	-12.142784118652344
bet	-12.143058776855469
▁objections	-12.143109321594238
▁pact	-12.143378257751465
▁spur	-12.143861770629883
uru	-12.144389152526855
▁tyres	-12.144766807556152
ith	-12.144861221313477
▁cigarettes	-12.144861221313477
▁settlements	-12.144953727722168
feld	-12.145015716552734
▁hale	-12.145223617553711
▁gust	-12.145259857177734
▁pirates	-12.145602226257324
▁optional	-12.145894050598145
▁loses	-12.146350860595703
▁bells	-12.146567344665527
brook	-12.147110939025879
care	-12.147323608398438
lated	-12.147991180419922
▁junction	-12.148228645324707
▁refrain	-12.148228645324707
▁saunders	-12.148228645324707
▁sensitivity	-12.148228645324707
▁squid	-12.148231506347656
▁freight	-12.148232460021973
▁martha	-12.148284912109375
gun	-12.148289680480957
▁hilton	-12.14829158782959
▁gl	-12.148465156555176
▁documentation	-12.148490905761719
▁machinery	-12.1486234664917
▁circulated	-12.148749351501465
stock	-12.148785591125488
▁perfection	-12.148959159851074
ase	-12.149279594421387
▁rafael	-12.149288177490234
▁johns	-12.149295806884766
▁bark	-12.14930248260498
▁cheers	-12.149593353271484
bee	-12.14966106414795
nis	-12.150002479553223
dine	-12.150289535522461
▁continental	-12.15035343170166
▁indo	-12.150960922241211
fan	-12.150997161865234
rang	-12.151000022888184
▁foundations	-12.151230812072754
▁academics	-12.151395797729492
ual	-12.151735305786133
▁mun	-12.15240478515625
▁observations	-12.1533784866333
▁pf	-12.153575897216797
▁fearing	-12.15395450592041
inder	-12.154007911682129
▁eid	-12.154471397399902
▁onset	-12.154472351074219
▁bis	-12.154536247253418
▁afc	-12.154854774475098
▁individually	-12.15500545501709
ois	-12.155072212219238
ech	-12.155146598815918
▁chap	-12.155162811279297
▁rhodes	-12.155655860900879
▁stretching	-12.15568733215332
dos	-12.155692100524902
▁raids	-12.155790328979492
▁crossings	-12.156235694885254
tive	-12.156325340270996
▁brook	-12.156403541564941
▁basin	-12.156670570373535
▁storey	-12.157073974609375
▁halo	-12.157390594482422
▁russians	-12.157540321350098
▁ahmad	-12.157733917236328
▁resting	-12.15796947479248
▁aboriginal	-12.158129692077637
▁legitimacy	-12.158129692077637
▁instability	-12.158133506774902
▁byrne	-12.15815258026123
▁drastically	-12.158160209655762
▁flynn	-12.158209800720215
▁spinning	-12.158246040344238
▁imprisoned	-12.158273696899414
▁robotic	-12.158285140991211
▁pap	-12.158596992492676
▁automated	-12.158610343933105
▁enrolled	-12.158843040466309
▁intentionally	-12.158905982971191
▁br	-12.15892505645752
▁scarce	-12.1593017578125
▁143	-12.159309387207031
rina	-12.15933609008789
▁persuaded	-12.159407615661621
oon	-12.1595458984375
▁iv	-12.159721374511719
▁mast	-12.159873962402344
▁chess	-12.159891128540039
▁pairing	-12.159923553466797
▁tales	-12.159984588623047
▁morale	-12.160219192504883
▁pigs	-12.161064147949219
▁lively	-12.16179370880127
▁newport	-12.161921501159668
mont	-12.16195297241211
▁predators	-12.16229248046875
▁marching	-12.162575721740723
▁spit	-12.162713050842285
▁tablets	-12.162762641906738
▁gases	-12.16282844543457
▁tenth	-12.163228988647461
▁dome	-12.163339614868164
▁maga	-12.163414001464844
wen	-12.163613319396973
▁nap	-12.164033889770508
▁raft	-12.164441108703613
▁stat	-12.164725303649902
isse	-12.164833068847656
aq	-12.164910316467285
▁poison	-12.165349960327148
▁founders	-12.166362762451172
▁executions	-12.166377067565918
▁akin	-12.166643142700195
▁reinforce	-12.16688060760498
▁speculate	-12.166925430297852
dom	-12.16694164276123
▁strand	-12.167131423950195
▁abstract	-12.168033599853516
▁boulevard	-12.168129920959473
▁curiosity	-12.168129920959473
▁nebraska	-12.168129920959473
▁prevalent	-12.168129920959473
▁amassed	-12.168130874633789
▁quantities	-12.168137550354004
▁uprising	-12.168140411376953
▁masterpiece	-12.168146133422852
▁jefferson	-12.168153762817383
▁summary	-12.168164253234863
▁wives	-12.168194770812988
▁farrell	-12.168205261230469
▁alexandra	-12.168212890625
born	-12.168238639831543
▁norris	-12.168279647827148
▁114	-12.168296813964844
▁petty	-12.168403625488281
▁assumption	-12.168527603149414
▁colony	-12.168787956237793
▁progression	-12.168862342834473
▁advancement	-12.16917610168457
▁dispatched	-12.169252395629883
▁observer	-12.169272422790527
▁leagues	-12.169698715209961
▁potent	-12.170064926147461
cio	-12.170151710510254
ige	-12.170559883117676
▁defeats	-12.17065143585205
▁premise	-12.17077922821045
▁liu	-12.17100715637207
wall	-12.171225547790527
rb	-12.171378135681152
▁favored	-12.171737670898438
aba	-12.172189712524414
▁santos	-12.173942565917969
▁cares	-12.174972534179688
▁fau	-12.174982070922852
nier	-12.175143241882324
ont	-12.175703048706055
▁pala	-12.176619529724121
▁jackets	-12.176667213439941
llo	-12.176888465881348
▁listeners	-12.177130699157715
▁flank	-12.177298545837402
▁legends	-12.177741050720215
▁carpenter	-12.178230285644531
▁exclusion	-12.178230285644531
▁territorial	-12.178230285644531
▁swarm	-12.178232192993164
▁psychology	-12.17823314666748
▁virtue	-12.17823314666748
▁illustration	-12.178251266479492
▁ontario	-12.178254127502441
▁descent	-12.178332328796387
▁communal	-12.17839241027832
▁diane	-12.178441047668457
▁dre	-12.178475379943848
▁stellar	-12.178534507751465
▁readily	-12.178544044494629
sser	-12.178565979003906
▁zack	-12.178573608398438
▁annoying	-12.178838729858398
▁villagers	-12.178840637207031
▁obstacle	-12.178884506225586
▁reside	-12.17896842956543
▁brock	-12.179035186767578
▁lecturer	-12.179499626159668
▁borrowed	-12.179793357849121
ograph	-12.179960250854492
nya	-12.180098533630371
poli	-12.180611610412598
▁departing	-12.180737495422363
law	-12.180793762207031
non	-12.18089771270752
wer	-12.181456565856934
▁mira	-12.182008743286133
▁recreational	-12.182049751281738
▁155	-12.182889938354492
▁hectares	-12.183244705200195
▁cube	-12.183534622192383
▁deposits	-12.18420696258545
▁atop	-12.184274673461914
▁brooke	-12.184442520141602
▁fab	-12.184490203857422
▁declines	-12.184967994689941
▁ding	-12.18569278717041
▁flaws	-12.18571662902832
▁chang	-12.18595027923584
▁mou	-12.186997413635254
zza	-12.187165260314941
▁1600	-12.187328338623047
▁kills	-12.18733024597168
dha	-12.187902450561523
▁annie	-12.188217163085938
▁balloon	-12.188295364379883
▁arbitrary	-12.188434600830078
▁atmospheric	-12.188434600830078
▁electorate	-12.188434600830078
▁molecular	-12.188434600830078
▁sympathetic	-12.188434600830078
▁apollo	-12.188436508178711
▁cunningham	-12.188440322875977
▁alphabet	-12.188443183898926
▁congestion	-12.188444137573242
▁norfolk	-12.188444137573242
▁felix	-12.188445091247559
▁illusion	-12.188445091247559
▁prank	-12.188451766967773
▁intersection	-12.18846321105957
▁farewell	-12.1884765625
▁autonomy	-12.18852710723877
▁colonel	-12.188529014587402
▁uneven	-12.188555717468262
▁fiber	-12.188582420349121
▁carriers	-12.188658714294434
▁renewal	-12.188689231872559
▁similarities	-12.18881607055664
▁doubling	-12.188923835754395
▁campaigned	-12.188939094543457
▁betrayed	-12.188992500305176
▁nude	-12.189080238342285
▁terminated	-12.189106941223145
▁swimmer	-12.189330101013184
▁emission	-12.189375877380371
▁swan	-12.19003963470459
▁kre	-12.190093040466309
llen	-12.190332412719727
▁provisional	-12.19039535522461
▁crashes	-12.190465927124023
▁sei	-12.190685272216797
▁atomic	-12.190932273864746
aga	-12.191020965576172
▁females	-12.19106388092041
▁dye	-12.191167831420898
▁payne	-12.191717147827148
▁gam	-12.1922607421875
eta	-12.192306518554688
▁220	-12.19237232208252
▁withdrawing	-12.1928071975708
▁adopting	-12.193058967590332
vid	-12.193368911743164
▁fortunes	-12.193641662597656
▁tang	-12.193678855895996
oe	-12.193686485290527
▁workshops	-12.194377899169922
▁stoke	-12.194761276245117
kes	-12.195859909057617
▁nate	-12.19588565826416
▁comb	-12.196011543273926
▁peaked	-12.196182250976562
ache	-12.196541786193848
kha	-12.197066307067871
lining	-12.197651863098145
foot	-12.19774341583252
▁attach	-12.197917938232422
▁archer	-12.198002815246582
▁closet	-12.198461532592773
ère	-12.198726654052734
▁ceremonies	-12.19874382019043
▁exterior	-12.19874382019043
▁fountain	-12.19874382019043
▁inaccurate	-12.19874382019043
▁fleming	-12.198746681213379
▁florence	-12.19875431060791
▁alexandria	-12.198755264282227
▁vermont	-12.198774337768555
▁tuition	-12.19877815246582
▁monaco	-12.198813438415527
▁rotten	-12.198819160461426
▁casualty	-12.198861122131348
▁populated	-12.19886302947998
▁authorised	-12.199057579040527
▁acclaimed	-12.199318885803223
▁brigade	-12.199321746826172
ox	-12.19937515258789
▁hints	-12.199517250061035
▁ble	-12.199612617492676
▁relocated	-12.199649810791016
▁portions	-12.199699401855469
ae	-12.199799537658691
iko	-12.199845314025879
▁destin	-12.19985294342041
▁1963	-12.200303077697754
▁spite	-12.20043659210205
▁raided	-12.200878143310547
rp	-12.201008796691895
▁bypass	-12.201164245605469
▁brains	-12.201251029968262
▁crushing	-12.201414108276367
▁controller	-12.201507568359375
▁procession	-12.201536178588867
iba	-12.201555252075195
▁finch	-12.201610565185547
hir	-12.201661109924316
▁summ	-12.202140808105469
▁logical	-12.2029447555542
▁pity	-12.203189849853516
▁christians	-12.203499794006348
▁referenced	-12.204032897949219
num	-12.204103469848633
zar	-12.204273223876953
nov	-12.204300880432129
▁remark	-12.204771041870117
▁paulo	-12.205085754394531
fire	-12.20592975616455
▁mono	-12.20610523223877
▁126	-12.206108093261719
▁stems	-12.206113815307617
▁laps	-12.206161499023438
att	-12.206539154052734
▁sw	-12.206625938415527
▁hardy	-12.207752227783203
craft	-12.207901954650879
▁ecosystems	-12.207953453063965
▁feeds	-12.208029747009277
▁screw	-12.208078384399414
written	-12.208242416381836
▁ah	-12.20873737335205
els	-12.208806991577148
russia	-12.208979606628418
▁kidnap	-12.20913028717041
▁butterfly	-12.209160804748535
▁escaping	-12.209160804748535
▁graduation	-12.209160804748535
▁havoc	-12.209160804748535
▁proximity	-12.209160804748535
▁umbrella	-12.209160804748535
▁persecution	-12.209166526794434
▁katrina	-12.209172248840332
▁gerald	-12.209175109863281
▁thermal	-12.209185600280762
▁confined	-12.209192276000977
uba	-12.20921516418457
▁padres	-12.209233283996582
▁judy	-12.209243774414062
▁foe	-12.209295272827148
▁attachment	-12.209321975708008
▁dreaming	-12.209339141845703
▁blockade	-12.20934009552002
▁patricia	-12.20937442779541
▁preston	-12.209532737731934
she	-12.209722518920898
rak	-12.209737777709961
issa	-12.209835052490234
▁amended	-12.210173606872559
▁planets	-12.210383415222168
nn	-12.210423469543457
▁intern	-12.211382865905762
▁sgt	-12.21140193939209
▁designing	-12.211424827575684
▁gha	-12.211736679077148
▁axe	-12.211786270141602
▁mw	-12.21180248260498
▁milli	-12.212019920349121
bus	-12.21347713470459
▁geo	-12.213772773742676
▁dew	-12.214140892028809
▁bum	-12.21507740020752
ucci	-12.215510368347168
▁barber	-12.216117858886719
▁professionally	-12.21630573272705
hon	-12.216445922851562
▁tate	-12.216562271118164
ition	-12.21656608581543
▁crowned	-12.217645645141602
▁suck	-12.217930793762207
▁bean	-12.218382835388184
▁interfere	-12.21845817565918
▁faint	-12.21862506866455
▁shores	-12.218720436096191
▁cambodia	-12.219080924987793
nz	-12.21917724609375
▁definitive	-12.219183921813965
▁vivid	-12.219202995300293
▁veto	-12.219252586364746
▁diamonds	-12.219331741333008
▁gran	-12.219685554504395
▁advocating	-12.219686508178711
▁blizzard	-12.219686508178711
▁glacier	-12.219686508178711
▁inconsistent	-12.219686508178711
▁montreal	-12.219686508178711
▁mozambique	-12.219686508178711
▁redemption	-12.219686508178711
▁unpopular	-12.219686508178711
▁unwilling	-12.219686508178711
▁testament	-12.219688415527344
▁libraries	-12.21968936920166
▁patriotic	-12.219752311706543
lessness	-12.220044136047363
▁battlefield	-12.220200538635254
▁farther	-12.220508575439453
▁interception	-12.22120189666748
▁worsened	-12.221220016479492
▁negotiation	-12.22125244140625
▁absorbed	-12.221395492553711
▁collector	-12.221474647521973
▁fashioned	-12.221534729003906
▁ses	-12.221702575683594
lai	-12.221991539001465
▁nic	-12.222103118896484
▁dun	-12.222392082214355
▁blows	-12.222424507141113
▁measurements	-12.222468376159668
hav	-12.22274112701416
▁heir	-12.223036766052246
▁matthews	-12.223126411437988
llied	-12.223401069641113
▁133	-12.223673820495605
▁mam	-12.223886489868164
▁explosives	-12.224203109741211
▁substances	-12.224203109741211
▁rug	-12.224259376525879
▁winston	-12.224370002746582
▁lai	-12.224676132202148
eno	-12.225700378417969
▁kel	-12.225826263427734
▁announces	-12.22603988647461
▁thatcher	-12.22607707977295
▁capitals	-12.226277351379395
▁lengths	-12.226340293884277
▁baron	-12.226734161376953
▁sno	-12.226788520812988
▁vine	-12.226926803588867
▁wol	-12.227425575256348
▁drift	-12.227561950683594
▁vy	-12.227880477905273
▁dur	-12.227983474731445
▁ef	-12.22802734375
▁til	-12.228419303894043
lot	-12.22853946685791
▁weaken	-12.228652954101562
tier	-12.228930473327637
▁tended	-12.229058265686035
like	-12.229072570800781
shaw	-12.229188919067383
▁conferences	-12.229291915893555
▁nit	-12.229463577270508
▁ration	-12.22968578338623
▁geographic	-12.23009967803955
▁spends	-12.230293273925781
▁headquartered	-12.230325698852539
▁lancashire	-12.230325698852539
▁pistol	-12.230325698852539
▁preseason	-12.230325698852539
▁railroad	-12.230325698852539
▁sanctuary	-12.230325698852539
▁theatrical	-12.230325698852539
▁alfred	-12.230327606201172
▁abrams	-12.230330467224121
▁minimize	-12.230341911315918
▁bleach	-12.230350494384766
▁constraints	-12.230356216430664
▁raymond	-12.230359077453613
▁freestyle	-12.230365753173828
▁probable	-12.230368614196777
▁elimination	-12.230387687683105
▁textile	-12.230419158935547
▁armour	-12.230494499206543
▁preside	-12.230900764465332
▁drowned	-12.230965614318848
▁damp	-12.231170654296875
isi	-12.231213569641113
▁merc	-12.231417655944824
▁treasurer	-12.231425285339355
ime	-12.231555938720703
▁upbeat	-12.231714248657227
▁builds	-12.231819152832031
▁norton	-12.231839179992676
▁submission	-12.2319917678833
▁seizure	-12.232016563415527
▁reservation	-12.23205852508545
▁creature	-12.232078552246094
▁debated	-12.232245445251465
▁junk	-12.232473373413086
▁crafted	-12.233369827270508
mina	-12.233377456665039
▁stain	-12.233701705932617
court	-12.233719825744629
▁nationalism	-12.233948707580566
▁ava	-12.23401927947998
▁crosses	-12.234101295471191
▁mistaken	-12.23434829711914
dge	-12.234397888183594
▁sticky	-12.234477043151855
▁manning	-12.234618186950684
▁billed	-12.235450744628906
▁asthma	-12.235527038574219
▁144	-12.235807418823242
▁insurgents	-12.236041069030762
▁pumps	-12.236248016357422
▁rested	-12.236254692077637
▁contents	-12.236273765563965
▁defeating	-12.236394882202148
mur	-12.236649513244629
lov	-12.236681938171387
▁trailing	-12.23708724975586
▁kn	-12.237353324890137
tric	-12.23769474029541
chan	-12.237814903259277
▁lara	-12.23823070526123
▁aus	-12.238312721252441
▁zi	-12.238396644592285
▁molecules	-12.238639831542969
▁118	-12.23935604095459
▁cl	-12.239510536193848
▁interceptions	-12.2395601272583
▁disperse	-12.2398681640625
▁reunite	-12.239876747131348
▁wee	-12.240438461303711
▁gradual	-12.240585327148438
▁explores	-12.24080753326416
▁navigation	-12.24107837677002
▁pablo	-12.24107837677002
▁consortium	-12.241084098815918
▁jorge	-12.241087913513184
▁bracket	-12.241098403930664
▁exeter	-12.241127967834473
▁plaque	-12.241129875183105
▁emp	-12.24129867553711
oto	-12.2415132522583
▁shoots	-12.241527557373047
▁chew	-12.241650581359863
▁malta	-12.241657257080078
▁shadows	-12.242658615112305
ssel	-12.242816925048828
ann	-12.243029594421387
▁servant	-12.243067741394043
bh	-12.24372386932373
▁reef	-12.2437744140625
▁wh	-12.244020462036133
▁patrols	-12.244401931762695
hall	-12.24449348449707
▁lacks	-12.244678497314453
▁centered	-12.244963645935059
▁ark	-12.245261192321777
ggle	-12.245365142822266
▁attribute	-12.24589729309082
▁knights	-12.246392250061035
▁qua	-12.246463775634766
ctu	-12.246710777282715
▁vie	-12.247864723205566
ume	-12.247966766357422
▁enters	-12.24828815460205
▁hue	-12.248396873474121
▁hid	-12.248769760131836
▁165	-12.248833656311035
▁sup	-12.248836517333984
▁mil	-12.248854637145996
▁eden	-12.24896240234375
▁liv	-12.249171257019043
▁beats	-12.249671936035156
▁reasoning	-12.249710083007812
▁peng	-12.24988079071045
sses	-12.250519752502441
▁bella	-12.250588417053223
▁collaborate	-12.250740051269531
▁cater	-12.250801086425781
▁swallow	-12.250865936279297
▁influences	-12.250995635986328
oi	-12.251426696777344
live	-12.251545906066895
cut	-12.251666069030762
▁argentine	-12.251947402954102
▁copenhagen	-12.251947402954102
▁fowler	-12.251947402954102
▁irving	-12.251947402954102
▁lesbian	-12.251947402954102
▁residency	-12.251947402954102
▁reversal	-12.251947402954102
▁influx	-12.25195026397705
▁beacon	-12.251960754394531
▁shannon	-12.251960754394531
▁conscience	-12.251961708068848
ike	-12.25196361541748
▁avengers	-12.251970291137695
▁romney	-12.25197982788086
▁merry	-12.252054214477539
▁continually	-12.252066612243652
▁flair	-12.25210952758789
▁disturbed	-12.252484321594238
▁recounted	-12.252679824829102
▁shortened	-12.25277328491211
▁airing	-12.253384590148926
▁nicolas	-12.25356388092041
▁troop	-12.25376033782959
▁kr	-12.253830909729004
▁vein	-12.253836631774902
▁rows	-12.254467964172363
▁mend	-12.254484176635742
▁stre	-12.254500389099121
▁polo	-12.255008697509766
▁cod	-12.25509262084961
comp	-12.256221771240234
▁mot	-12.256402969360352
▁spi	-12.257368087768555
▁koch	-12.25755786895752
▁alma	-12.258471488952637
ote	-12.25888442993164
▁pitchers	-12.259105682373047
ault	-12.2594633102417
▁nutrients	-12.259559631347656
▁wedge	-12.259722709655762
lum	-12.259770393371582
▁majors	-12.260091781616211
▁flourish	-12.260233879089355
chu	-12.260761260986328
nch	-12.260764122009277
▁innovations	-12.261652946472168
▁novelist	-12.262192726135254
▁poo	-12.262194633483887
▁185	-12.262277603149414
▁albania	-12.262340545654297
▁altitude	-12.26293659210205
▁carnival	-12.26293659210205
▁demonstrating	-12.26293659210205
▁licensing	-12.26293659210205
▁liquor	-12.26293659210205
▁luxembourg	-12.26293659210205
▁macedonia	-12.26293659210205
▁susceptible	-12.26293659210205
▁synthetic	-12.26293659210205
▁animation	-12.262938499450684
▁sewage	-12.262951850891113
▁reconstruction	-12.262961387634277
▁interface	-12.262970924377441
▁cinematic	-12.26302433013916
▁guitarist	-12.263137817382812
▁ascend	-12.263178825378418
▁purported	-12.263252258300781
hou	-12.263288497924805
▁avant	-12.263758659362793
hor	-12.264057159423828
▁stray	-12.26410961151123
▁capitalism	-12.264215469360352
▁fern	-12.264427185058594
▁ricky	-12.264474868774414
▁algorithms	-12.264711380004883
▁teamed	-12.264938354492188
▁blur	-12.265265464782715
▁bern	-12.265386581420898
▁mori	-12.265499114990234
▁af	-12.2662935256958
▁len	-12.266343116760254
▁stemm	-12.267258644104004
gio	-12.267618179321289
▁progressed	-12.267645835876465
▁nolan	-12.26785945892334
▁amend	-12.26793384552002
▁marines	-12.26823902130127
▁kir	-12.268295288085938
erson	-12.268539428710938
▁goat	-12.268616676330566
asi	-12.269177436828613
▁manson	-12.26962947845459
iro	-12.270340919494629
gn	-12.270597457885742
char	-12.271730422973633
▁secondly	-12.27247428894043
▁recordings	-12.272622108459473
▁tay	-12.27273941040039
▁cain	-12.272870063781738
▁bac	-12.272982597351074
▁heartbreak	-12.2735013961792
▁superhero	-12.273801803588867
owski	-12.273868560791016
▁contingent	-12.2740478515625
▁crocodile	-12.2740478515625
▁outskirts	-12.2740478515625
▁storytelling	-12.2740478515625
▁varieties	-12.2740478515625
▁somerset	-12.274052619934082
▁tendency	-12.274089813232422
▁trades	-12.274152755737305
▁demise	-12.274187088012695
▁210	-12.274221420288086
▁cleo	-12.274441719055176
▁gunmen	-12.274582862854004
▁distinguished	-12.274945259094238
▁incorporate	-12.275246620178223
uga	-12.275471687316895
▁rac	-12.275671005249023
▁consulted	-12.27574348449707
rous	-12.276198387145996
bor	-12.276406288146973
▁mb	-12.276521682739258
ency	-12.277486801147461
▁stefan	-12.2777099609375
ière	-12.277782440185547
▁lb	-12.27784538269043
▁monumental	-12.278436660766602
▁lakes	-12.278532028198242
▁136	-12.279661178588867
▁sights	-12.27985668182373
▁commence	-12.2801513671875
▁tart	-12.28042984008789
▁loo	-12.28057861328125
onic	-12.281108856201172
▁fil	-12.281208992004395
lou	-12.281841278076172
ego	-12.281851768493652
rier	-12.282134056091309
▁gua	-12.28258991241455
mps	-12.282746315002441
▁lori	-12.282867431640625
▁lev	-12.283076286315918
hart	-12.283182144165039
▁recogniz	-12.28335189819336
▁rhode	-12.28343391418457
▁paw	-12.283653259277344
▁collectors	-12.283764839172363
zel	-12.283883094787598
▁bc	-12.284132957458496
sten	-12.284257888793945
▁capita	-12.284526824951172
had	-12.284546852111816
qua	-12.285124778747559
storm	-12.285139083862305
▁dilemma	-12.285284042358398
▁graduating	-12.285284042358398
▁maneuver	-12.285284042358398
▁monopoly	-12.285284042358398
▁proposing	-12.285284042358398
▁protagonist	-12.285284042358398
▁reinvent	-12.285286903381348
▁stylist	-12.285286903381348
▁transmit	-12.285314559936523
▁praising	-12.285324096679688
▁petersburg	-12.285329818725586
▁translator	-12.285393714904785
lea	-12.285425186157227
▁binary	-12.285443305969238
▁bowie	-12.285545349121094
▁oriented	-12.285693168640137
▁breakout	-12.285829544067383
▁stevenson	-12.28585147857666
▁bulletin	-12.285916328430176
▁imagery	-12.28603744506836
▁yale	-12.286229133605957
▁efficiently	-12.287144660949707
aria	-12.287191390991211
▁plateau	-12.287531852722168
▁mushrooms	-12.287734985351562
▁rovers	-12.288095474243164
▁painter	-12.288491249084473
▁traced	-12.288881301879883
▁131	-12.289220809936523
▁tuned	-12.289731979370117
▁neal	-12.290827751159668
dh	-12.290846824645996
▁angles	-12.291524887084961
▁wis	-12.29165267944336
▁buttons	-12.292131423950195
▁niche	-12.292670249938965
▁corrected	-12.2927885055542
▁rh	-12.292943954467773
▁pee	-12.293893814086914
▁raz	-12.293935775756836
ean	-12.29430103302002
▁papa	-12.2944917678833
tag	-12.29578685760498
▁reviewer	-12.29610538482666
▁nova	-12.2965087890625
▁contaminated	-12.296647071838379
▁determining	-12.296647071838379
▁formidable	-12.296647071838379
▁invasive	-12.296647071838379
▁murdoch	-12.296647071838379
▁undisclosed	-12.296647071838379
▁warfare	-12.296648025512695
▁distrust	-12.296650886535645
▁computing	-12.296652793884277
▁heavier	-12.296652793884277
▁dorset	-12.296658515930176
▁simulation	-12.296658515930176
▁hollow	-12.296670913696289
▁snowfall	-12.296706199645996
▁ronnie	-12.296725273132324
▁gateway	-12.296737670898438
▁naive	-12.296751976013184
▁obliged	-12.296916007995605
▁divine	-12.297220230102539
fra	-12.29736042022705
▁190	-12.297404289245605
▁slovakia	-12.297597885131836
▁peas	-12.297609329223633
▁mau	-12.29782485961914
▁casa	-12.297903060913086
▁greed	-12.298084259033203
▁lego	-12.298148155212402
▁frames	-12.298535346984863
▁sala	-12.298835754394531
old	-12.299217224121094
▁graphics	-12.299433708190918
ao	-12.299530029296875
▁dub	-12.299842834472656
▁scholar	-12.29985237121582
▁amendments	-12.29992389678955
▁dragons	-12.30069351196289
▁conditioning	-12.301403045654297
▁rubin	-12.301458358764648
▁aliens	-12.301468849182129
▁134	-12.301483154296875
▁blades	-12.301669120788574
hara	-12.301788330078125
▁resemble	-12.301969528198242
ric	-12.302371978759766
iq	-12.302391052246094
▁oli	-12.302711486816406
kie	-12.30277156829834
▁associations	-12.302813529968262
vol	-12.30281925201416
▁crane	-12.30290699005127
iga	-12.302978515625
▁kad	-12.303489685058594
pping	-12.303522109985352
▁jumps	-12.303573608398438
▁dread	-12.304022789001465
▁shit	-12.3042631149292
▁decorations	-12.304394721984863
▁gy	-12.304532051086426
▁hank	-12.304849624633789
bell	-12.305421829223633
▁reel	-12.305514335632324
aj	-12.305956840515137
▁whales	-12.306288719177246
▁hurricanes	-12.306854248046875
rus	-12.307064056396484
hel	-12.307415962219238
▁highland	-12.307674407958984
▁erik	-12.307862281799316
▁delaying	-12.308125495910645
▁budapest	-12.308141708374023
▁friction	-12.308141708374023
▁perimeter	-12.308141708374023
▁recurring	-12.308141708374023
▁solitary	-12.308141708374023
▁tribune	-12.308141708374023
▁sorrow	-12.30814266204834
▁paige	-12.308184623718262
▁excel	-12.308268547058105
▁walton	-12.308416366577148
pod	-12.308473587036133
▁uniforms	-12.308497428894043
▁yuan	-12.308629989624023
▁coastline	-12.308660507202148
▁suez	-12.308696746826172
▁diverted	-12.30871868133545
▁summoned	-12.308719635009766
▁provoked	-12.30879020690918
▁overtake	-12.30907154083252
▁patrons	-12.309075355529785
▁mighty	-12.309263229370117
▁hampered	-12.309470176696777
▁neglected	-12.309757232666016
▁indonesian	-12.309906959533691
▁dia	-12.309945106506348
▁boyle	-12.310338973999023
▁myers	-12.310493469238281
▁1948	-12.310547828674316
▁proceeded	-12.31088638305664
▁emphasised	-12.311248779296875
▁semifinal	-12.311661720275879
wy	-12.311847686767578
▁shipment	-12.311993598937988
▁119	-12.312196731567383
▁wong	-12.312254905700684
▁bab	-12.312448501586914
▁variations	-12.312515258789062
▁dale	-12.312600135803223
▁compris	-12.312722206115723
▁sus	-12.312952995300293
▁rudy	-12.313098907470703
▁armor	-12.313289642333984
▁sig	-12.313390731811523
▁sentiments	-12.313403129577637
▁daring	-12.313602447509766
▁yar	-12.313904762268066
▁sync	-12.313960075378418
▁specially	-12.31404972076416
▁strengths	-12.31451416015625
mir	-12.314713478088379
▁abbas	-12.314895629882812
▁cricketer	-12.315032958984375
▁nun	-12.315427780151367
▁fr	-12.315585136413574
vel	-12.315618515014648
▁upgrades	-12.316415786743164
▁sav	-12.316553115844727
▁av	-12.317217826843262
▁colorful	-12.317832946777344
▁beg	-12.317927360534668
▁explosions	-12.318695068359375
▁vic	-12.319235801696777
▁tad	-12.31956672668457
▁deteriorating	-12.319769859313965
▁leipzig	-12.319769859313965
▁roosevelt	-12.319769859313965
▁subsidiary	-12.319769859313965
▁tippett	-12.319769859313965
▁statutor	-12.319772720336914
▁doyle	-12.31978702545166
▁esteem	-12.319794654846191
▁midwest	-12.319794654846191
▁unofficial	-12.319796562194824
▁clerk	-12.319801330566406
▁famine	-12.319802284240723
▁chandler	-12.319804191589355
▁cooperative	-12.319808006286621
▁specifications	-12.319891929626465
▁timothy	-12.319892883300781
▁tornadoes	-12.320107460021973
▁cel	-12.320194244384766
ree	-12.320218086242676
▁minerals	-12.320250511169434
▁levine	-12.320297241210938
▁depot	-12.320343971252441
uti	-12.320965766906738
omo	-12.321776390075684
▁butcher	-12.321823120117188
▁downward	-12.321881294250488
▁ancestors	-12.322480201721191
ffer	-12.322521209716797
▁rehearsal	-12.32347583770752
lab	-12.323543548583984
▁socio	-12.323805809020996
▁flats	-12.32408618927002
▁responds	-12.32413387298584
▁zen	-12.324543952941895
▁sinking	-12.32468032836914
▁sti	-12.325366020202637
lett	-12.325613021850586
udi	-12.325807571411133
▁scha	-12.326408386230469
▁emerges	-12.327237129211426
▁negatively	-12.327507019042969
▁oceans	-12.327569961547852
ahan	-12.327657699584961
▁storyline	-12.32773494720459
iac	-12.328096389770508
▁connects	-12.32810115814209
face	-12.328230857849121
▁disco	-12.328840255737305
usa	-12.329294204711914
▁quotes	-12.329317092895508
▁antibiotics	-12.329819679260254
▁forrest	-12.330193519592285
pu	-12.330460548400879
▁pint	-12.33100700378418
▁hab	-12.331204414367676
▁fl	-12.331273078918457
▁demolition	-12.331534385681152
▁discourse	-12.331534385681152
▁literacy	-12.331534385681152
▁prolific	-12.331534385681152
▁undergraduate	-12.331534385681152
▁inundated	-12.331535339355469
▁lauded	-12.331536293029785
▁sperm	-12.331542015075684
▁automobile	-12.331543922424316
▁convoy	-12.331548690795898
▁nia	-12.331576347351074
▁tumor	-12.331637382507324
▁chorus	-12.331640243530273
▁countdown	-12.331647872924805
▁filters	-12.331865310668945
▁earnest	-12.331955909729004
▁onwards	-12.33199691772461
qué	-12.332303047180176
▁deteriorated	-12.33231258392334
▁shiny	-12.332494735717773
▁advertised	-12.332504272460938
▁fulfilled	-12.33252239227295
▁medications	-12.33259105682373
▁cameo	-12.332612991333008
phy	-12.332982063293457
sell	-12.33312702178955
▁din	-12.333215713500977
▁melted	-12.333348274230957
▁specialized	-12.33345890045166
▁accurately	-12.333460807800293
▁tug	-12.333465576171875
▁incorporated	-12.333703994750977
▁barrels	-12.334016799926758
eth	-12.33417797088623
▁bak	-12.335116386413574
▁paralympic	-12.33557415008545
▁cigarette	-12.33559799194336
▁ped	-12.33613395690918
▁bran	-12.336419105529785
▁metric	-12.33693790435791
▁tilt	-12.336989402770996
▁bb	-12.337019920349121
▁committees	-12.337640762329102
▁baptist	-12.338144302368164
▁chester	-12.33824348449707
▁spelling	-12.338601112365723
▁750	-12.338627815246582
▁objectives	-12.339098930358887
▁marion	-12.33978271484375
▁hil	-12.339853286743164
▁highlands	-12.340498924255371
▁crawl	-12.341715812683105
via	-12.341724395751953
▁harmon	-12.341819763183594
▁vikings	-12.342185974121094
stead	-12.342212677001953
▁placement	-12.342704772949219
▁assumptions	-12.342965126037598
smith	-12.343167304992676
took	-12.34325122833252
▁nichols	-12.343290328979492
▁ari	-12.34335994720459
▁logistical	-12.343439102172852
▁sophia	-12.343439102172852
▁orientation	-12.343475341796875
▁supervision	-12.343489646911621
▁gusts	-12.343490600585938
▁elevator	-12.34349250793457
▁beatrice	-12.343517303466797
▁jewelry	-12.343521118164062
▁mutant	-12.343525886535645
zh	-12.343585014343262
▁stirling	-12.34361743927002
▁competent	-12.343634605407715
▁hindi	-12.343732833862305
▁dodge	-12.34382438659668
▁vel	-12.343851089477539
▁hearted	-12.343921661376953
▁spurre	-12.3439302444458
grove	-12.344038009643555
olog	-12.34445571899414
▁basil	-12.344594955444336
▁freeway	-12.344595909118652
core	-12.345059394836426
▁commanders	-12.3455228805542
▁eg	-12.345693588256836
▁mach	-12.345787048339844
▁kur	-12.346047401428223
▁sé	-12.34620189666748
▁mich	-12.347082138061523
▁microphone	-12.347702026367188
▁pillar	-12.34786605834961
▁rou	-12.348329544067383
fit	-12.348809242248535
▁kg	-12.349006652832031
▁gram	-12.349096298217773
cz	-12.34929370880127
▁dover	-12.349333763122559
▁rats	-12.349590301513672
cel	-12.350115776062012
▁adapting	-12.350454330444336
itch	-12.35083293914795
▁thr	-12.35132122039795
▁sacrifices	-12.351534843444824
▁mesh	-12.351653099060059
▁sings	-12.35178279876709
▁scholars	-12.352091789245605
▁brass	-12.352311134338379
▁thai	-12.352388381958008
▁fielding	-12.352587699890137
▁sco	-12.352678298950195
▁pairs	-12.353094100952148
alia	-12.353257179260254
▁haas	-12.35333251953125
▁fend	-12.353902816772461
▁surroundings	-12.353937149047852
▁submarines	-12.354568481445312
▁mines	-12.354907989501953
▁emb	-12.354911804199219
▁prints	-12.354971885681152
▁tata	-12.355154991149902
▁burr	-12.355330467224121
▁adjacent	-12.355486869812012
▁consequently	-12.355486869812012
▁pigeon	-12.355486869812012
▁santiago	-12.355486869812012
▁clyde	-12.355488777160645
▁matrix	-12.35549545288086
▁specified	-12.355497360229492
▁coincidence	-12.355498313903809
▁townsend	-12.3555269241333
▁enrollment	-12.355533599853516
▁polio	-12.355535507202148
▁bunny	-12.355537414550781
▁hammond	-12.35554313659668
▁clown	-12.355548858642578
▁sunlight	-12.355717658996582
▁saddle	-12.355733871459961
▁abruptly	-12.355900764465332
▁carved	-12.356310844421387
▁fries	-12.3569917678833
▁indie	-12.357002258300781
▁outset	-12.357335090637207
mag	-12.357351303100586
▁tomb	-12.357763290405273
▁kab	-12.358049392700195
▁melting	-12.358227729797363
▁drained	-12.358311653137207
▁mls	-12.35845947265625
▁152	-12.358903884887695
igi	-12.359148979187012
▁127	-12.35943603515625
▁hans	-12.359501838684082
▁chalk	-12.359508514404297
▁eternal	-12.360041618347168
▁pedestrian	-12.360101699829102
▁hun	-12.36032772064209
▁mara	-12.360383987426758
▁ira	-12.361783027648926
▁favoured	-12.362028121948242
ush	-12.362972259521484
uck	-12.363343238830566
oro	-12.36350154876709
▁paralympics	-12.363510131835938
ín	-12.3644380569458
▁snakes	-12.364619255065918
▁rbis	-12.364973068237305
▁attributes	-12.36500358581543
▁boarded	-12.365148544311523
▁schooling	-12.36544132232666
▁predecessors	-12.365559577941895
valu	-12.36572265625
▁scroll	-12.366010665893555
dell	-12.366016387939453
onne	-12.36616325378418
▁rejoin	-12.366596221923828
woman	-12.36680793762207
▁flyers	-12.36696720123291
post	-12.367056846618652
▁inability	-12.367247581481934
▁paula	-12.367368698120117
▁scrub	-12.367674827575684
▁kenneth	-12.367682456970215
▁kosovo	-12.367682456970215
▁plymouth	-12.367682456970215
▁undefeated	-12.367682456970215
▁unstable	-12.367682456970215
▁auckland	-12.367683410644531
▁atkinson	-12.367684364318848
▁burrow	-12.367722511291504
▁colbert	-12.367724418640137
▁plaster	-12.36772632598877
▁skating	-12.367729187011719
▁electron	-12.368034362792969
bble	-12.368080139160156
▁claw	-12.368339538574219
rest	-12.36846923828125
▁rendered	-12.368500709533691
▁fusion	-12.368505477905273
▁noticeable	-12.368631362915039
▁liga	-12.368988037109375
▁reactor	-12.369029998779297
▁1958	-12.369123458862305
▁designation	-12.369342803955078
▁abs	-12.369428634643555
▁vir	-12.369836807250977
▁useless	-12.370028495788574
▁sparta	-12.370142936706543
▁esp	-12.370214462280273
▁leonardo	-12.370322227478027
▁critique	-12.370736122131348
▁tir	-12.37086296081543
▁denis	-12.371185302734375
▁vor	-12.371501922607422
▁obtaining	-12.371528625488281
rna	-12.372088432312012
▁arg	-12.372339248657227
▁merchant	-12.372564315795898
▁cardinal	-12.372686386108398
▁realm	-12.37275218963623
▁hou	-12.373004913330078
▁jude	-12.373147964477539
▁injur	-12.373493194580078
▁barring	-12.373517990112305
▁compounds	-12.373553276062012
▁moreno	-12.373649597167969
ille	-12.374259948730469
▁promo	-12.375448226928711
stick	-12.375810623168945
▁poles	-12.375900268554688
hin	-12.376157760620117
▁indies	-12.376453399658203
▁monitors	-12.376752853393555
rine	-12.376764297485352
▁colored	-12.377588272094727
▁1945	-12.377891540527344
▁lei	-12.378011703491211
lka	-12.378093719482422
▁cull	-12.378138542175293
▁uh	-12.378235816955566
▁rem	-12.378698348999023
▁analyze	-12.378822326660156
but	-12.379070281982422
▁plum	-12.379379272460938
▁guatemala	-12.379419326782227
▁malone	-12.37956714630127
▁bollywood	-12.380027770996094
▁candidacy	-12.380027770996094
▁detached	-12.380027770996094
▁galactic	-12.380027770996094
▁gardner	-12.380027770996094
▁inaugurated	-12.380027770996094
▁madonna	-12.380027770996094
▁medieval	-12.380027770996094
▁occurrence	-12.380027770996094
▁fumble	-12.38002872467041
▁krishna	-12.380033493041992
▁prophet	-12.380033493041992
▁compelled	-12.380043029785156
▁ironically	-12.380058288574219
▁singular	-12.380062103271484
▁vietnamese	-12.380064964294434
▁rogue	-12.380070686340332
▁psychiatric	-12.38007926940918
▁osborne	-12.38014030456543
▁hutchinson	-12.38022518157959
▁conway	-12.380247116088867
▁betty	-12.38027286529541
▁moses	-12.38032341003418
▁landscapes	-12.380362510681152
▁crust	-12.38054370880127
▁nie	-12.380571365356445
▁peach	-12.380576133728027
▁luka	-12.380582809448242
▁chick	-12.38090991973877
▁illustrated	-12.38103199005127
▁analyzed	-12.381235122680664
▁peters	-12.381440162658691
mc	-12.38200855255127
pr	-12.382034301757812
▁builder	-12.382378578186035
▁posture	-12.382536888122559
rated	-12.382745742797852
▁tame	-12.382784843444824
▁physicians	-12.382832527160645
▁nay	-12.383060455322266
▁124	-12.383196830749512
▁fade	-12.383929252624512
▁sv	-12.384211540222168
▁vow	-12.384296417236328
▁liner	-12.384361267089844
▁objected	-12.384428977966309
▁sung	-12.384523391723633
▁coincide	-12.384709358215332
lander	-12.384769439697266
gard	-12.384903907775879
▁characteristic	-12.385540008544922
quin	-12.385830879211426
▁workshop	-12.385887145996094
oso	-12.386153221130371
ffe	-12.38616943359375
▁symbols	-12.386514663696289
▁129	-12.386751174926758
▁rabbi	-12.386942863464355
pec	-12.387092590332031
▁settlers	-12.387968063354492
erly	-12.388509750366211
▁accessed	-12.388853073120117
zier	-12.390386581420898
mani	-12.391926765441895
▁mirrors	-12.392045021057129
▁gee	-12.392416954040527
▁energetic	-12.39252758026123
▁provocative	-12.39252758026123
▁volcanic	-12.39252758026123
▁ensuing	-12.392528533935547
▁galleries	-12.392531394958496
▁narrator	-12.392531394958496
▁cheshire	-12.392541885375977
▁rainforest	-12.392547607421875
▁plaza	-12.392601013183594
bat	-12.392609596252441
vie	-12.392617225646973
▁selective	-12.392681121826172
▁fascinated	-12.39268684387207
▁clayton	-12.392693519592285
▁barrage	-12.392743110656738
▁vista	-12.392894744873047
▁menace	-12.39293384552002
▁salvage	-12.393158912658691
▁diminished	-12.393186569213867
▁bunker	-12.393238067626953
▁reinstated	-12.393390655517578
▁brakes	-12.393750190734863
camp	-12.394285202026367
▁1947	-12.39430046081543
▁allan	-12.394661903381348
▁finalists	-12.39482593536377
▁vr	-12.394911766052246
▁nicknamed	-12.394951820373535
▁forcibl	-12.39501667022705
sea	-12.395318031311035
iki	-12.395875930786133
▁sixty	-12.396238327026367
▁dai	-12.396955490112305
▁editors	-12.397086143493652
▁airplane	-12.398072242736816
▁lana	-12.398837089538574
▁lever	-12.399017333984375
▁contractor	-12.399497985839844
rrell	-12.399866104125977
▁hoo	-12.400117874145508
zie	-12.400710105895996
▁captures	-12.401398658752441
ison	-12.401529312133789
zzi	-12.40169906616211
▁sche	-12.402144432067871
eng	-12.402286529541016
▁ree	-12.402673721313477
▁pear	-12.402801513671875
▁rex	-12.402914047241211
pra	-12.403306007385254
flu	-12.403429985046387
▁withstand	-12.40346622467041
combe	-12.403532028198242
comb	-12.40380859375
city	-12.40397834777832
▁wrestle	-12.404075622558594
▁slaughter	-12.404096603393555
▁conceal	-12.404107093811035
▁emi	-12.40440845489502
uf	-12.404646873474121
▁dane	-12.40485668182373
▁dwarf	-12.40518569946289
▁graffiti	-12.40518569946289
▁guinness	-12.40518569946289
▁peloton	-12.40518569946289
▁precipitation	-12.40518569946289
▁sutherland	-12.40518569946289
▁sponge	-12.405195236206055
▁unesco	-12.40519905090332
▁auburn	-12.405256271362305
▁café	-12.405259132385254
▁superpower	-12.405279159545898
▁hogan	-12.405390739440918
▁squash	-12.405567169189453
▁147	-12.405750274658203
▁shuttle	-12.405861854553223
▁adorn	-12.40594482421875
▁funk	-12.406110763549805
▁pew	-12.406545639038086
▁1956	-12.406643867492676
▁demons	-12.40666675567627
ota	-12.406885147094727
▁legion	-12.407008171081543
▁admired	-12.407217025756836
▁northeaster	-12.407549858093262
▁revived	-12.407585144042969
▁railways	-12.407605171203613
▁infinite	-12.407907485961914
bon	-12.40829849243164
etta	-12.408350944519043
▁moody	-12.408507347106934
rz	-12.409869194030762
tov	-12.410272598266602
▁ani	-12.410553932189941
ii	-12.410768508911133
▁helmet	-12.411101341247559
uro	-12.411188125610352
▁conn	-12.411749839782715
▁boyd	-12.411879539489746
▁outline	-12.411967277526855
hun	-12.412257194519043
rock	-12.412742614746094
▁georgian	-12.413516998291016
bot	-12.414276123046875
kat	-12.414369583129883
▁classics	-12.414416313171387
wing	-12.414580345153809
▁rae	-12.414677619934082
▁souls	-12.41478443145752
▁seb	-12.415334701538086
▁rab	-12.415729522705078
▁stripes	-12.415961265563965
▁occupy	-12.416316032409668
▁owl	-12.416513442993164
osis	-12.416814804077148
▁electro	-12.417855262756348
▁manipulation	-12.418006896972656
▁receptor	-12.418014526367188
▁noisy	-12.418021202087402
▁trunk	-12.418027877807617
▁humidity	-12.418034553527832
▁mccall	-12.418059349060059
▁invention	-12.418067932128906
▁josé	-12.418123245239258
▁ottawa	-12.418123245239258
▁hastings	-12.41814136505127
▁breakaway	-12.418187141418457
▁prohibition	-12.418204307556152
▁exaggerated	-12.418216705322266
tiv	-12.418231964111328
▁angus	-12.41829776763916
aut	-12.418827056884766
▁architects	-12.418852806091309
▁randy	-12.419015884399414
▁coats	-12.419018745422363
▁barton	-12.419832229614258
▁walt	-12.420082092285156
▁depicted	-12.420104026794434
▁pun	-12.420400619506836
▁penis	-12.420600891113281
▁twisted	-12.421577453613281
rol	-12.421838760375977
▁sul	-12.422236442565918
▁premiered	-12.422758102416992
sec	-12.423048973083496
▁clusters	-12.423526763916016
▁rees	-12.4239501953125
jor	-12.424100875854492
▁dinosaurs	-12.424205780029297
▁brewer	-12.424223899841309
▁mitt	-12.42471694946289
▁fol	-12.425017356872559
▁mort	-12.425509452819824
▁alleviate	-12.425548553466797
gé	-12.426383018493652
▁rainy	-12.426515579223633
▁nile	-12.427319526672363
▁prem	-12.427411079406738
insky	-12.42742919921875
▁bil	-12.427437782287598
ode	-12.428262710571289
▁146	-12.428410530090332
▁perspectives	-12.428617477416992
▁sag	-12.429455757141113
get	-12.42978286743164
▁commissioners	-12.430177688598633
eux	-12.430638313293457
▁berkeley	-12.430994033813477
▁ferdinand	-12.430994033813477
▁ordinance	-12.430994033813477
▁sporadic	-12.430994033813477
▁inclined	-12.430994987487793
▁surname	-12.43099594116211
▁remake	-12.430999755859375
▁bafta	-12.431001663208008
ndle	-12.43100643157959
▁biography	-12.431011199951172
▁ecological	-12.431011199951172
▁forehead	-12.431013107299805
▁vanguard	-12.431028366088867
▁preserving	-12.43106460571289
▁relegated	-12.43112850189209
▁portrayal	-12.431174278259277
▁favorites	-12.431500434875488
▁teaser	-12.431533813476562
▁proclaimed	-12.431607246398926
▁observing	-12.431713104248047
▁joanna	-12.431918144226074
▁refined	-12.431928634643555
▁sickness	-12.431981086730957
▁royalty	-12.432415962219238
▁cody	-12.432954788208008
▁gc	-12.433042526245117
▁wag	-12.43305778503418
▁finalized	-12.433067321777344
▁marginal	-12.43321418762207
▁coca	-12.43325138092041
▁bugs	-12.434103965759277
▁clement	-12.434219360351562
▁py	-12.434550285339355
▁bala	-12.434625625610352
▁inhabitants	-12.434850692749023
ega	-12.435368537902832
▁loading	-12.436548233032227
▁syn	-12.437517166137695
▁pupil	-12.437743186950684
▁mic	-12.438789367675781
ography	-12.43921947479248
ctor	-12.440561294555664
kill	-12.440573692321777
▁dives	-12.441059112548828
▁reno	-12.44140911102295
▁psycho	-12.441563606262207
flow	-12.4422607421875
▁arose	-12.442282676696777
▁builders	-12.442423820495605
▁proceeding	-12.44253921508789
▁lé	-12.443090438842773
mouth	-12.44318675994873
▁uv	-12.443963050842285
▁meteor	-12.443999290466309
▁expedition	-12.444150924682617
▁ceremonial	-12.444151878356934
▁dominating	-12.444151878356934
▁hostility	-12.444151878356934
▁laboratories	-12.444151878356934
▁mclaren	-12.444151878356934
▁radiation	-12.444151878356934
▁staunch	-12.444151878356934
▁tabloid	-12.444151878356934
▁remedy	-12.44415283203125
▁liberties	-12.444160461425781
▁imaging	-12.444164276123047
▁disturbance	-12.444169044494629
▁ramsay	-12.44422721862793
▁kaiser	-12.444239616394043
▁fisheries	-12.444262504577637
▁mortar	-12.44426441192627
▁landfall	-12.444313049316406
▁wilderness	-12.444496154785156
▁morton	-12.444515228271484
▁favorable	-12.444595336914062
▁exert	-12.444772720336914
▁staging	-12.444775581359863
▁erected	-12.444987297058105
▁prototype	-12.445255279541016
▁leach	-12.445520401000977
▁invaded	-12.445558547973633
iden	-12.445734024047852
▁corpse	-12.4457426071167
▁elton	-12.445786476135254
▁prevents	-12.446395874023438
▁mos	-12.446457862854004
▁extensively	-12.446731567382812
▁steering	-12.44747257232666
ción	-12.447689056396484
him	-12.447709083557129
▁forged	-12.447813034057617
cation	-12.447864532470703
▁engagements	-12.448179244995117
▁182	-12.448369979858398
▁spared	-12.448700904846191
▁factions	-12.448873519897461
▁portraits	-12.449053764343262
▁thorn	-12.449054718017578
▁rotate	-12.44938850402832
▁jun	-12.449431419372559
▁patriot	-12.45101547241211
▁turk	-12.451051712036133
▁calculation	-12.451072692871094
▁dinosaur	-12.45107650756836
▁objection	-12.451173782348633
▁str	-12.451371192932129
▁riv	-12.451393127441406
▁bah	-12.452268600463867
▁gale	-12.45244026184082
▁eff	-12.453166961669922
▁namely	-12.453733444213867
ager	-12.453775405883789
cop	-12.454204559326172
▁auditor	-12.454461097717285
▁fulfill	-12.454931259155273
▁cooke	-12.4550142288208
▁haz	-12.455157279968262
▁chaired	-12.456072807312012
▁pow	-12.45615005493164
▁distinguish	-12.456586837768555
▁extinct	-12.45742416381836
▁archbishop	-12.45748519897461
▁canterbury	-12.45748519897461
▁fitzgerald	-12.45748519897461
▁interrogation	-12.45748519897461
▁lancaster	-12.45748519897461
▁maturity	-12.45748519897461
▁oyster	-12.45748519897461
▁semester	-12.45748519897461
▁unrelated	-12.45748519897461
▁beirut	-12.457486152648926
▁transcend	-12.457486152648926
▁architectural	-12.457489967346191
▁maternal	-12.45749282836914
▁prague	-12.457507133483887
▁dislike	-12.457514762878418
▁vince	-12.457588195800781
▁varies	-12.457833290100098
▁ballistic	-12.45807933807373
▁vain	-12.458189010620117
▁nih	-12.458464622497559
▁dorm	-12.459696769714355
chal	-12.459705352783203
▁contests	-12.460004806518555
▁1954	-12.460015296936035
▁masses	-12.460426330566406
▁mocking	-12.460445404052734
▁cycles	-12.461318969726562
▁byron	-12.461709022521973
▁dil	-12.461929321289062
▁traits	-12.462066650390625
▁possessions	-12.462406158447266
asa	-12.462559700012207
olu	-12.463892936706543
▁calculations	-12.46393871307373
▁bam	-12.464284896850586
▁jug	-12.464468002319336
▁rudd	-12.464791297912598
▁motorway	-12.464800834655762
iste	-12.464882850646973
▁cone	-12.466291427612305
path	-12.466519355773926
eat	-12.46703815460205
▁seals	-12.467379570007324
rod	-12.46768856048584
▁devi	-12.467745780944824
▁standings	-12.46780014038086
▁kla	-12.467926025390625
▁lea	-12.468005180358887
▁distract	-12.468179702758789
▁satisfy	-12.469317436218262
▁pleas	-12.469351768493652
▁calculate	-12.469795227050781
pass	-12.46982479095459
▁slaves	-12.46998405456543
▁mik	-12.470133781433105
▁scatter	-12.47020435333252
▁gui	-12.4703950881958
▁leopard	-12.47099781036377
▁dominion	-12.470998764038086
▁impulse	-12.470998764038086
▁monsoon	-12.470998764038086
▁preservation	-12.470998764038086
▁reconcile	-12.470998764038086
▁squirrel	-12.470998764038086
▁miguel	-12.471000671386719
▁olivier	-12.471000671386719
▁oasis	-12.471002578735352
▁onstage	-12.471004486083984
▁paddle	-12.471014022827148
▁copyright	-12.471024513244629
▁thomson	-12.471046447753906
▁fireplace	-12.47114086151123
▁expressions	-12.471211433410645
▁renamed	-12.471368789672852
▁sikh	-12.471771240234375
▁clive	-12.471818923950195
▁kiev	-12.472081184387207
▁1953	-12.472346305847168
▁romeo	-12.472648620605469
itu	-12.472819328308105
▁pul	-12.472890853881836
▁faded	-12.472911834716797
▁cay	-12.473387718200684
▁guardians	-12.473624229431152
▁traces	-12.473682403564453
ál	-12.473889350891113
▁215	-12.47396469116211
▁wellington	-12.47403621673584
bir	-12.474349975585938
▁mets	-12.47468090057373
nte	-12.474710464477539
lip	-12.475213050842285
▁cultures	-12.475516319274902
▁portray	-12.475682258605957
eff	-12.476621627807617
cou	-12.4768648147583
lets	-12.476934432983398
▁scout	-12.477030754089355
▁indirect	-12.477570533752441
▁cir	-12.477781295776367
▁buckle	-12.477823257446289
▁disagreement	-12.478785514831543
▁rin	-12.479711532592773
▁thereby	-12.480813980102539
pon	-12.481060981750488
dou	-12.481741905212402
oka	-12.482305526733398
▁choir	-12.482441902160645
cca	-12.482560157775879
▁disadvantage	-12.483491897583008
▁relocate	-12.483491897583008
▁explode	-12.483494758605957
▁inherit	-12.483599662780762
▁integrate	-12.483600616455078
▁raja	-12.483635902404785
▁gai	-12.483780860900879
▁whi	-12.48410415649414
▁emperor	-12.484697341918945
▁endurance	-12.484697341918945
▁ignorance	-12.484697341918945
▁messenger	-12.484697341918945
▁syracuse	-12.484697341918945
▁brittany	-12.484699249267578
▁evangelical	-12.484699249267578
▁ribbon	-12.484704971313477
▁evoke	-12.484711647033691
▁reminiscent	-12.484718322753906
▁resentment	-12.484724998474121
▁fanatic	-12.484755516052246
▁desmond	-12.484808921813965
▁diversion	-12.484819412231445
▁curator	-12.484899520874023
▁coward	-12.485007286071777
▁weaknesses	-12.485244750976562
▁readiness	-12.485258102416992
▁keller	-12.485307693481445
▁bl	-12.485455513000488
▁sandra	-12.485696792602539
▁kul	-12.485763549804688
▁mé	-12.48583984375
▁outlaw	-12.48609447479248
▁coincided	-12.486177444458008
▁screened	-12.486274719238281
▁crater	-12.48652172088623
▁weiss	-12.48678207397461
eye	-12.486871719360352
endra	-12.48702621459961
▁eats	-12.487322807312012
▁honours	-12.487394332885742
▁filmmakers	-12.487835884094238
▁engineered	-12.487869262695312
▁digits	-12.48816204071045
▁ranger	-12.488450050354004
▁pam	-12.488719940185547
▁willis	-12.488941192626953
▁sud	-12.489299774169922
▁advocated	-12.489501953125
▁bishops	-12.489502906799316
inski	-12.489700317382812
▁metals	-12.4899263381958
▁simpler	-12.490599632263184
▁jerk	-12.491264343261719
boat	-12.491634368896484
▁veer	-12.491861343383789
▁calvin	-12.491888999938965
▁vil	-12.492116928100586
▁predator	-12.492213249206543
▁kri	-12.492331504821777
▁138	-12.49327278137207
▁resolutions	-12.49389934539795
▁verse	-12.494192123413086
▁lili	-12.494410514831543
nit	-12.495476722717285
gin	-12.495769500732422
▁mechanics	-12.495803833007812
▁relieve	-12.495943069458008
▁magazines	-12.496524810791016
▁steals	-12.496635437011719
▁uma	-12.496902465820312
▁vera	-12.497049331665039
▁mater	-12.497243881225586
rg	-12.497635841369629
▁abundant	-12.498082160949707
▁statistical	-12.498200416564941
oria	-12.49853229522705
▁irregular	-12.498571395874023
▁admiration	-12.49858570098877
▁contamination	-12.49858570098877
▁endeavor	-12.49858570098877
▁hiatus	-12.49858570098877
▁pavilion	-12.49858570098877
▁hoffman	-12.498589515686035
▁fourteen	-12.498591423034668
▁situated	-12.498592376708984
▁ivory	-12.498607635498047
▁sponsorship	-12.498608589172363
▁trinity	-12.498608589172363
▁darwin	-12.498618125915527
▁aurora	-12.498627662658691
▁nascar	-12.498629570007324
▁quantity	-12.49863052368164
▁rouge	-12.498632431030273
▁bradford	-12.498730659484863
▁slab	-12.498781204223633
▁relates	-12.499082565307617
▁blo	-12.499136924743652
▁dina	-12.49929428100586
▁mol	-12.499313354492188
▁scales	-12.499356269836426
▁hamlet	-12.499497413635254
▁pir	-12.499518394470215
▁breakup	-12.499526977539062
▁terra	-12.499544143676758
▁rand	-12.499551773071289
▁1700	-12.499781608581543
▁font	-12.499902725219727
▁wandering	-12.500131607055664
▁insert	-12.500142097473145
iff	-12.500237464904785
kova	-12.500244140625
lop	-12.500604629516602
uan	-12.500785827636719
▁penguins	-12.501076698303223
activ	-12.50143051147461
▁baseman	-12.501678466796875
▁pioneering	-12.501951217651367
▁bod	-12.502418518066406
▁jacobs	-12.502877235412598
plant	-12.503055572509766
▁sands	-12.503167152404785
gur	-12.503318786621094
▁shim	-12.503769874572754
▁swa	-12.503920555114746
ago	-12.50419807434082
▁nil	-12.504337310791016
uda	-12.504659652709961
▁disagreements	-12.504773139953613
▁skiing	-12.504936218261719
▁hoy	-12.505247116088867
▁alley	-12.50528621673584
ista	-12.50539779663086
▁wired	-12.505461692810059
▁seas	-12.505632400512695
▁cav	-12.506690979003906
ario	-12.507238388061523
▁tiles	-12.507277488708496
▁panther	-12.50748062133789
▁deco	-12.507530212402344
▁spo	-12.507975578308105
cott	-12.508140563964844
▁sis	-12.508230209350586
▁africans	-12.508374214172363
▁doll	-12.508526802062988
▁raven	-12.509408950805664
▁bomber	-12.509452819824219
▁maro	-12.50969409942627
hoe	-12.510663986206055
power	-12.511113166809082
tone	-12.51119327545166
cup	-12.51135540008545
▁belle	-12.51150131225586
▁conquer	-12.511621475219727
fusion	-12.511962890625
▁hind	-12.512397766113281
▁142	-12.51262092590332
hm	-12.512645721435547
vil	-12.51265811920166
▁confederate	-12.512670516967773
▁giovanni	-12.512670516967773
▁mafia	-12.512670516967773
▁newfound	-12.512670516967773
▁nicaragua	-12.512670516967773
▁poultry	-12.512670516967773
▁observatory	-12.51267147064209
▁plasma	-12.512673377990723
▁sixteen	-12.512674331665039
▁rupert	-12.512677192687988
▁newark	-12.512679100036621
▁discredit	-12.512688636779785
▁presume	-12.512688636779785
▁harold	-12.512694358825684
▁hur	-12.512742042541504
▁identifies	-12.512752532958984
▁albion	-12.512763023376465
▁entail	-12.512763977050781
▁systematic	-12.512772560119629
▁unseen	-12.512818336486816
▁contradiction	-12.512828826904297
▁ridden	-12.512859344482422
▁depiction	-12.513022422790527
▁nec	-12.513053894042969
▁generic	-12.513116836547852
beck	-12.513260841369629
▁lent	-12.513514518737793
▁rapp	-12.513786315917969
▁carlo	-12.51412296295166
▁comics	-12.514244079589844
▁gerard	-12.514259338378906
▁strings	-12.514297485351562
▁governed	-12.514389991760254
▁developmental	-12.515352249145508
▁maid	-12.515382766723633
▁weaver	-12.5154447555542
▁discusses	-12.51584529876709
▁plantation	-12.516012191772461
▁sunk	-12.516012191772461
ame	-12.516057968139648
▁esc	-12.516414642333984
▁historians	-12.516704559326172
▁ironic	-12.51700496673584
ancy	-12.51711654663086
▁lush	-12.51771354675293
▁ew	-12.517779350280762
pho	-12.51828384399414
▁surround	-12.518686294555664
▁coke	-12.51892375946045
▁wad	-12.519176483154297
▁practiced	-12.519216537475586
▁fork	-12.519645690917969
hoo	-12.52023696899414
▁137	-12.5206298828125
▁stationed	-12.520674705505371
▁interpret	-12.521031379699707
▁variation	-12.521537780761719
▁cour	-12.521718978881836
▁participant	-12.522015571594238
▁jal	-12.52216625213623
phil	-12.522414207458496
▁divers	-12.52254581451416
▁shorten	-12.52279281616211
▁sai	-12.522923469543457
iu	-12.52294921875
▁fro	-12.523322105407715
▁sera	-12.52337646484375
▁stu	-12.523417472839355
▁assert	-12.524456977844238
▁tire	-12.524483680725098
▁mina	-12.52452564239502
ono	-12.524598121643066
▁132	-12.52495002746582
than	-12.525005340576172
lik	-12.525044441223145
aff	-12.52522087097168
nge	-12.525272369384766
world	-12.525537490844727
▁bites	-12.525826454162598
onal	-12.526214599609375
▁loi	-12.526347160339355
▁tasmania	-12.526347160339355
▁alberta	-12.526843070983887
▁metaphor	-12.52694320678711
▁capitalist	-12.52695083618164
▁aggregate	-12.526956558227539
▁ceramic	-12.526956558227539
▁hussein	-12.526956558227539
▁skeleton	-12.526956558227539
▁suffolk	-12.526956558227539
▁phillies	-12.526957511901855
▁erratic	-12.526958465576172
▁barbados	-12.526966094970703
▁valencia	-12.526968002319336
▁forbidden	-12.526986122131348
▁captive	-12.52702808380127
▁pearson	-12.5270414352417
▁unload	-12.527092933654785
▁clara	-12.527179718017578
▁township	-12.527292251586914
lene	-12.52730941772461
▁gangster	-12.527560234069824
▁corresponding	-12.52781867980957
▁derived	-12.527851104736328
▁recreate	-12.527852058410645
▁newman	-12.528008460998535
▁spinal	-12.528339385986328
▁maple	-12.5283842086792
▁1959	-12.5284423828125
▁pok	-12.528585433959961
▁regained	-12.528629302978516
▁fen	-12.528702735900879
▁1955	-12.528790473937988
▁porch	-12.528800010681152
▁jer	-12.529278755187988
▁truss	-12.529304504394531
▁bates	-12.52981185913086
▁entertainer	-12.5299654006958
ider	-12.530349731445312
▁omni	-12.530631065368652
▁myths	-12.53110122680664
▁facto	-12.531553268432617
▁kot	-12.532183647155762
▁marrying	-12.532492637634277
▁monkeys	-12.532504081726074
▁bain	-12.5327787399292
▁260	-12.5333251953125
▁lov	-12.534611701965332
▁researching	-12.535211563110352
yard	-12.53536605834961
nett	-12.535629272460938
▁strap	-12.536087989807129
▁enc	-12.536643981933594
▁governmental	-12.53665542602539
▁dei	-12.537117958068848
stad	-12.537656784057617
▁rue	-12.537672996520996
▁rho	-12.537734985351562
thi	-12.538315773010254
▁paine	-12.538440704345703
▁kang	-12.539268493652344
▁mentioning	-12.539268493652344
emp	-12.539779663085938
▁swell	-12.540060043334961
boro	-12.540188789367676
▁ned	-12.540190696716309
▁manipulate	-12.540243148803711
▁assemble	-12.540245056152344
▁activate	-12.54024600982666
gua	-12.540416717529297
▁abrupt	-12.540950775146484
▁spiders	-12.541013717651367
▁tak	-12.541070938110352
▁baba	-12.541207313537598
▁chrome	-12.54144287109375
▁bounty	-12.541448593139648
▁dixon	-12.541448593139648
▁miniature	-12.541448593139648
▁playwright	-12.541448593139648
▁prominence	-12.541448593139648
▁reliability	-12.541448593139648
▁reluctance	-12.541448593139648
▁renaissance	-12.541448593139648
▁sunderland	-12.541448593139648
▁symphony	-12.541448593139648
▁thirteen	-12.541448593139648
▁temptation	-12.541449546813965
▁bamboo	-12.541452407836914
pel	-12.54146671295166
▁impairment	-12.541467666625977
▁brawl	-12.541502952575684
▁mickey	-12.541559219360352
▁bodyguard	-12.541561126708984
▁mosley	-12.541629791259766
▁viewpoint	-12.541637420654297
▁reyes	-12.541641235351562
▁dalton	-12.541696548461914
▁shutout	-12.541773796081543
▁stronghold	-12.541792869567871
wu	-12.541908264160156
▁liber	-12.541913986206055
▁accumulated	-12.54203987121582
▁angelo	-12.542071342468262
▁echoes	-12.542183876037598
▁dissolved	-12.542268753051758
▁sme	-12.542827606201172
tica	-12.542855262756348
▁motto	-12.542946815490723
▁panda	-12.543036460876465
dro	-12.543092727661133
▁commenced	-12.543366432189941
▁1952	-12.543563842773438
▁guild	-12.543567657470703
▁fest	-12.54428768157959
▁conform	-12.544360160827637
game	-12.544379234313965
say	-12.544480323791504
▁patti	-12.544763565063477
▁epi	-12.545267105102539
▁polished	-12.545830726623535
show	-12.545854568481445
▁pipes	-12.545949935913086
▁anglo	-12.54607105255127
▁daniels	-12.546097755432129
▁coo	-12.546257019042969
▁rog	-12.546759605407715
▁flor	-12.547454833984375
▁jointly	-12.547647476196289
▁commercially	-12.548050880432129
▁acquir	-12.548115730285645
▁avon	-12.548388481140137
▁comm	-12.548519134521484
eni	-12.549001693725586
▁lament	-12.549553871154785
▁kip	-12.549595832824707
hat	-12.54976749420166
▁tran	-12.54992389678955
▁tenn	-12.549925804138184
▁shawn	-12.550511360168457
▁frances	-12.550561904907227
dah	-12.550621032714844
▁marches	-12.551383972167969
▁caste	-12.55168628692627
▁peaks	-12.551904678344727
▁178	-12.552332878112793
▁bau	-12.552413940429688
▁faction	-12.55258846282959
sun	-12.553053855895996
ground	-12.553232192993164
▁commanding	-12.55324649810791
ador	-12.553518295288086
▁trait	-12.553607940673828
▁borne	-12.555115699768066
▁pens	-12.555794715881348
▁expulsion	-12.556154251098633
▁admiral	-12.55615520477295
▁cuisine	-12.55615520477295
▁irvine	-12.55615520477295
▁segregation	-12.55615520477295
▁submerged	-12.55615520477295
▁revolt	-12.556157112121582
▁gospel	-12.556167602539062
▁cindy	-12.556174278259277
▁johnston	-12.556319236755371
▁gerry	-12.556376457214355
▁boone	-12.55715274810791
▁interpreted	-12.557272911071777
▁imply	-12.558371543884277
▁allison	-12.558444023132324
▁greenland	-12.558553695678711
▁zan	-12.558905601501465
▁mow	-12.559186935424805
beat	-12.559836387634277
▁paste	-12.559844970703125
▁mats	-12.560052871704102
drop	-12.561164855957031
▁characterize	-12.563323020935059
hari	-12.563474655151367
▁tanker	-12.563631057739258
▁rama	-12.56380844116211
zia	-12.56407642364502
kal	-12.564294815063477
▁mimic	-12.565044403076172
bia	-12.565141677856445
▁concession	-12.566278457641602
▁curtain	-12.566309928894043
▁bait	-12.566588401794434
▁strait	-12.566658973693848
▁prom	-12.566872596740723
▁ghosts	-12.567031860351562
▁singers	-12.567160606384277
▁nikola	-12.56723403930664
▁163	-12.5673189163208
▁concepts	-12.567319869995117
▁spar	-12.567706108093262
▁rumor	-12.568120002746582
▁examinations	-12.568263053894043
▁seizures	-12.568711280822754
▁epa	-12.568729400634766
sim	-12.568846702575684
nto	-12.568925857543945
▁meri	-12.568937301635742
wind	-12.56917953491211
▁peri	-12.569330215454102
pathy	-12.569497108459473
tree	-12.569581031799316
▁breeds	-12.56989574432373
▁148	-12.569896697998047
▁schwartz	-12.569994926452637
­	-12.570161819458008
hee	-12.5703706741333
▁vertical	-12.570575714111328
▁configuration	-12.571080207824707
▁erosion	-12.571080207824707
▁hierarchy	-12.571080207824707
▁incomplete	-12.571080207824707
▁intermediate	-12.571080207824707
▁mammoth	-12.571080207824707
▁mcmahon	-12.571080207824707
▁precinct	-12.571080207824707
▁simplicity	-12.571080207824707
▁triangle	-12.571080207824707
▁unfinished	-12.571080207824707
▁uranium	-12.571080207824707
▁overthrow	-12.571081161499023
▁stabilize	-12.571081161499023
▁gloucestershire	-12.57108211517334
▁monologue	-12.571083068847656
▁secular	-12.5711088180542
▁homage	-12.571113586425781
▁biologist	-12.571127891540527
▁brood	-12.571131706237793
▁compass	-12.57132625579834
▁ejected	-12.571331977844238
wit	-12.571661949157715
▁urine	-12.571730613708496
▁estonia	-12.571732521057129
▁deposition	-12.571839332580566
▁156	-12.57192325592041
▁braun	-12.572013854980469
▁pg	-12.572425842285156
▁wicked	-12.572763442993164
▁bm	-12.573012351989746
▁141	-12.573298454284668
▁billing	-12.573417663574219
▁trout	-12.573844909667969
iger	-12.574113845825195
▁conductor	-12.57423210144043
▁narratives	-12.574249267578125
▁alder	-12.574508666992188
▁franc	-12.574519157409668
▁gir	-12.57453441619873
▁colts	-12.575457572937012
gat	-12.575987815856934
▁rie	-12.576107025146484
▁shak	-12.576577186584473
avan	-12.5767183303833
▁thru	-12.576854705810547
▁paced	-12.577381134033203
▁scho	-12.577398300170898
▁marriages	-12.577666282653809
▁considerations	-12.577818870544434
▁mak	-12.578145980834961
▁lucia	-12.578662872314453
▁pomp	-12.578813552856445
▁161	-12.579754829406738
▁ris	-12.579962730407715
year	-12.580244064331055
▁139	-12.580317497253418
tus	-12.580365180969238
set	-12.58036994934082
▁meg	-12.581443786621094
kon	-12.581463813781738
ulation	-12.581488609313965
▁inland	-12.58156967163086
▁dangerously	-12.581732749938965
▁titan	-12.581744194030762
▁737	-12.581884384155273
igen	-12.582599639892578
cin	-12.582720756530762
▁nr	-12.582850456237793
cro	-12.58310604095459
edging	-12.583168983459473
▁nk	-12.583176612854004
▁157	-12.583610534667969
▁bert	-12.583786010742188
▁wander	-12.58436107635498
▁styled	-12.584657669067383
▁1951	-12.584668159484863
▁perceive	-12.585029602050781
▁abolish	-12.585147857666016
▁quota	-12.585259437561035
people	-12.585311889648438
▁compensate	-12.585317611694336
▁ivy	-12.585458755493164
▁bosnia	-12.585625648498535
▁clad	-12.585758209228516
▁accomplishments	-12.586201667785645
▁airborne	-12.586231231689453
▁congregation	-12.586231231689453
▁garcía	-12.586231231689453
▁inception	-12.586231231689453
▁secrecy	-12.586231231689453
▁seismic	-12.586231231689453
▁backstage	-12.58623218536377
▁intuitive	-12.58623218536377
▁puppet	-12.58623218536377
▁julius	-12.586234092712402
▁correspondence	-12.5862398147583
▁jerome	-12.586240768432617
▁displacement	-12.586254119873047
▁rigid	-12.58629322052002
▁alumni	-12.586296081542969
▁milton	-12.586343765258789
▁poppy	-12.586343765258789
▁static	-12.586494445800781
▁criticize	-12.586600303649902
▁giles	-12.586962699890137
▁ensued	-12.586997985839844
▁dominican	-12.587000846862793
▁poker	-12.587055206298828
gro	-12.587145805358887
▁steelers	-12.587488174438477
▁obey	-12.587801933288574
▁daley	-12.587857246398926
▁collaborated	-12.587921142578125
▁romanian	-12.587980270385742
▁batman	-12.588107109069824
hell	-12.588253021240234
▁pil	-12.588274955749512
▁hooker	-12.588850021362305
▁cf	-12.58898639678955
▁chartered	-12.589028358459473
▁sind	-12.589167594909668
▁sali	-12.589454650878906
▁pits	-12.590415954589844
▁dimensions	-12.590506553649902
base	-12.590648651123047
▁ruins	-12.590770721435547
▁cora	-12.591092109680176
▁seam	-12.591262817382812
▁foxes	-12.59154224395752
▁nationality	-12.591951370239258
lian	-12.59196662902832
▁gunn	-12.59296703338623
▁howe	-12.593424797058105
▁advertise	-12.593494415283203
rice	-12.594040870666504
▁printing	-12.59404468536377
▁prefers	-12.59479808807373
▁motives	-12.595282554626465
▁protector	-12.59544563293457
▁nationalists	-12.595705032348633
▁kc	-12.595773696899414
hui	-12.595860481262207
▁emphasize	-12.595985412597656
▁cub	-12.59639835357666
▁structured	-12.596418380737305
ambi	-12.596817970275879
▁dimension	-12.5971040725708
▁bai	-12.597920417785645
▁everett	-12.598108291625977
▁ante	-12.598231315612793
▁imo	-12.598617553710938
uto	-12.599111557006836
tim	-12.599724769592285
gee	-12.599725723266602
▁hir	-12.599786758422852
▁164	-12.599971771240234
▁malt	-12.600472450256348
▁inflict	-12.600541114807129
slav	-12.601155281066895
▁154	-12.601205825805664
▁culminat	-12.601578712463379
▁arbitration	-12.601615905761719
▁autobiography	-12.601615905761719
▁savannah	-12.601615905761719
▁mathematical	-12.601616859436035
▁jennings	-12.601617813110352
▁framing	-12.601622581481934
▁portsmouth	-12.601630210876465
▁claude	-12.601637840270996
▁cedar	-12.601685523986816
ils	-12.601750373840332
▁geoff	-12.601781845092773
▁roland	-12.601808547973633
▁glee	-12.60193157196045
▁goldberg	-12.60217571258545
▁promotional	-12.602411270141602
▁restrained	-12.602936744689941
▁roc	-12.60308837890625
▁morph	-12.603166580200195
▁archives	-12.603507041931152
▁habitats	-12.603657722473145
▁frog	-12.603718757629395
▁medic	-12.603901863098145
▁lobbie	-12.604085922241211
▁beaver	-12.60445499420166
▁fig	-12.604930877685547
▁employing	-12.605027198791504
▁cables	-12.605192184448242
▁retreated	-12.605194091796875
▁1949	-12.6056489944458
▁feather	-12.606008529663086
▁gore	-12.606176376342773
▁layered	-12.606550216674805
▁loc	-12.606666564941406
▁gall	-12.60679817199707
▁hogg	-12.607014656066895
▁prima	-12.607434272766113
ienne	-12.60744857788086
▁lyn	-12.608402252197266
▁tik	-12.608670234680176
▁scarlet	-12.608684539794922
▁sever	-12.609712600708008
enne	-12.610123634338379
▁exited	-12.610301971435547
▁ode	-12.610642433166504
▁roses	-12.610763549804688
wei	-12.610767364501953
▁cabo	-12.611879348754883
▁nickel	-12.612378120422363
mount	-12.612536430358887
▁feathers	-12.612855911254883
▁pv	-12.612878799438477
▁measurement	-12.613788604736328
shire	-12.613811492919922
▁insect	-12.614165306091309
▁huber	-12.615496635437012
ej	-12.615872383117676
▁disguise	-12.616029739379883
▁salisbury	-12.617240905761719
▁vaughan	-12.617240905761719
▁implies	-12.617241859436035
▁virgil	-12.617241859436035
▁simulate	-12.617244720458984
▁harlem	-12.61726188659668
▁diaries	-12.617331504821777
▁reflective	-12.617353439331055
jet	-12.617431640625
▁bronx	-12.61746597290039
▁pedal	-12.61765193939209
▁drunken	-12.617780685424805
▁marker	-12.61799430847168
▁concealed	-12.618577003479004
orn	-12.618712425231934
▁visually	-12.619391441345215
elo	-12.619547843933105
▁1957	-12.620217323303223
rá	-12.620806694030762
▁stud	-12.620891571044922
▁verb	-12.621018409729004
walk	-12.62110424041748
gaard	-12.621337890625
lem	-12.621337890625
▁ey	-12.621596336364746
verse	-12.62170696258545
mati	-12.62224006652832
▁ml	-12.62226390838623
▁colt	-12.62277889251709
▁mull	-12.622835159301758
lph	-12.622955322265625
▁pratt	-12.622992515563965
▁commands	-12.623270034790039
▁luca	-12.623403549194336
▁horns	-12.623482704162598
▁luc	-12.624031066894531
▁exhibitions	-12.624101638793945
▁1900	-12.62434196472168
▁bombers	-12.624502182006836
hua	-12.624551773071289
bru	-12.625713348388672
▁kho	-12.625828742980957
▁schu	-12.625837326049805
▁glo	-12.626775741577148
▁passer	-12.62767505645752
▁fragments	-12.627943992614746
anza	-12.628384590148926
▁rowing	-12.628466606140137
▁reservoir	-12.629220008850098
▁cylinder	-12.629303932189941
glia	-12.629883766174316
sburg	-12.630304336547852
▁herring	-12.63123607635498
▁rout	-12.631868362426758
friend	-12.632025718688965
▁curse	-12.632129669189453
▁canine	-12.63232707977295
▁commend	-12.632390975952148
▁recruits	-12.632502555847168
berger	-12.63254451751709
ivity	-12.632979393005371
▁replica	-12.63299560546875
▁abnormal	-12.633099555969238
▁cate	-12.633108139038086
▁emerald	-12.633113861083984
▁honduras	-12.633113861083984
▁ipswich	-12.633113861083984
▁parameters	-12.633113861083984
▁philosophical	-12.633113861083984
▁separating	-12.633113861083984
▁sinatra	-12.633113861083984
▁unfamiliar	-12.633113861083984
▁violin	-12.633113861083984
▁intermittent	-12.6331148147583
▁aerospace	-12.633115768432617
▁logging	-12.633115768432617
▁unused	-12.6331205368042
▁parasite	-12.633137702941895
▁hoover	-12.63326358795166
▁panama	-12.633279800415039
▁impaired	-12.633434295654297
▁hound	-12.63350772857666
nation	-12.633566856384277
▁discarded	-12.633849143981934
staff	-12.633886337280273
▁brightness	-12.634044647216797
▁collided	-12.634052276611328
▁perkins	-12.634185791015625
▁reh	-12.63436222076416
▁cascade	-12.634425163269043
ndo	-12.635029792785645
▁realizing	-12.63505744934082
vale	-12.635117530822754
▁1946	-12.635462760925293
▁fuse	-12.635523796081543
▁cran	-12.6360445022583
▁monsters	-12.63620376586914
▁turbo	-12.636256217956543
▁prevailing	-12.636322975158691
▁budd	-12.636534690856934
▁eur	-12.637287139892578
▁admirer	-12.63735580444336
▁katy	-12.637739181518555
▁sentimental	-12.637835502624512
▁sten	-12.638185501098633
▁promotions	-12.638496398925781
▁sims	-12.638531684875488
▁sonic	-12.639775276184082
▁croc	-12.63990592956543
▁hanna	-12.640759468078613
hard	-12.641462326049805
▁rafa	-12.641512870788574
▁hunted	-12.641801834106445
▁councillors	-12.641900062561035
tant	-12.641977310180664
▁spun	-12.642066955566406
▁regiment	-12.642232894897461
strom	-12.642450332641602
▁levin	-12.643077850341797
▁borg	-12.643250465393066
▁assistants	-12.643421173095703
ashi	-12.643611907958984
▁organisms	-12.643653869628906
▁render	-12.64371109008789
▁chau	-12.64380168914795
uding	-12.643937110900879
▁xu	-12.644104957580566
▁mora	-12.644173622131348
▁publications	-12.644320487976074
▁digest	-12.644482612609863
▁kia	-12.644700050354004
▁vocals	-12.644914627075195
agen	-12.645098686218262
▁mushroom	-12.645733833312988
▁cowboy	-12.645774841308594
▁hom	-12.646352767944336
▁168	-12.646540641784668
▁emulate	-12.646678924560547
▁swamp	-12.646690368652344
▁marcel	-12.647128105163574
▁canadians	-12.647177696228027
keeper	-12.647449493408203
▁lew	-12.647941589355469
▁drawings	-12.648207664489746
hem	-12.648261070251465
credit	-12.648451805114746
▁vijay	-12.64913272857666
clock	-12.649177551269531
▁recess	-12.649188995361328
▁affiliation	-12.649243354797363
▁allegiance	-12.649243354797363
▁comrade	-12.649243354797363
▁crossroads	-12.649243354797363
▁enzyme	-12.649243354797363
▁fascist	-12.649243354797363
▁infrared	-12.649243354797363
▁pyramid	-12.649243354797363
▁scheduling	-12.649243354797363
▁soprano	-12.649243354797363
▁stricken	-12.649243354797363
▁amusement	-12.64924430847168
▁ornament	-12.649252891540527
▁rumble	-12.649270057678223
▁collier	-12.649283409118652
▁albany	-12.649291038513184
▁cleric	-12.649301528930664
▁textbook	-12.649361610412598
▁olympia	-12.649401664733887
▁waterfront	-12.649407386779785
▁authenticity	-12.649420738220215
▁cellular	-12.64950942993164
▁mcke	-12.649523735046387
▁depleted	-12.649547576904297
ific	-12.649622917175293
▁orbital	-12.65009880065918
▁broom	-12.65024185180664
stand	-12.650376319885254
▁sonny	-12.650504112243652
max	-12.650612831115723
worthy	-12.650737762451172
▁cues	-12.650835990905762
ulo	-12.651052474975586
arch	-12.651135444641113
▁sf	-12.651137351989746
▁medina	-12.651991844177246
wave	-12.652324676513672
▁declares	-12.652390480041504
shin	-12.652667045593262
kka	-12.653130531311035
▁marg	-12.653133392333984
▁showcased	-12.654051780700684
▁astronomers	-12.654339790344238
▁folded	-12.654411315917969
ury	-12.65442180633545
▁concessions	-12.654459953308105
▁climber	-12.654468536376953
▁superman	-12.654929161071777
▁tess	-12.655567169189453
uta	-12.655588150024414
▁brun	-12.65567398071289
▁aqua	-12.655677795410156
works	-12.656011581420898
▁khu	-12.657087326049805
atory	-12.657114028930664
▁folding	-12.657327651977539
▁violet	-12.657464027404785
▁sighted	-12.65751838684082
▁cannes	-12.657530784606934
▁europeans	-12.657585144042969
ete	-12.658894538879395
yon	-12.659042358398438
▁spikes	-12.659379959106445
ggi	-12.659581184387207
holm	-12.660240173339844
jar	-12.660246849060059
grad	-12.66054916381836
▁176	-12.661206245422363
▁reich	-12.661214828491211
▁lob	-12.661425590515137
▁elliot	-12.661463737487793
▁southwester	-12.661623001098633
▁fel	-12.662374496459961
▁descend	-12.662395477294922
broke	-12.663125038146973
arian	-12.663253784179688
aud	-12.66409683227539
▁211	-12.664324760437012
▁vit	-12.664475440979004
▁mole	-12.664671897888184
▁attain	-12.665046691894531
▁lamar	-12.665563583374023
▁archaeological	-12.665637016296387
▁arlington	-12.665637016296387
▁butterflies	-12.665637016296387
▁emanuel	-12.665637016296387
▁humphrey	-12.665637016296387
▁metabolism	-12.665637016296387
▁parachute	-12.665637016296387
▁spokane	-12.665637016296387
▁cosmic	-12.665643692016602
▁strawberry	-12.665648460388184
▁filipino	-12.665651321411133
▁chamberlain	-12.665675163269043
▁cornell	-12.665725708007812
▁rhino	-12.66573715209961
▁neural	-12.665743827819824
▁edwin	-12.665746688842773
▁benedict	-12.665775299072266
▁eighteen	-12.666025161743164
▁172	-12.66637897491455
▁mistakenly	-12.66640853881836
▁carb	-12.666764259338379
▁weights	-12.666770935058594
▁generators	-12.666935920715332
▁katz	-12.666962623596191
▁mgm	-12.667177200317383
▁cooled	-12.66720199584961
▁stained	-12.667301177978516
▁rendering	-12.66736125946045
▁fashionable	-12.667455673217773
bou	-12.667469024658203
▁receptions	-12.667524337768555
▁overlap	-12.667774200439453
▁taxation	-12.667793273925781
▁columns	-12.66784954071045
▁belts	-12.66793155670166
pop	-12.668373107910156
rik	-12.668415069580078
▁invites	-12.668846130371094
rse	-12.66932201385498
▁sym	-12.66957950592041
▁plume	-12.669819831848145
▁accepts	-12.670404434204102
▁pumping	-12.670671463012695
rio	-12.670804023742676
▁deserted	-12.670818328857422
alis	-12.671622276306152
▁mona	-12.671635627746582
▁behaviors	-12.671794891357422
▁186	-12.67187786102295
▁clocks	-12.67253303527832
▁piper	-12.672822952270508
▁odor	-12.673172950744629
▁natal	-12.673439979553223
▁weber	-12.673490524291992
▁marque	-12.673765182495117
▁tones	-12.673968315124512
▁cava	-12.674614906311035
phone	-12.674705505371094
▁versa	-12.674759864807129
ured	-12.675235748291016
▁emit	-12.675253868103027
amba	-12.675467491149902
▁hp	-12.675800323486328
lage	-12.676533699035645
oda	-12.676631927490234
▁countered	-12.67746639251709
▁marshal	-12.677766799926758
piece	-12.677852630615234
▁151	-12.677985191345215
lade	-12.678581237792969
▁cai	-12.678899765014648
▁earthquakes	-12.67919635772705
▁penguin	-12.67931842803955
rai	-12.67953109741211
chev	-12.679619789123535
oba	-12.680097579956055
▁merge	-12.680347442626953
▁intensify	-12.680607795715332
▁erupt	-12.681134223937988
asse	-12.681497573852539
▁slovenia	-12.681692123413086
eli	-12.681954383850098
nin	-12.68205738067627
▁assassin	-12.682149887084961
▁knox	-12.682287216186523
▁acceleration	-12.682303428649902
▁concluding	-12.682303428649902
▁excerpt	-12.682303428649902
▁gibraltar	-12.682303428649902
▁hemisphere	-12.682303428649902
▁manoeuvre	-12.682303428649902
▁sanitation	-12.682303428649902
▁staircase	-12.682303428649902
▁syndicate	-12.682303428649902
▁sheridan	-12.682304382324219
▁alpine	-12.682305335998535
▁histories	-12.682305335998535
▁retract	-12.682305335998535
▁prosper	-12.682308197021484
▁catalogue	-12.68232536315918
▁sinister	-12.682336807250977
umi	-12.682405471801758
▁webster	-12.682427406311035
▁fischer	-12.682476043701172
▁endemic	-12.682576179504395
nus	-12.682672500610352
▁kickoff	-12.682727813720703
▁warwick	-12.682737350463867
▁apex	-12.682769775390625
▁lambert	-12.682775497436523
▁ping	-12.683012008666992
▁184	-12.68343734741211
▁consolidated	-12.683598518371582
▁stead	-12.68375301361084
▁wrestler	-12.683772087097168
▁pageant	-12.683842658996582
▁chore	-12.684150695800781
▁detector	-12.68421745300293
▁1944	-12.68458080291748
▁sufficiently	-12.684714317321777
▁woody	-12.684733390808105
▁kap	-12.685876846313477
▁yielded	-12.686047554016113
▁gwen	-12.686129570007324
▁rna	-12.68613338470459
jun	-12.686281204223633
any	-12.68675708770752
▁underwood	-12.687004089355469
neal	-12.687162399291992
▁lp	-12.687400817871094
kowski	-12.68770980834961
▁slu	-12.688118934631348
pat	-12.688243865966797
anti	-12.688305854797363
▁kei	-12.688630104064941
▁holden	-12.689118385314941
rios	-12.689191818237305
cum	-12.689800262451172
plex	-12.689920425415039
tail	-12.690004348754883
ncies	-12.690153121948242
▁daw	-12.690800666809082
bol	-12.690914154052734
▁monuments	-12.690998077392578
idge	-12.691330909729004
▁pike	-12.691396713256836
kovic	-12.691408157348633
ovich	-12.691422462463379
▁heel	-12.691502571105957
▁ribs	-12.6922607421875
▁glide	-12.692437171936035
▁muse	-12.693083763122559
▁mata	-12.693440437316895
▁swam	-12.693553924560547
vac	-12.694559097290039
▁expo	-12.695131301879883
▁vac	-12.695844650268555
▁buff	-12.69586181640625
▁taped	-12.695890426635742
▁ric	-12.695934295654297
▁vase	-12.695995330810547
usi	-12.696416854858398
uting	-12.696475982666016
▁steward	-12.696715354919434
▁bulb	-12.697568893432617
borough	-12.698259353637695
▁erect	-12.698315620422363
sullivan	-12.698331832885742
▁sac	-12.698979377746582
▁tract	-12.698986053466797
▁taper	-12.699100494384766
▁extensions	-12.699145317077637
▁battalion	-12.699252128601074
▁coherent	-12.699252128601074
▁discontent	-12.699252128601074
▁merchandise	-12.699252128601074
▁vegetation	-12.699252128601074
▁vibration	-12.699252128601074
▁dividing	-12.69925308227539
▁eccentric	-12.69925308227539
▁schneider	-12.69925308227539
▁intricate	-12.699254035949707
▁orchard	-12.699256896972656
▁goddess	-12.699260711669922
▁avatar	-12.699272155761719
▁continuity	-12.699272155761719
▁monroe	-12.699274063110352
▁lydia	-12.69927978515625
▁elevation	-12.69929027557373
▁relocation	-12.699299812316895
▁clamp	-12.699318885803223
▁revert	-12.699323654174805
inter	-12.69933032989502
▁janeiro	-12.699332237243652
▁187	-12.699369430541992
▁jolie	-12.699380874633789
▁gillian	-12.699450492858887
▁camden	-12.699460983276367
▁harp	-12.699529647827148
▁dependence	-12.69958782196045
▁calder	-12.699637413024902
▁warsaw	-12.699687004089355
▁civilization	-12.69977855682373
▁trivial	-12.700127601623535
▁supervised	-12.700157165527344
▁conceived	-12.700242042541504
▁oc	-12.700362205505371
▁dwelling	-12.700422286987305
haus	-12.700429916381836
▁drifted	-12.700984001159668
▁radically	-12.702290534973145
▁cecil	-12.702436447143555
igo	-12.703453063964844
chat	-12.703558921813965
▁interacting	-12.703771591186523
▁pathways	-12.703817367553711
abh	-12.704875946044922
▁repaired	-12.70531177520752
▁culturally	-12.705313682556152
tron	-12.7053861618042
esi	-12.706079483032227
▁bursts	-12.70654582977295
▁mortal	-12.706827163696289
▁khal	-12.706908226013184
▁dodd	-12.706989288330078
plat	-12.707077026367188
▁poems	-12.707620620727539
pinned	-12.708097457885742
▁kingston	-12.708107948303223
▁ranges	-12.709725379943848
▁rica	-12.711125373840332
▁153	-12.71178913116455
▁selecting	-12.712148666381836
▁270	-12.71241283416748
▁exhibits	-12.712420463562012
raf	-12.713654518127441
▁centred	-12.714844703674316
▁balloons	-12.715215682983398
urg	-12.71527099609375
▁spontaneous	-12.71599006652832
iman	-12.716144561767578
▁cli	-12.716363906860352
▁lumber	-12.71649169921875
▁acoustic	-12.716493606567383
▁hypothesis	-12.716493606567383
▁kuwait	-12.7164945602417
▁meteorological	-12.71650218963623
▁abdomen	-12.716519355773926
▁treason	-12.716548919677734
▁eugene	-12.716609954833984
▁derrick	-12.716629028320312
▁shack	-12.716675758361816
▁installment	-12.716780662536621
▁manifestation	-12.716958999633789
▁favourable	-12.717369079589844
gam	-12.71751880645752
▁unsuccessfully	-12.717705726623535
▁stealth	-12.717995643615723
▁340	-12.718152046203613
▁reinforced	-12.718596458435059
▁bonnie	-12.718720436096191
▁prevailed	-12.718728065490723
▁conveyed	-12.718911170959473
▁rituals	-12.719035148620605
nou	-12.719124794006348
▁switches	-12.71928596496582
▁1943	-12.719414710998535
▁possessed	-12.719440460205078
▁macro	-12.719889640808105
▁sabotage	-12.720720291137695
▁moe	-12.721182823181152
▁sacrificed	-12.721488952636719
▁sep	-12.721540451049805
▁exported	-12.72185230255127
▁benn	-12.722227096557617
▁173	-12.722247123718262
▁goodman	-12.722749710083008
bli	-12.722887992858887
▁1921	-12.723011016845703
yah	-12.723246574401855
▁amp	-12.72331428527832
▁gus	-12.723613739013672
▁tem	-12.723712921142578
hane	-12.724034309387207
▁scouts	-12.724245071411133
▁moth	-12.724437713623047
▁neurons	-12.72446060180664
▁witt	-12.724766731262207
▁maz	-12.725106239318848
▁158	-12.725324630737305
▁lyric	-12.726017951965332
fort	-12.726298332214355
baum	-12.726404190063477
rig	-12.726445198059082
midst	-12.727129936218262
▁curves	-12.727189064025879
human	-12.727251052856445
▁duran	-12.728616714477539
▁winding	-12.728642463684082
▁incorporat	-12.729166984558105
▁cun	-12.729894638061523
▁resembl	-12.730367660522461
etz	-12.730683326721191
break	-12.731237411499023
gress	-12.73154067993164
▁rc	-12.731657028198242
stream	-12.732121467590332
▁cis	-12.73239517211914
▁researched	-12.732742309570312
▁162	-12.733087539672852
child	-12.733230590820312
emia	-12.73328685760498
▁cubic	-12.733348846435547
▁contrasting	-12.734025955200195
▁feminine	-12.734037399291992
▁fugitive	-12.734037399291992
▁omaha	-12.734037399291992
▁uruguay	-12.734037399291992
▁dexter	-12.734039306640625
▁saturn	-12.734039306640625
▁nitrogen	-12.73404598236084
▁grammar	-12.734068870544434
▁clarence	-12.734070777893066
▁victorious	-12.7340726852417
▁shrimp	-12.734092712402344
▁fortress	-12.734116554260254
▁greenwich	-12.734127044677734
▁invent	-12.734207153320312
▁layout	-12.734232902526855
▁burnham	-12.7342529296875
▁pip	-12.734343528747559
ène	-12.734456062316895
▁henri	-12.734679222106934
▁openings	-12.734722137451172
▁retains	-12.734798431396484
▁mg	-12.734807014465332
▁christianity	-12.734823226928711
▁proposes	-12.734861373901367
boo	-12.734870910644531
▁lessen	-12.73495864868164
▁nerd	-12.734997749328613
▁incorrectly	-12.735014915466309
▁annex	-12.735036849975586
▁cove	-12.735109329223633
▁johan	-12.735276222229004
▁becky	-12.735401153564453
nut	-12.735642433166504
pha	-12.735980987548828
▁aba	-12.736632347106934
▁taller	-12.736896514892578
▁166	-12.737009048461914
▁strips	-12.737942695617676
▁leno	-12.738271713256836
▁amor	-12.738631248474121
▁camel	-12.738753318786621
pool	-12.73892593383789
put	-12.738933563232422
enko	-12.739093780517578
▁alta	-12.739116668701172
ania	-12.739302635192871
▁explanations	-12.739315032958984
zone	-12.739399909973145
▁mili	-12.739471435546875
mbe	-12.73976993560791
▁hin	-12.73999309539795
▁koo	-12.740172386169434
▁sculptures	-12.740204811096191
nath	-12.741266250610352
▁trustees	-12.741680145263672
organ	-12.74178695678711
▁hari	-12.741815567016602
▁geared	-12.741897583007812
ssie	-12.742688179016113
▁bricks	-12.742853164672852
imo	-12.74323844909668
omic	-12.7432861328125
hai	-12.744392395019531
▁dolls	-12.74544906616211
▁totaled	-12.746110916137695
▁chor	-12.746978759765625
▁kw	-12.74741268157959
▁sequences	-12.747448921203613
▁phrases	-12.748254776000977
▁warp	-12.749719619750977
rl	-12.749924659729004
▁operative	-12.750174522399902
▁pou	-12.750349998474121
gill	-12.750701904296875
▁mammals	-12.751136779785156
▁rejects	-12.751599311828613
▁apprentice	-12.751882553100586
▁caesar	-12.751890182495117
▁achilles	-12.7518949508667
▁cynthia	-12.7518949508667
▁irrigation	-12.7518949508667
▁peculiar	-12.7518949508667
▁schumacher	-12.7518949508667
▁sinclair	-12.7518949508667
▁springsteen	-12.7518949508667
▁synagogue	-12.7518949508667
▁sánchez	-12.7518949508667
▁penetrate	-12.751895904541016
▁synonymous	-12.751901626586914
▁probability	-12.751904487609863
▁gould	-12.751906394958496
▁rugged	-12.751907348632812
▁grazing	-12.751909255981445
▁reproduce	-12.751916885375977
▁aquatic	-12.751923561096191
▁ecology	-12.751938819885254
▁regina	-12.751964569091797
▁quartet	-12.751970291137695
▁liking	-12.751977920532227
▁liaison	-12.751986503601074
▁tidal	-12.752034187316895
▁alignment	-12.752035140991211
▁ruff	-12.752068519592285
▁genesis	-12.752093315124512
▁comparatively	-12.752098083496094
▁fiji	-12.752205848693848
▁marilyn	-12.752237319946289
▁morality	-12.752252578735352
▁presley	-12.752269744873047
▁courtyard	-12.752321243286133
▁overshadowed	-12.752333641052246
▁distorted	-12.752391815185547
▁waterfall	-12.752398490905762
▁confiscated	-12.752487182617188
▁demolished	-12.752586364746094
▁mercer	-12.752612113952637
▁cobra	-12.75269603729248
▁brake	-12.7528715133667
▁liter	-12.752894401550293
hc	-12.753085136413574
▁obe	-12.753133773803711
place	-12.75366497039795
▁discouraged	-12.753695487976074
▁descending	-12.753741264343262
▁vicar	-12.753815650939941
▁sailed	-12.754249572753906
▁paved	-12.754375457763672
▁cw	-12.754666328430176
▁370	-12.755110740661621
▁finalist	-12.755160331726074
▁cul	-12.755163192749023
▁174	-12.75555419921875
▁ceased	-12.755619049072266
▁lust	-12.755712509155273
▁attribut	-12.756241798400879
▁universally	-12.756425857543945
▁helena	-12.758143424987793
ulating	-12.758622169494629
▁bona	-12.758926391601562
ight	-12.759174346923828
duction	-12.759305953979492
▁yama	-12.759571075439453
▁nik	-12.759599685668945
itas	-12.759921073913574
▁plank	-12.760275840759277
▁contra	-12.760496139526367
wald	-12.760795593261719
▁collaborations	-12.760879516601562
▁tunnels	-12.761626243591309
hang	-12.762592315673828
▁newer	-12.763415336608887
▁explorer	-12.76343059539795
▁overrun	-12.764199256896973
imp	-12.764235496520996
▁rehearsals	-12.764289855957031
▁practitioners	-12.764518737792969
▁neon	-12.765077590942383
▁coaster	-12.765281677246094
izer	-12.765791893005371
▁digitally	-12.766212463378906
shed	-12.766429901123047
▁printer	-12.766521453857422
▁lords	-12.76685619354248
▁babe	-12.767008781433105
▁analyses	-12.767059326171875
▁zel	-12.767064094543457
▁russ	-12.767212867736816
▁censor	-12.767277717590332
▁arabic	-12.767829895019531
hana	-12.767833709716797
graph	-12.768105506896973
ih	-12.76823902130127
▁generator	-12.768637657165527
▁positioning	-12.768778800964355
fight	-12.769221305847168
▁invade	-12.769439697265625
▁theoretical	-12.769574165344238
▁geographical	-12.769895553588867
▁duel	-12.769908905029297
▁plots	-12.77003288269043
▁abolition	-12.770076751708984
▁cabbage	-12.770076751708984
▁cinematographer	-12.770076751708984
▁devotion	-12.770076751708984
▁edmonton	-12.770076751708984
▁havana	-12.770076751708984
▁hospice	-12.770076751708984
▁kangaroo	-12.770076751708984
▁meredith	-12.770076751708984
▁rihanna	-12.770076751708984
▁crosby	-12.770079612731934
▁vinyl	-12.77009105682373
▁interchange	-12.770101547241211
▁barrymore	-12.770126342773438
▁tinker	-12.770194053649902
▁barrow	-12.770350456237793
▁seminar	-12.77051830291748
▁roo	-12.770596504211426
▁pom	-12.771344184875488
▁tig	-12.771401405334473
▁rao	-12.772041320800781
leigh	-12.772409439086914
▁1941	-12.772513389587402
▁spe	-12.772650718688965
rone	-12.772687911987305
▁1918	-12.773290634155273
genic	-12.773608207702637
▁tissues	-12.773609161376953
▁birch	-12.774148941040039
ctive	-12.774175643920898
▁upright	-12.774882316589355
▁rite	-12.775065422058105
▁essays	-12.775367736816406
▁peppers	-12.776080131530762
▁berger	-12.776260375976562
▁erase	-12.776679992675781
▁gad	-12.777046203613281
oth	-12.777349472045898
escu	-12.778830528259277
▁informs	-12.780156135559082
▁ferri	-12.78165340423584
▁alto	-12.78169059753418
▁barracks	-12.782169342041016
▁dau	-12.782171249389648
▁eater	-12.782234191894531
▁peat	-12.782989501953125
▁arr	-12.783827781677246
▁np	-12.784191131591797
glass	-12.784640312194824
▁tho	-12.785690307617188
moor	-12.786799430847168
▁ov	-12.786812782287598
▁controllers	-12.786844253540039
▁willow	-12.78691291809082
▁authored	-12.786947250366211
▁cali	-12.787422180175781
▁intercept	-12.78749942779541
▁initiate	-12.788202285766602
▁aluminium	-12.788595199584961
▁broccoli	-12.788595199584961
▁clifford	-12.788595199584961
▁confederation	-12.788595199584961
▁deception	-12.788595199584961
▁jakarta	-12.788595199584961
▁membrane	-12.788595199584961
▁phantom	-12.788595199584961
▁quadruple	-12.788595199584961
▁prestige	-12.788599014282227
▁seldom	-12.788614273071289
lad	-12.788627624511719
▁desirable	-12.78863525390625
▁adulthood	-12.78867244720459
▁frederick	-12.788680076599121
▁flashback	-12.788729667663574
▁customary	-12.788741111755371
▁rodent	-12.788801193237305
▁benign	-12.788854598999023
▁confer	-12.788909912109375
▁augmented	-12.789191246032715
▁primetime	-12.789288520812988
▁gator	-12.789429664611816
▁cellar	-12.789834022521973
▁fg	-12.790045738220215
▁farmland	-12.790091514587402
▁tuning	-12.790390014648438
ales	-12.790448188781738
▁widening	-12.790579795837402
▁dispersed	-12.790689468383789
▁manor	-12.790788650512695
▁rulers	-12.790972709655762
▁suppressed	-12.791017532348633
▁zhu	-12.791162490844727
▁protestant	-12.791189193725586
▁pulp	-12.791319847106934
▁lookout	-12.791394233703613
omi	-12.79146957397461
▁weakening	-12.791556358337402
▁kle	-12.792436599731445
▁guarded	-12.79283332824707
▁naga	-12.793069839477539
▁tubes	-12.793081283569336
scape	-12.793130874633789
isch	-12.793134689331055
▁purge	-12.793292045593262
▁stew	-12.793392181396484
wl	-12.79406452178955
cci	-12.794652938842773
hri	-12.794896125793457
enti	-12.79504108428955
▁installations	-12.79515266418457
▁merri	-12.796010971069336
▁rhys	-12.796055793762207
unk	-12.796281814575195
▁gull	-12.796651840209961
▁robe	-12.796703338623047
▁1933	-12.796730041503906
▁experimenting	-12.797271728515625
▁outward	-12.79758358001709
▁combinations	-12.797897338867188
bak	-12.79825210571289
▁occupants	-12.798646926879883
▁colo	-12.798843383789062
▁verde	-12.799653053283691
▁merchants	-12.799942970275879
lev	-12.80024242401123
▁rana	-12.800304412841797
▁grenades	-12.800553321838379
▁spr	-12.8005952835083
▁nico	-12.8009033203125
▁trumpet	-12.800935745239258
▁resembles	-12.802553176879883
▁oti	-12.803298950195312
▁650	-12.803445816040039
nato	-12.803563117980957
▁kilograms	-12.803611755371094
▁stalk	-12.803667068481445
▁tyre	-12.804583549499512
▁forge	-12.804749488830566
dig	-12.805099487304688
▁iq	-12.806124687194824
▁formats	-12.806302070617676
made	-12.806591987609863
▁wizard	-12.806687355041504
▁turtle	-12.80670166015625
▁thunderstorm	-12.806815147399902
▁philippine	-12.806839942932129
▁compartment	-12.807456970214844
▁vanderbilt	-12.807463645935059
▁heaviest	-12.807464599609375
▁nineteen	-12.807466506958008
▁cyrus	-12.807478904724121
▁infinity	-12.80748176574707
▁einstein	-12.807497024536133
▁municipalities	-12.807497024536133
▁focal	-12.80750846862793
▁stockholm	-12.807575225830078
▁stallion	-12.807576179504395
▁batsmen	-12.807577133178711
▁screenplay	-12.807600975036621
▁marvin	-12.807673454284668
▁dimensional	-12.807697296142578
▁garfield	-12.80772590637207
▁pel	-12.807830810546875
▁arising	-12.80790901184082
▁batted	-12.80793571472168
▁novelty	-12.808119773864746
▁hua	-12.808381080627441
ppe	-12.808393478393555
▁axis	-12.808664321899414
▁wigan	-12.80900764465332
▁alc	-12.809011459350586
▁benson	-12.809065818786621
▁instituted	-12.80925464630127
▁augusta	-12.809414863586426
▁boon	-12.809529304504395
▁dots	-12.809798240661621
▁randomly	-12.809964179992676
▁kali	-12.811623573303223
▁termed	-12.812005996704102
▁peck	-12.812051773071289
▁glut	-12.812117576599121
▁bland	-12.812199592590332
▁recognizes	-12.812551498413086
hawk	-12.812736511230469
▁herb	-12.812931060791016
oko	-12.813750267028809
▁progresses	-12.814078330993652
▁tusk	-12.814748764038086
▁vid	-12.81503677368164
▁ruler	-12.815143585205078
▁jur	-12.815251350402832
▁merits	-12.816032409667969
▁bae	-12.81607723236084
▁harriet	-12.816267013549805
gno	-12.8167085647583
▁revolv	-12.817184448242188
▁squa	-12.817301750183105
▁metallic	-12.817538261413574
▁blanc	-12.81792163848877
pati	-12.818087577819824
rada	-12.819768905639648
apa	-12.819866180419922
▁pall	-12.819937705993652
▁otto	-12.820443153381348
▁ska	-12.820937156677246
▁legge	-12.82154655456543
▁regal	-12.822051048278809
▁wesley	-12.82247257232666
▁tun	-12.822598457336426
fest	-12.824695587158203
▁acclaim	-12.825616836547852
▁derive	-12.825690269470215
▁hare	-12.82591438293457
▁skier	-12.826143264770508
scribed	-12.826153755187988
logic	-12.826173782348633
hia	-12.826289176940918
fon	-12.82630729675293
▁weir	-12.826492309570312
▁isabel	-12.82659912109375
▁apparatus	-12.826693534851074
▁dictionary	-12.826693534851074
▁inducted	-12.826693534851074
▁rebuilt	-12.826693534851074
▁resonance	-12.826693534851074
▁wilmington	-12.826693534851074
▁clergy	-12.82669448852539
▁prefecture	-12.82669734954834
▁continuation	-12.826713562011719
▁circa	-12.826761245727539
▁edible	-12.826802253723145
▁laurence	-12.826931953430176
▁genetically	-12.826940536499023
▁validity	-12.826970100402832
▁tallest	-12.827122688293457
▁kitty	-12.827127456665039
▁browne	-12.827157020568848
phe	-12.827458381652832
▁enhancement	-12.827588081359863
▁wagon	-12.82783317565918
▁pony	-12.827888488769531
▁miya	-12.827909469604492
race	-12.827934265136719
▁edgar	-12.82796859741211
▁merged	-12.82812213897705
▁chord	-12.828218460083008
▁afro	-12.828848838806152
▁behavioral	-12.829020500183105
▁walters	-12.829133033752441
pie	-12.829647064208984
▁starr	-12.83018970489502
▁extracted	-12.83032512664795
▁hog	-12.830784797668457
▁volunteered	-12.83177661895752
▁mca	-12.831925392150879
rav	-12.83268928527832
▁gris	-12.832881927490234
▁gong	-12.83324909210205
chie	-12.833333969116211
▁chandra	-12.833830833435059
▁cn	-12.833937644958496
▁sg	-12.834999084472656
heart	-12.835855484008789
▁crest	-12.83619213104248
▁horne	-12.836213111877441
lough	-12.836326599121094
▁kop	-12.836661338806152
asia	-12.836809158325195
cord	-12.836971282958984
▁puzzles	-12.837096214294434
▁plains	-12.838932991027832
▁funnel	-12.839054107666016
▁213	-12.839092254638672
atta	-12.839466094970703
case	-12.839677810668945
nzo	-12.84150505065918
▁attest	-12.84175968170166
burgh	-12.842391967773438
▁techno	-12.842467308044434
▁wor	-12.842817306518555
dhi	-12.843194007873535
▁cau	-12.8431978225708
▁muster	-12.84349250793457
tico	-12.84352970123291
gren	-12.844375610351562
▁meadow	-12.844493865966797
▁induce	-12.845107078552246
▁betray	-12.845117568969727
building	-12.845218658447266
▁illustrate	-12.845317840576172
▁bib	-12.845335960388184
▁revision	-12.845682144165039
dorf	-12.845939636230469
▁zombie	-12.846257209777832
▁accumulation	-12.846302032470703
▁aforementioned	-12.846302032470703
▁aluminum	-12.846302032470703
▁dorothy	-12.846302032470703
▁mysteries	-12.846302032470703
▁pianist	-12.846302032470703
▁proclamation	-12.846302032470703
▁replenish	-12.846302032470703
▁rewrite	-12.846302032470703
▁sampling	-12.846302032470703
▁shuffle	-12.84630298614502
▁stereo	-12.846303939819336
▁rendition	-12.846307754516602
▁wyatt	-12.846314430236816
▁genital	-12.846321105957031
▁inactive	-12.846324920654297
▁gloria	-12.846328735351562
▁fraternity	-12.846332550048828
▁laurie	-12.846333503723145
▁randall	-12.846334457397461
▁geological	-12.84635066986084
▁polymer	-12.846470832824707
▁differentiate	-12.84654426574707
▁discoveries	-12.846585273742676
▁downgraded	-12.846626281738281
▁offspring	-12.846626281738281
▁balkan	-12.846633911132812
▁crossover	-12.846654891967773
▁forestry	-12.847095489501953
▁convened	-12.84717845916748
▁springfield	-12.84723949432373
▁charleston	-12.847784996032715
▁slope	-12.84789752960205
▁widened	-12.847962379455566
▁modeling	-12.848197937011719
bow	-12.848634719848633
▁scenery	-12.848872184753418
▁drifting	-12.849441528320312
▁groove	-12.849470138549805
▁crafts	-12.85057544708252
train	-12.851417541503906
otto	-12.851786613464355
▁maze	-12.85196590423584
▁550	-12.852239608764648
▁drums	-12.852261543273926
▁flo	-12.85284423828125
vu	-12.852884292602539
▁zin	-12.853172302246094
▁cac	-12.853316307067871
▁blazers	-12.853412628173828
▁tunes	-12.853933334350586
bey	-12.854344367980957
vr	-12.856189727783203
▁mace	-12.856295585632324
▁descendants	-12.856551170349121
▁twi	-12.856931686401367
▁mesa	-12.8571195602417
▁waterways	-12.857368469238281
▁destroyer	-12.857564926147461
▁pea	-12.858277320861816
▁transferr	-12.858616828918457
▁rud	-12.858997344970703
▁boiler	-12.859101295471191
▁harri	-12.86187744140625
▁reprise	-12.862728118896484
▁kne	-12.863289833068848
xa	-12.863696098327637
ax	-12.864609718322754
lter	-12.864985466003418
▁terminate	-12.865097045898438
fen	-12.865364074707031
▁genres	-12.865790367126465
▁definite	-12.865806579589844
▁literal	-12.8660306930542
nica	-12.866127014160156
▁catalog	-12.866275787353516
▁beyoncé	-12.866301536560059
▁galaxies	-12.866301536560059
▁invincible	-12.866301536560059
▁octopus	-12.866301536560059
▁subtitle	-12.866301536560059
▁crescent	-12.866302490234375
▁hubbard	-12.866302490234375
▁spielberg	-12.86630916595459
▁defects	-12.866316795349121
▁homosexuality	-12.8663330078125
▁spatial	-12.866371154785156
▁sinai	-12.866443634033203
▁montage	-12.866463661193848
▁decay	-12.866469383239746
▁kum	-12.866536140441895
▁icelandic	-12.866545677185059
▁jules	-12.866629600524902
▁stereotype	-12.866814613342285
▁faux	-12.866888046264648
▁sailor	-12.866904258728027
▁wilde	-12.867003440856934
mund	-12.867463111877441
runner	-12.867521286010742
▁affirmed	-12.867563247680664
▁gameplay	-12.867774963378906
▁entirety	-12.867876052856445
mara	-12.867897033691406
▁dismantled	-12.86815357208252
▁cin	-12.868202209472656
▁reuse	-12.868562698364258
▁projection	-12.868674278259277
ör	-12.868721008300781
▁325	-12.868868827819824
▁occupying	-12.8689546585083
▁chapters	-12.869176864624023
▁outpost	-12.869200706481934
rib	-12.869526863098145
▁deeds	-12.869553565979004
▁zar	-12.869826316833496
▁persisted	-12.869976997375488
▁creed	-12.870012283325195
enden	-12.87026596069336
▁baja	-12.870305061340332
▁recon	-12.870323181152344
▁roche	-12.870818138122559
▁nag	-12.870894432067871
▁222	-12.871204376220703
▁169	-12.87190055847168
▁jas	-12.872673034667969
▁cara	-12.872686386108398
▁socialism	-12.872833251953125
mpa	-12.873185157775879
▁bul	-12.873208999633789
▁kah	-12.873899459838867
▁205	-12.874054908752441
▁aaa	-12.875300407409668
birds	-12.876572608947754
band	-12.876632690429688
lica	-12.877612113952637
▁prose	-12.87845516204834
▁roh	-12.878905296325684
illy	-12.879420280456543
▁320	-12.88041877746582
zon	-12.882478713989258
▁criticiz	-12.88270092010498
gene	-12.883583068847656
▁rifles	-12.886165618896484
mma	-12.886191368103027
▁sailors	-12.886326789855957
▁mosquito	-12.886466026306152
▁bankrupt	-12.886700630187988
▁reveren	-12.88670825958252
▁astronomical	-12.886710166931152
▁charlton	-12.886710166931152
▁decreasing	-12.886710166931152
▁laureate	-12.886710166931152
▁mongolia	-12.886711120605469
▁dwight	-12.88671588897705
▁enclose	-12.88671875
▁twilight	-12.886719703674316
▁canopy	-12.886722564697266
▁fungus	-12.886723518371582
▁resemblance	-12.88674259185791
▁cruising	-12.886760711669922
▁mathew	-12.886761665344238
▁rotating	-12.886786460876465
▁sermon	-12.886794090270996
▁canton	-12.886892318725586
▁nordic	-12.886985778808594
▁shells	-12.88701343536377
▁hawaiian	-12.887229919433594
▁mammal	-12.887600898742676
▁vc	-12.887699127197266
▁optical	-12.88774585723877
▁203	-12.888093948364258
▁195	-12.888925552368164
▁183	-12.889348030090332
▁pawn	-12.889533042907715
▁surpassing	-12.889769554138184
▁exhibited	-12.889867782592773
▁mk	-12.890547752380371
▁artifacts	-12.891515731811523
▁aero	-12.891805648803711
thora	-12.892024040222168
▁blond	-12.893617630004883
▁beams	-12.893970489501953
▁bavaria	-12.894294738769531
▁flora	-12.894498825073242
▁850	-12.895606994628906
▁bombed	-12.896080017089844
bula	-12.896538734436035
dir	-12.897090911865234
▁stamps	-12.897162437438965
▁shab	-12.897289276123047
▁dams	-12.898314476013184
▁kru	-12.89841365814209
▁jain	-12.899162292480469
▁barra	-12.89926528930664
▁entra	-12.89945125579834
▁thistle	-12.899820327758789
▁leone	-12.899959564208984
▁parallels	-12.900246620178223
▁rey	-12.90135669708252
▁cosmo	-12.901561737060547
▁thu	-12.902338981628418
▁utiliz	-12.902571678161621
dian	-12.902671813964844
▁lur	-12.902718544006348
▁cricketers	-12.903515815734863
uche	-12.903573989868164
▁transporting	-12.903916358947754
▁idle	-12.903924942016602
shing	-12.904394149780273
▁geek	-12.904415130615234
▁retrieve	-12.905119895935059
yev	-12.905238151550293
▁ute	-12.905252456665039
▁masse	-12.905406951904297
ovi	-12.906661987304688
▁vigorous	-12.90704345703125
fel	-12.907170295715332
▁artefacts	-12.907543182373047
▁eleanor	-12.907543182373047
▁facade	-12.907543182373047
▁pseudonym	-12.907543182373047
▁relinquish	-12.907543182373047
▁reproduction	-12.907543182373047
▁width	-12.907546043395996
▁erotic	-12.907551765441895
▁communism	-12.907562255859375
▁hulk	-12.907575607299805
cco	-12.907578468322754
▁screenwriter	-12.907590866088867
▁emerson	-12.907594680786133
▁patronage	-12.90761947631836
▁compression	-12.907631874084473
▁statesman	-12.907657623291016
▁amusing	-12.907662391662598
▁antarctica	-12.907796859741211
▁neutrality	-12.907934188842773
▁inexperienced	-12.907989501953125
▁patty	-12.908045768737793
▁assassinated	-12.908087730407715
▁renovated	-12.908245086669922
▁ria	-12.908834457397461
▁envisioned	-12.90894603729248
▁delegate	-12.908960342407227
▁disguised	-12.909164428710938
▁silky	-12.909364700317383
▁serb	-12.909451484680176
▁serbian	-12.909479141235352
▁exercised	-12.90980339050293
▁peg	-12.90981674194336
quer	-12.909979820251465
blin	-12.910219192504883
eter	-12.9107027053833
cross	-12.911232948303223
print	-12.911388397216797
▁fitz	-12.912578582763672
lig	-12.913031578063965
▁sustaining	-12.913247108459473
▁275	-12.913349151611328
▁albi	-12.913869857788086
▁beech	-12.913928985595703
▁pau	-12.913958549499512
▁1939	-12.914822578430176
▁visuals	-12.91539192199707
▁gallons	-12.916483879089355
▁dong	-12.916610717773438
▁modifications	-12.916735649108887
wel	-12.917075157165527
may	-12.917465209960938
▁acids	-12.918290138244629
▁monta	-12.919441223144531
ambo	-12.919455528259277
▁hilar	-12.919607162475586
▁turbines	-12.919745445251465
grave	-12.920449256896973
▁cutter	-12.920490264892578
▁markers	-12.920792579650879
▁eighty	-12.923542976379395
tax	-12.923883438110352
▁blu	-12.923944473266602
▁gren	-12.92501449584961
▁177	-12.925823211669922
▁lima	-12.92593002319336
▁advertisements	-12.926230430603027
▁miner	-12.9263916015625
▁rf	-12.926548957824707
▁rah	-12.926627159118652
gger	-12.927043914794922
▁dissolve	-12.9276123046875
▁inhabit	-12.927754402160645
▁garde	-12.928018569946289
▁phenomena	-12.928627014160156
▁hooks	-12.928780555725098
▁acquaintance	-12.92881965637207
▁apocalyptic	-12.92881965637207
▁cerebral	-12.92881965637207
▁deutsche	-12.92881965637207
▁obituary	-12.92881965637207
▁pérez	-12.92881965637207
▁secession	-12.92881965637207
▁unconventional	-12.92881965637207
▁velocity	-12.92881965637207
▁melody	-12.928820610046387
▁mankind	-12.928825378417969
▁smyth	-12.928829193115234
▁imprint	-12.928832054138184
▁juliet	-12.928848266601562
▁zebra	-12.928851127624512
▁edmund	-12.928858757019043
▁prosperous	-12.928862571716309
▁inheritance	-12.928864479064941
▁hamburg	-12.92891788482666
▁beetle	-12.92892074584961
▁titanic	-12.928934097290039
▁toledo	-12.92896842956543
▁municipality	-12.928971290588379
▁rodney	-12.928973197937012
media	-12.929190635681152
▁tanner	-12.929237365722656
▁costello	-12.929241180419922
▁improvised	-12.929290771484375
▁outnumbered	-12.929367065429688
▁bundy	-12.929434776306152
▁summon	-12.92955493927002
▁pigment	-12.930025100708008
▁eroded	-12.930241584777832
▁fru	-12.930306434631348
▁marx	-12.930384635925293
▁poetic	-12.930598258972168
▁laurent	-12.930902481079102
▁pag	-12.931478500366211
▁pollen	-12.931632041931152
▁1938	-12.931848526000977
▁haunting	-12.932846069335938
▁constituted	-12.933202743530273
▁plo	-12.933364868164062
rosa	-12.933891296386719
trans	-12.933928489685059
▁capp	-12.934244155883789
▁thom	-12.934427261352539
pher	-12.93456745147705
enstein	-12.93613338470459
mini	-12.936677932739258
▁stur	-12.93741512298584
kee	-12.93775463104248
▁moist	-12.938365936279297
▁busch	-12.938400268554688
▁portrays	-12.938504219055176
ander	-12.938591957092285
lane	-12.938631057739258
▁pon	-12.938931465148926
assi	-12.938942909240723
trop	-12.93961238861084
▁frey	-12.942917823791504
ár	-12.9429931640625
gara	-12.943641662597656
▁bret	-12.94407844543457
atu	-12.944231033325195
bear	-12.945745468139648
▁homo	-12.947033882141113
▁confess	-12.947417259216309
onda	-12.947872161865234
croft	-12.949660301208496
group	-12.949670791625977
▁lumi	-12.949821472167969
▁00	-12.949901580810547
anu	-12.950509071350098
▁elastic	-12.950541496276855
▁abdominal	-12.95055866241455
▁degradation	-12.95055866241455
▁enclosure	-12.95055866241455
▁imaginative	-12.95055866241455
▁registry	-12.95055866241455
▁vicinity	-12.95055866241455
▁piercing	-12.950559616088867
▁algae	-12.950560569763184
▁reptile	-12.950560569763184
▁bahamas	-12.95056438446045
▁zy	-12.950565338134766
▁pilgrimage	-12.950572967529297
▁flint	-12.950582504272461
▁maurice	-12.950582504272461
▁lifespan	-12.950591087341309
▁oslo	-12.950617790222168
▁vernon	-12.950623512268066
▁hubble	-12.950667381286621
▁gentlemen	-12.950743675231934
▁nicholson	-12.950830459594727
▁dahl	-12.9510498046875
▁nam	-12.951138496398926
▁boise	-12.951186180114746
▁projectile	-12.951242446899414
▁wizards	-12.951455116271973
▁cultivated	-12.951478958129883
▁sewer	-12.9523344039917
▁viking	-12.952939987182617
▁sensory	-12.953505516052246
▁truman	-12.953621864318848
▁hume	-12.954527854919434
▁375	-12.95493221282959
rado	-12.955198287963867
▁wc	-12.955257415771484
▁bestow	-12.95583724975586
▁208	-12.955968856811523
▁poets	-12.957144737243652
▁divert	-12.957171440124512
itable	-12.959723472595215
▁stoic	-12.959885597229004
▁grape	-12.959985733032227
space	-12.960322380065918
enburg	-12.961223602294922
▁gest	-12.962233543395996
▁widen	-12.962254524230957
lei	-12.962915420532227
rix	-12.963152885437012
ovsky	-12.964225769042969
▁310	-12.964241981506348
▁ley	-12.964951515197754
▁tard	-12.965751647949219
▁hazel	-12.966143608093262
bone	-12.966628074645996
ija	-12.967788696289062
▁limbs	-12.968086242675781
▁octa	-12.968260765075684
▁217	-12.96870231628418
lap	-12.969609260559082
är	-12.969698905944824
yr	-12.970579147338867
▁420	-12.970582008361816
▁psyche	-12.97059440612793
▁royale	-12.971064567565918
▁tutor	-12.97122573852539
▁gloucester	-12.9727783203125
▁auschwitz	-12.97278118133545
▁diameter	-12.97278118133545
▁lafayette	-12.97278118133545
▁millennium	-12.97278118133545
▁supernatural	-12.97278118133545
▁incurred	-12.972782135009766
▁mikhail	-12.972784042358398
▁seventeen	-12.972784996032715
▁captivity	-12.972786903381348
▁cyril	-12.972790718078613
▁sesame	-12.97279167175293
▁periodically	-12.972807884216309
▁venom	-12.972809791564941
▁cusp	-12.972829818725586
▁songwriting	-12.972837448120117
▁excavation	-12.972859382629395
▁insistence	-12.972860336303711
▁inadvertently	-12.972899436950684
▁finnish	-12.972920417785645
▁muddy	-12.972922325134277
zin	-12.972990036010742
▁phelps	-12.973122596740723
▁airbus	-12.973227500915527
▁overflow	-12.973350524902344
▁georgetown	-12.97338581085205
▁kala	-12.97341251373291
▁devised	-12.973466873168945
▁bedford	-12.97363567352295
bby	-12.973736763000488
▁immortal	-12.973747253417969
virus	-12.973956108093262
▁albanian	-12.974019050598145
▁rowling	-12.97410774230957
▁huff	-12.974132537841797
▁banish	-12.974149703979492
▁mantle	-12.974153518676758
▁rowland	-12.97477912902832
▁ledger	-12.975192070007324
oti	-12.975223541259766
▁advertisement	-12.97555923461914
▁kilometer	-12.9756498336792
force	-12.976055145263672
▁tsu	-12.976089477539062
▁thermo	-12.97665786743164
▁219	-12.97756576538086
yar	-12.977681159973145
▁chal	-12.978222846984863
▁hawke	-12.978370666503906
▁remnants	-12.97848129272461
▁vii	-12.978803634643555
▁shelby	-12.979694366455078
▁raptors	-12.98031234741211
▁db	-12.980501174926758
▁nasal	-12.98064136505127
▁007	-12.980788230895996
▁exploits	-12.980857849121094
kari	-12.981037139892578
▁inhibit	-12.981526374816895
dder	-12.98154354095459
▁arabian	-12.981574058532715
▁benz	-12.981915473937988
acre	-12.98266887664795
▁jc	-12.983370780944824
▁salem	-12.983475685119629
▁terri	-12.985709190368652
▁pillars	-12.987419128417969
▁storylines	-12.988245964050293
▁collaborators	-12.988584518432617
▁siberia	-12.989180564880371
cock	-12.989355087280273
▁chun	-12.991243362426758
▁naz	-12.99331283569336
enchant	-12.993602752685547
ady	-12.993608474731445
▁geno	-12.99367904663086
▁401	-12.994332313537598
▁proclaim	-12.994430541992188
▁iris	-12.99461555480957
▁nominate	-12.994847297668457
▁worms	-12.99485969543457
▁dill	-12.99525260925293
girl	-12.995369911193848
▁paradox	-12.995494842529297
▁slopes	-12.995504379272461
▁artillery	-12.995508193969727
▁citadel	-12.995508193969727
▁conjunction	-12.995508193969727
▁encroach	-12.995508193969727
▁handheld	-12.995508193969727
▁jurassic	-12.995508193969727
▁montenegro	-12.995508193969727
▁multiplayer	-12.995508193969727
▁psychedelic	-12.995508193969727
▁sediment	-12.995508193969727
▁tuberculosis	-12.995508193969727
▁activation	-12.995509147644043
▁nielsen	-12.995509147644043
▁ninja	-12.995509147644043
▁cliché	-12.99551010131836
▁aristocrat	-12.995513916015625
▁choreography	-12.995513916015625
▁geoffrey	-12.995516777038574
▁citation	-12.99551773071289
▁sodium	-12.99552059173584
▁parrot	-12.995539665222168
▁concord	-12.995569229125977
▁reflex	-12.995598793029785
▁hastily	-12.995617866516113
▁salford	-12.995628356933594
▁hydra	-12.995661735534668
▁satire	-12.995709419250488
▁medley	-12.995760917663574
▁classification	-12.995766639709473
▁compton	-12.995811462402344
▁fellowship	-12.995826721191406
▁showrunner	-12.996011734008789
▁avery	-12.996037483215332
▁diab	-12.996075630187988
▁gorge	-12.996111869812012
▁relic	-12.996188163757324
▁indirectly	-12.996356010437012
▁turtles	-12.996459007263184
▁doctorate	-12.99646282196045
▁samoa	-12.99655818939209
▁rhyme	-12.996719360351562
▁vander	-12.996733665466309
▁correlate	-12.99679183959961
▁conquered	-12.997264862060547
▁webber	-12.997366905212402
union	-12.997820854187012
jon	-12.998615264892578
▁sniper	-12.9987211227417
odi	-12.998934745788574
▁princeton	-12.999138832092285
▁wah	-12.999363899230957
▁stor	-12.999615669250488
▁cort	-12.999732971191406
▁gol	-13.000687599182129
▁taka	-13.000876426696777
▁tenor	-13.001713752746582
▁archaeologists	-13.002278327941895
▁travers	-13.003578186035156
▁cruiser	-13.004072189331055
▁mura	-13.00409984588623
▁otter	-13.004114151000977
▁ves	-13.00495719909668
▁worm	-13.005703926086426
▁ashore	-13.007186889648438
uca	-13.007503509521484
▁britt	-13.00762939453125
pole	-13.007711410522461
lation	-13.007981300354004
rica	-13.008005142211914
ffen	-13.008824348449707
ango	-13.00887680053711
▁russo	-13.009600639343262
gia	-13.01063346862793
▁280	-13.011056900024414
bay	-13.013110160827637
▁conner	-13.014254570007324
most	-13.01540756225586
▁financed	-13.01601505279541
▁assign	-13.0180025100708
ghi	-13.01851749420166
▁consort	-13.018753051757812
▁baxter	-13.01876449584961
▁biographer	-13.01876449584961
▁buddhist	-13.01876449584961
▁calgary	-13.01876449584961
▁detonated	-13.01876449584961
▁fairfax	-13.01876449584961
▁guerrilla	-13.01876449584961
▁napoleon	-13.01876449584961
▁prostitution	-13.01876449584961
▁bonfire	-13.018789291381836
▁comedic	-13.018793106079102
▁caliber	-13.018796920776367
▁bluff	-13.018817901611328
▁gue	-13.018848419189453
▁sabres	-13.018856048583984
▁fortified	-13.018867492675781
▁colonies	-13.018888473510742
▁molina	-13.018987655639648
▁scandinavian	-13.01905632019043
▁watershed	-13.019072532653809
▁panned	-13.01921558380127
▁patrolling	-13.019272804260254
▁swin	-13.019329071044922
film	-13.019571304321289
uter	-13.019613265991211
▁spawned	-13.019746780395508
▁redesigned	-13.019798278808594
▁spies	-13.020018577575684
tsch	-13.020281791687012
hey	-13.020573616027832
▁lester	-13.021296501159668
hardt	-13.021364212036133
▁scouting	-13.02168083190918
etto	-13.022018432617188
front	-13.022160530090332
▁167	-13.022488594055176
▁1936	-13.022614479064941
▁kilometre	-13.022701263427734
▁loosely	-13.022797584533691
▁satin	-13.023882865905762
▁prominently	-13.024003028869629
grass	-13.024340629577637
▁206	-13.024913787841797
ural	-13.025644302368164
▁zinc	-13.02580738067627
▁rink	-13.025992393493652
forth	-13.026508331298828
▁infants	-13.027575492858887
▁reinforcements	-13.027629852294922
issi	-13.027737617492676
forming	-13.028350830078125
▁sib	-13.02902889251709
▁petr	-13.029707908630371
para	-13.029792785644531
▁bearer	-13.029841423034668
▁stalin	-13.031790733337402
▁bund	-13.033605575561523
nian	-13.033689498901367
evolutionary	-13.034703254699707
▁haf	-13.034729957580566
osi	-13.036227226257324
▁235	-13.03790283203125
▁kawa	-13.038416862487793
▁reefs	-13.038454055786133
kow	-13.038800239562988
zak	-13.038939476013184
▁lotus	-13.03904914855957
▁abby	-13.039907455444336
bird	-13.039966583251953
▁canoe	-13.040196418762207
▁boe	-13.04044246673584
▁crusade	-13.040583610534668
▁milo	-13.040932655334473
ultimate	-13.041654586791992
▁petro	-13.041670799255371
▁atlas	-13.042264938354492
▁calcium	-13.042573928833008
▁centimetre	-13.042573928833008
▁constellation	-13.042573928833008
▁deterioration	-13.042573928833008
▁incursion	-13.042573928833008
▁mcleod	-13.042573928833008
▁ostensibly	-13.042573928833008
▁philosopher	-13.042573928833008
▁pokémon	-13.042573928833008
▁radioactive	-13.042573928833008
▁scenic	-13.042573928833008
▁suzuki	-13.042573928833008
▁vampire	-13.042573928833008
▁veronica	-13.042573928833008
▁octagon	-13.042580604553223
▁irwin	-13.042581558227539
▁omega	-13.04259204864502
▁thief	-13.042594909667969
▁negro	-13.042652130126953
▁naples	-13.042655944824219
▁calais	-13.042664527893066
▁minaj	-13.042753219604492
▁lizard	-13.042756080627441
▁freshwater	-13.042842864990234
▁bassist	-13.042848587036133
▁quasi	-13.042864799499512
▁sawyer	-13.043163299560547
▁robson	-13.043510437011719
▁mapping	-13.043950080871582
▁hoist	-13.044663429260254
▁livingstone	-13.044941902160645
▁malaysian	-13.04500675201416
hoff	-13.045008659362793
▁realization	-13.045249938964844
▁portraying	-13.045557975769043
▁1942	-13.045644760131836
▁utilize	-13.045822143554688
▁airfield	-13.046014785766602
ester	-13.046225547790527
▁ballad	-13.047945976257324
dea	-13.0483980178833
▁reservoirs	-13.048467636108398
elia	-13.048707962036133
▁frogs	-13.049352645874023
▁brig	-13.050420761108398
▁straits	-13.050423622131348
▁jacques	-13.050633430480957
▁duff	-13.052059173583984
▁lim	-13.052270889282227
▁ober	-13.053234100341797
ulu	-13.053670883178711
▁agri	-13.053969383239746
▁mead	-13.054146766662598
iche	-13.054443359375
▁lud	-13.056578636169434
▁poole	-13.056681632995605
▁232	-13.057991027832031
▁revolves	-13.059764862060547
▁barge	-13.061448097229004
erie	-13.06212329864502
▁elk	-13.062334060668945
▁sled	-13.063141822814941
▁bj	-13.064607620239258
▁georg	-13.064672470092773
▁mechanic	-13.065248489379883
▁ariel	-13.065291404724121
guard	-13.065400123596191
position	-13.06580924987793
▁redesign	-13.06588077545166
▁reviewers	-13.06667709350586
▁tibet	-13.0668306350708
▁compress	-13.06686782836914
▁cockpit	-13.066964149475098
▁damascus	-13.066964149475098
▁landowner	-13.066964149475098
▁matilda	-13.066964149475098
▁muscular	-13.066964149475098
▁prostitute	-13.066964149475098
▁quebec	-13.066964149475098
▁repetition	-13.066964149475098
▁superficial	-13.066964149475098
▁anatomy	-13.066965103149414
▁mermaid	-13.066965103149414
▁anthology	-13.066969871520996
▁ambient	-13.066971778869629
▁gemini	-13.067051887512207
▁distortion	-13.067055702209473
▁resurrection	-13.06710433959961
▁rhine	-13.067113876342773
▁supernova	-13.067136764526367
▁scully	-13.06716251373291
athi	-13.067510604858398
▁waterloo	-13.067578315734863
▁ashton	-13.067596435546875
▁strut	-13.06761360168457
▁wartime	-13.067831993103027
▁illuminated	-13.068307876586914
writer	-13.068451881408691
▁michele	-13.06869888305664
▁skinner	-13.068706512451172
▁embryo	-13.068851470947266
lone	-13.068864822387695
▁percy	-13.06909465789795
▁volt	-13.069244384765625
▁gravel	-13.069592475891113
azi	-13.069863319396973
▁unlocked	-13.071035385131836
▁kilogram	-13.07198429107666
▁joker	-13.073171615600586
▁milky	-13.074085235595703
bah	-13.074419021606445
▁scripted	-13.074655532836914
umba	-13.075366973876953
kki	-13.076618194580078
▁severed	-13.07685375213623
ribe	-13.07766342163086
▁cum	-13.077817916870117
▁262	-13.078197479248047
▁hector	-13.07828426361084
▁lore	-13.078606605529785
▁lille	-13.079635620117188
▁hanged	-13.079668998718262
▁chili	-13.080179214477539
▁clari	-13.080918312072754
▁limb	-13.081847190856934
▁succeeding	-13.0820894241333
▁accolades	-13.082329750061035
▁216	-13.083224296569824
▁altar	-13.083532333374023
▁burg	-13.084375381469727
▁223	-13.084471702575684
atic	-13.085168838500977
▁cog	-13.08519172668457
void	-13.085479736328125
▁reformed	-13.085714340209961
▁kash	-13.086579322814941
yama	-13.086747169494629
uber	-13.087745666503906
▁guarding	-13.089943885803223
▁attic	-13.090821266174316
▁migrate	-13.090858459472656
▁patriarch	-13.091215133666992
bour	-13.091251373291016
▁inventor	-13.091642379760742
▁profess	-13.091787338256836
▁reconstruct	-13.091939926147461
▁activision	-13.091963768005371
▁archipelago	-13.091963768005371
▁chevrolet	-13.091963768005371
▁simplified	-13.091963768005371
▁unreliable	-13.091963768005371
▁wainwright	-13.091963768005371
▁retrospective	-13.091978073120117
▁linguistic	-13.09199047088623
▁deacon	-13.09201717376709
▁oxide	-13.092024803161621
▁spector	-13.092029571533203
▁canucks	-13.09205436706543
▁sidney	-13.092059135437012
▁hurley	-13.092108726501465
▁extraction	-13.09217357635498
▁persian	-13.092188835144043
▁yellowstone	-13.092206001281738
▁conversely	-13.092238426208496
▁rockstar	-13.09228229522705
▁mountainous	-13.092427253723145
▁providence	-13.09262466430664
▁horizontal	-13.092674255371094
▁discontinued	-13.092719078063965
▁phy	-13.092840194702148
▁brightest	-13.092949867248535
por	-13.09335994720459
▁abolished	-13.093765258789062
▁lineage	-13.095356941223145
wig	-13.095952987670898
▁maul	-13.09597396850586
▁vh	-13.096431732177734
▁mako	-13.096802711486816
▁molecule	-13.097696304321289
▁loyalist	-13.097968101501465
▁antagonist	-13.098278045654297
▁gibb	-13.098523139953613
▁oilers	-13.099611282348633
rle	-13.099984169006348
▁wand	-13.101144790649414
nham	-13.101400375366211
odor	-13.102960586547852
▁heroine	-13.103099822998047
igh	-13.103230476379395
▁zay	-13.103767395019531
▁cory	-13.10378360748291
▁201	-13.104917526245117
enda	-13.104968070983887
▁sheila	-13.10591983795166
▁listener	-13.106532096862793
▁pav	-13.108104705810547
▁305	-13.108412742614746
▁recorder	-13.109196662902832
▁cobb	-13.10938549041748
▁tankers	-13.109501838684082
rton	-13.1102876663208
take	-13.111817359924316
▁194	-13.11373233795166
iana	-13.115758895874023
▁decorati	-13.115931510925293
word	-13.11653995513916
▁spawn	-13.116625785827637
▁shrine	-13.1166353225708
oga	-13.117395401000977
▁ancestral	-13.117605209350586
▁brunswick	-13.117605209350586
▁camouflage	-13.117605209350586
▁cherokee	-13.117605209350586
▁covenant	-13.117605209350586
▁exploding	-13.117605209350586
▁guerrero	-13.117605209350586
▁illegitimate	-13.117605209350586
▁implied	-13.117605209350586
▁kendrick	-13.117605209350586
▁mauritius	-13.117605209350586
▁propulsion	-13.117605209350586
▁typhoon	-13.117605209350586
▁winnipeg	-13.117605209350586
▁domination	-13.117606163024902
▁futuristic	-13.117618560791016
▁carving	-13.117619514465332
▁modify	-13.117639541625977
▁arcade	-13.117660522460938
▁conceptual	-13.117691993713379
▁selena	-13.117725372314453
▁wanderers	-13.117859840393066
ewski	-13.118030548095703
▁burma	-13.118145942687988
▁keynes	-13.118589401245117
▁conception	-13.118795394897461
▁playboy	-13.118812561035156
lau	-13.118828773498535
▁lighthouse	-13.119038581848145
▁roadway	-13.119059562683105
activity	-13.119158744812012
▁atoms	-13.119543075561523
▁sparse	-13.119698524475098
▁flourished	-13.120162010192871
▁trench	-13.12039566040039
▁ballard	-13.120407104492188
hog	-13.120430946350098
▁curved	-13.121777534484863
under	-13.121805191040039
▁quart	-13.122714042663574
▁actresses	-13.123271942138672
▁herbal	-13.125321388244629
▁plu	-13.126893043518066
▁espa	-13.127623558044434
▁naka	-13.127863883972168
▁hud	-13.129291534423828
▁specimens	-13.129518508911133
▁keel	-13.130590438842773
▁nig	-13.130635261535645
▁java	-13.131895065307617
▁stripe	-13.13192367553711
▁meek	-13.132304191589355
angelo	-13.132421493530273
▁bora	-13.134467124938965
▁kite	-13.134563446044922
screen	-13.135345458984375
▁engr	-13.13591480255127
▁cob	-13.13656234741211
agle	-13.137246131896973
▁192	-13.138178825378418
▁kie	-13.139473915100098
▁hypo	-13.13997745513916
▁bour	-13.140040397644043
▁rav	-13.14055347442627
lano	-13.141436576843262
▁dante	-13.141704559326172
wara	-13.142302513122559
▁devote	-13.142499923706055
script	-13.143028259277344
▁ambush	-13.143073081970215
cept	-13.14358901977539
▁pluto	-13.1437349319458
▁bombarded	-13.1439208984375
▁collegiate	-13.1439208984375
▁combustion	-13.1439208984375
▁cultivation	-13.1439208984375
▁doctrine	-13.1439208984375
▁dynasty	-13.1439208984375
▁eminent	-13.1439208984375
▁inconclusive	-13.1439208984375
▁latitude	-13.1439208984375
▁physicist	-13.1439208984375
▁rutherford	-13.1439208984375
▁skyscraper	-13.1439208984375
▁goaltender	-13.143921852111816
▁snail	-13.14392375946045
▁ernest	-13.143932342529297
▁contradictory	-13.143935203552246
▁talbot	-13.143936157226562
▁recapture	-13.143938064575195
▁laurel	-13.143943786621094
▁invad	-13.143946647644043
▁chestnut	-13.14395809173584
▁metabolic	-13.143977165222168
▁gaelic	-13.143998146057129
▁gallant	-13.143998146057129
▁agnes	-13.144010543823242
hid	-13.144018173217773
▁climax	-13.144039154052734
▁tibetan	-13.14411735534668
▁purity	-13.144135475158691
▁eliza	-13.144286155700684
▁experimentation	-13.144295692443848
▁elias	-13.144309997558594
▁nominal	-13.144338607788086
▁alvar	-13.144737243652344
▁sketches	-13.144804000854492
▁chilean	-13.144818305969238
▁ambushed	-13.145008087158203
▁gat	-13.145198822021484
▁stationary	-13.145312309265137
▁santana	-13.145334243774414
▁encompassing	-13.145439147949219
▁humber	-13.145609855651855
▁papua	-13.145689010620117
▁intensifying	-13.146617889404297
▁humid	-13.147217750549316
zhou	-13.147605895996094
▁meander	-13.148282051086426
▁abdi	-13.149103164672852
▁valve	-13.149131774902344
hren	-13.150094032287598
fix	-13.150871276855469
▁carmel	-13.151084899902344
brand	-13.151556015014648
▁commuter	-13.151642799377441
aye	-13.151815414428711
▁gland	-13.152156829833984
▁pirate	-13.15261173248291
▁linear	-13.152656555175781
avon	-13.152908325195312
▁platt	-13.154138565063477
▁mccull	-13.156895637512207
reilly	-13.157370567321777
glio	-13.157624244689941
hiro	-13.159241676330566
▁ff	-13.16005802154541
inated	-13.160985946655273
▁osi	-13.162260055541992
▁weston	-13.163580894470215
izar	-13.163739204406738
zor	-13.165711402893066
otta	-13.165974617004395
▁mystic	-13.168529510498047
▁flap	-13.168754577636719
▁pli	-13.169261932373047
▁klan	-13.169645309448242
mobile	-13.169790267944336
vier	-13.169846534729004
▁chemist	-13.170896530151367
▁tavern	-13.170909881591797
▁worcester	-13.170944213867188
▁reggae	-13.170947074890137
▁canadiens	-13.170948028564453
▁caricature	-13.170948028564453
▁catapult	-13.170948028564453
▁epilepsy	-13.170948028564453
▁fertile	-13.170948028564453
▁foliage	-13.170948028564453
▁obsolete	-13.170948028564453
▁paradigm	-13.170948028564453
▁prosthetic	-13.170948028564453
▁randolph	-13.170948028564453
▁synthesis	-13.17094898223877
▁mascot	-13.170949935913086
▁salvation	-13.170963287353516
▁disposition	-13.170975685119629
▁radius	-13.170980453491211
▁shearer	-13.171004295349121
▁stature	-13.171015739440918
▁wetlands	-13.171025276184082
▁regent	-13.17108154296875
▁truce	-13.171089172363281
▁saxon	-13.171113967895508
▁drainage	-13.171152114868164
▁gustav	-13.171194076538086
▁superiority	-13.171296119689941
▁analogy	-13.171456336975098
▁judith	-13.171476364135742
führ	-13.171477317810059
▁fuji	-13.171510696411133
▁barlow	-13.171553611755371
uci	-13.171905517578125
▁writ	-13.171964645385742
▁brewery	-13.172151565551758
▁partition	-13.172161102294922
▁croft	-13.17232894897461
▁quay	-13.172428131103516
▁preacher	-13.172525405883789
▁retrieved	-13.173056602478027
▁clima	-13.173137664794922
▁alberto	-13.173429489135742
▁alps	-13.173453330993652
▁originate	-13.173663139343262
hail	-13.173857688903809
▁shill	-13.174798011779785
▁peaking	-13.176013946533203
▁coul	-13.178030014038086
▁chet	-13.178318977355957
▁warden	-13.17873764038086
▁shrubs	-13.179058074951172
▁conan	-13.179546356201172
▁bonnet	-13.179636001586914
▁sz	-13.179973602294922
▁salam	-13.180647850036621
▁380	-13.181190490722656
▁signifie	-13.182257652282715
▁parsons	-13.183539390563965
▁warships	-13.184093475341797
brecht	-13.18449878692627
▁199	-13.18516731262207
▁202	-13.186185836791992
▁karma	-13.186657905578613
▁crist	-13.186758995056152
▁slavi	-13.187005043029785
▁265	-13.188643455505371
▁nyu	-13.18993854522705
varian	-13.193099021911621
▁racer	-13.193153381347656
▁diva	-13.19660472869873
▁correspond	-13.196991920471191
▁mao	-13.197308540344238
▁buoy	-13.197653770446777
▁graph	-13.198554039001465
▁antoine	-13.198719024658203
▁reappear	-13.198724746704102
▁biblical	-13.198725700378418
▁crimson	-13.198725700378418
▁inferior	-13.198725700378418
▁labrador	-13.198725700378418
▁madagascar	-13.198725700378418
▁mathematics	-13.198725700378418
▁occupies	-13.198725700378418
▁vengeance	-13.198725700378418
▁vulgar	-13.198725700378418
▁incarnation	-13.198726654052734
▁rehearse	-13.198726654052734
▁manuscript	-13.19872760772705
▁mosaic	-13.19872760772705
▁hebrew	-13.198728561401367
▁trinidad	-13.198729515075684
▁slender	-13.198735237121582
▁perished	-13.198741912841797
▁pertain	-13.19875431060791
▁culver	-13.198755264282227
▁mandi	-13.198777198791504
▁baird	-13.19879150390625
▁trenches	-13.198989868164062
▁keating	-13.199090957641602
linger	-13.199210166931152
▁nj	-13.199442863464355
▁peggy	-13.199502944946289
▁doorway	-13.199593544006348
▁vacated	-13.199627876281738
▁rework	-13.20048999786377
▁manila	-13.200949668884277
▁reluctantly	-13.201692581176758
lusion	-13.202630996704102
quest	-13.203608512878418
▁1935	-13.204190254211426
▁kart	-13.20471477508545
▁guil	-13.206265449523926
▁kea	-13.206336975097656
▁tweed	-13.20655345916748
cke	-13.206948280334473
▁collaborator	-13.207275390625
▁raman	-13.207826614379883
▁corr	-13.209179878234863
▁haynes	-13.209442138671875
▁pia	-13.209545135498047
▁valle	-13.21005916595459
▁1917	-13.210139274597168
▁dhar	-13.210688591003418
▁shaft	-13.212820053100586
aver	-13.213851928710938
▁prat	-13.214530944824219
▁fec	-13.216389656066895
▁traverse	-13.217391014099121
structur	-13.218379974365234
rü	-13.219244003295898
▁taf	-13.219339370727539
▁infiltrate	-13.221966743469238
▁tid	-13.22205924987793
gul	-13.222881317138672
▁moha	-13.224738121032715
ushi	-13.225617408752441
▁lama	-13.22615909576416
continental	-13.226374626159668
▁conserve	-13.22714614868164
▁calhoun	-13.227296829223633
▁conspicuous	-13.227296829223633
▁emphasizing	-13.227296829223633
▁gimmick	-13.227296829223633
▁macbeth	-13.227296829223633
▁precursor	-13.227296829223633
▁residue	-13.227296829223633
▁paraguay	-13.227298736572266
▁redevelopment	-13.227314949035645
▁overlapping	-13.22731876373291
▁johannes	-13.227319717407227
▁chaplain	-13.227324485778809
▁remodel	-13.227327346801758
▁voltage	-13.227339744567871
▁gazette	-13.227375984191895
usz	-13.227386474609375
▁regeneration	-13.227411270141602
buck	-13.22768783569336
▁witches	-13.228063583374023
▁proportional	-13.228180885314941
▁downstream	-13.22840404510498
▁yuri	-13.228443145751953
▁lifeboat	-13.2284517288208
▁flattened	-13.228669166564941
▁grange	-13.228680610656738
▁mariah	-13.228765487670898
▁zer	-13.230052947998047
▁viva	-13.230283737182617
▁ubs	-13.230321884155273
▁abort	-13.231163024902344
▁leased	-13.232586860656738
▁mixes	-13.233261108398438
▁progressively	-13.233417510986328
▁tex	-13.233489990234375
▁fragment	-13.23559856414795
▁diver	-13.235740661621094
guchi	-13.236223220825195
▁spear	-13.236994743347168
▁decoration	-13.237114906311035
▁hiro	-13.238886833190918
▁fungi	-13.240351676940918
▁fia	-13.240797996520996
rush	-13.242142677307129
▁vela	-13.243084907531738
▁kron	-13.244624137878418
▁taw	-13.245622634887695
▁periodic	-13.245817184448242
plane	-13.248316764831543
▁teller	-13.248817443847656
ggins	-13.249627113342285
▁slum	-13.250540733337402
▁conti	-13.251859664916992
▁540	-13.25248908996582
hna	-13.253433227539062
assa	-13.253990173339844
▁encompass	-13.254767417907715
▁preferr	-13.254938125610352
wich	-13.25527572631836
▁accumulate	-13.255501747131348
▁oj	-13.255634307861328
fried	-13.25586223602295
▁analog	-13.256193161010742
▁intersect	-13.256627082824707
▁conspirator	-13.25670051574707
▁ambiguous	-13.256709098815918
▁cochran	-13.256709098815918
▁deposed	-13.256709098815918
▁disembark	-13.256709098815918
▁endowment	-13.256709098815918
▁halifax	-13.256709098815918
▁immature	-13.256709098815918
▁intrinsic	-13.256709098815918
▁microscopic	-13.256709098815918
▁odyssey	-13.256709098815918
▁paternal	-13.256709098815918
▁prairie	-13.256709098815918
▁rodríguez	-13.256709098815918
▁vocabulary	-13.256709098815918
▁approx	-13.256710052490234
▁chimney	-13.256710052490234
▁ernst	-13.256710052490234
▁strauss	-13.256717681884766
▁antenna	-13.256722450256348
▁mistress	-13.256730079650879
▁vector	-13.256730079650879
▁birthplace	-13.256793975830078
▁botanical	-13.256796836853027
▁khmer	-13.256826400756836
▁bastion	-13.25686264038086
▁conrad	-13.256889343261719
▁ottoman	-13.256986618041992
▁cornish	-13.257000923156738
▁irene	-13.25708293914795
▁symbolism	-13.25714111328125
▁olaf	-13.257238388061523
▁zhou	-13.25786304473877
▁towed	-13.258134841918945
▁jew	-13.25825023651123
▁lon	-13.258560180664062
▁gamma	-13.25896167755127
▁croatian	-13.260422706604004
▁orient	-13.260759353637695
▁amino	-13.261701583862305
▁1922	-13.262510299682617
▁pho	-13.262890815734863
▁extr	-13.263504981994629
▁haze	-13.264546394348145
▁synth	-13.266158103942871
wr	-13.267101287841797
▁particle	-13.26715087890625
▁organism	-13.267329216003418
▁franz	-13.267585754394531
gni	-13.268062591552734
▁shiva	-13.269410133361816
▁arid	-13.272432327270508
▁1850	-13.275381088256836
vá	-13.276618003845215
▁ascent	-13.279183387756348
dick	-13.280731201171875
▁bry	-13.281120300292969
dean	-13.281180381774902
ichi	-13.283309936523438
▁480	-13.283495903015137
onymous	-13.284200668334961
▁kwa	-13.28439998626709
▁sax	-13.28625774383545
▁resurrect	-13.286835670471191
▁converge	-13.287004470825195
▁appalachian	-13.287012100219727
▁bolivia	-13.287012100219727
▁carnegie	-13.287012100219727
▁concurrent	-13.287012100219727
▁parody	-13.287012100219727
▁peripheral	-13.287012100219727
▁reconnaissance	-13.287012100219727
▁splinter	-13.287012100219727
▁hepburn	-13.287017822265625
▁briggs	-13.287028312683105
▁phosph	-13.287028312683105
▁navajo	-13.287032127380371
▁lincolnshire	-13.287033081054688
▁rochester	-13.2870512008667
▁sicily	-13.287066459655762
▁shelley	-13.287398338317871
▁stanton	-13.287459373474121
▁edith	-13.287577629089355
▁thickness	-13.28827953338623
▁trapping	-13.28846549987793
▁inhabited	-13.288569450378418
▁glyc	-13.289019584655762
▁keenan	-13.289518356323242
▁avenge	-13.291443824768066
▁1929	-13.292485237121582
▁ó	-13.293191909790039
▁237	-13.293513298034668
prop	-13.294638633728027
▁sj	-13.29587173461914
lysis	-13.297459602355957
▁lyrical	-13.297622680664062
▁390	-13.297704696655273
▁chr	-13.29829216003418
▁flowering	-13.298651695251465
▁mig	-13.299610137939453
zhi	-13.30101490020752
logue	-13.302702903747559
▁lombard	-13.306646347045898
istan	-13.307358741760254
▁tib	-13.310816764831543
▁dusk	-13.311195373535156
chel	-13.312820434570312
litz	-13.313179016113281
▁cyst	-13.313874244689941
▁maw	-13.314017295837402
▁millar	-13.314043045043945
▁awaken	-13.315746307373047
▁kilo	-13.316045761108398
culture	-13.317312240600586
malley	-13.318011283874512
▁adjoin	-13.318262100219727
▁affinity	-13.318262100219727
▁chromosom	-13.318262100219727
▁cologne	-13.318262100219727
▁dissatisfied	-13.318262100219727
▁folklore	-13.318262100219727
▁glacial	-13.318262100219727
▁northumberland	-13.318262100219727
▁piracy	-13.318262100219727
▁schizophrenia	-13.318262100219727
▁sylvia	-13.318264961242676
▁timberlake	-13.318269729614258
▁dvd	-13.318272590637207
▁refuel	-13.318275451660156
▁orphanage	-13.3182954788208
▁laguna	-13.318296432495117
▁vapor	-13.318321228027344
▁shipyard	-13.318346977233887
▁sculptor	-13.318364143371582
▁bombay	-13.318424224853516
▁encompasses	-13.318522453308105
▁hutton	-13.318559646606445
▁riff	-13.318613052368164
▁crippled	-13.318822860717773
▁rollins	-13.31904125213623
▁liberated	-13.319053649902344
▁hindered	-13.32076644897461
▁lithuanian	-13.320860862731934
▁directorial	-13.321255683898926
▁cic	-13.323210716247559
▁eaton	-13.323247909545898
▁gregor	-13.32381820678711
▁moll	-13.324148178100586
▁lod	-13.324432373046875
▁slit	-13.326472282409668
▁troupe	-13.327398300170898
quist	-13.327701568603516
▁oldham	-13.32827377319336
▁nesting	-13.328851699829102
▁masa	-13.329316139221191
▁emblem	-13.330374717712402
▁spelled	-13.330537796020508
jima	-13.331281661987305
▁thy	-13.331460952758789
note	-13.334972381591797
▁cassi	-13.33569049835205
▁balti	-13.337606430053711
▁nava	-13.3404541015625
zola	-13.341666221618652
▁pyr	-13.342671394348145
▁clair	-13.343600273132324
▁commando	-13.344529151916504
▁rhi	-13.345703125
unda	-13.347155570983887
▁bono	-13.348587989807129
▁orphan	-13.34939956665039
▁slay	-13.349626541137695
sphere	-13.349813461303711
▁simultaneous	-13.35002326965332
▁ancestry	-13.350520133972168
▁clifton	-13.350520133972168
▁defunct	-13.350520133972168
▁deluxe	-13.350520133972168
▁dickinson	-13.350520133972168
▁dissipate	-13.350520133972168
▁equestrian	-13.350520133972168
▁hostilities	-13.350520133972168
▁mercenaries	-13.350520133972168
▁nirvana	-13.350520133972168
▁pseudo	-13.350520133972168
▁seminole	-13.350521087646484
▁inscription	-13.3505220413208
▁wharf	-13.3505220413208
▁hobbs	-13.350540161132812
▁magnus	-13.350550651550293
▁bueno	-13.350555419921875
▁wrought	-13.350556373596191
▁duct	-13.350582122802734
▁edison	-13.350613594055176
▁codename	-13.350618362426758
▁annexation	-13.350640296936035
▁humorous	-13.350661277770996
▁isabella	-13.350674629211426
▁mansfield	-13.350722312927246
▁migra	-13.350724220275879
▁infantry	-13.350748062133789
▁expressive	-13.350844383239746
▁shoreline	-13.350852012634277
▁minefield	-13.351349830627441
▁classify	-13.351442337036133
▁manpower	-13.351508140563965
▁jenna	-13.351651191711426
▁bosnian	-13.351828575134277
▁eastwood	-13.352553367614746
▁inserted	-13.353072166442871
▁crusader	-13.353236198425293
▁firth	-13.35417366027832
▁1937	-13.3551607131958
▁roost	-13.35688591003418
▁selector	-13.357078552246094
▁1915	-13.357245445251465
▁takeoff	-13.359593391418457
▁196	-13.360969543457031
▁285	-13.360969543457031
oor	-13.36198616027832
▁hier	-13.36248779296875
▁dolphin	-13.3639554977417
▁titula	-13.364801406860352
▁bok	-13.367621421813965
▁loma	-13.368624687194824
▁dunst	-13.368748664855957
▁hyp	-13.36957836151123
▁295	-13.370769500732422
▁clone	-13.371192932128906
▁238	-13.371553421020508
ibility	-13.374977111816406
▁eck	-13.374991416931152
ecki	-13.37511157989502
▁schr	-13.377645492553711
pura	-13.378133773803711
connect	-13.382755279541016
▁compile	-13.382879257202148
▁astronomy	-13.3838529586792
▁derivative	-13.3838529586792
▁diocese	-13.3838529586792
▁exemplifie	-13.3838529586792
▁guthrie	-13.3838529586792
▁serpent	-13.3838529586792
▁smallpox	-13.3838529586792
▁terrestrial	-13.3838529586792
▁wavelength	-13.3838529586792
▁bermuda	-13.383853912353516
▁jarrett	-13.383853912353516
▁pitchfork	-13.383853912353516
▁sensibility	-13.383854866027832
▁disarm	-13.383858680725098
▁adolf	-13.383861541748047
▁hippo	-13.383881568908691
▁auditorium	-13.383883476257324
▁celestia	-13.383885383605957
▁holloway	-13.383889198303223
▁cartridge	-13.383893013000488
▁jacqui	-13.383895874023438
▁vettel	-13.383901596069336
▁penetration	-13.383903503417969
▁ratified	-13.383904457092285
▁weaving	-13.383906364440918
▁viewership	-13.383936882019043
▁quarrel	-13.383941650390625
▁tudor	-13.383951187133789
▁backstory	-13.383956909179688
▁belize	-13.384016990661621
▁remix	-13.384017944335938
▁capsized	-13.384064674377441
▁hartford	-13.384125709533691
▁subjective	-13.384355545043945
▁640	-13.38441276550293
▁northbound	-13.384799003601074
▁zeal	-13.384818077087402
▁granite	-13.384899139404297
▁hooper	-13.385390281677246
▁magician	-13.385601043701172
▁biz	-13.387514114379883
▁flea	-13.387920379638672
▁kaka	-13.38815975189209
▁wrecked	-13.38857364654541
▁galle	-13.389242172241211
▁pottery	-13.389472007751465
lix	-13.390398979187012
▁modul	-13.39056396484375
ydd	-13.39517879486084
▁imitat	-13.39598560333252
▁turbine	-13.39832592010498
action	-13.399186134338379
▁bower	-13.40031623840332
▁originat	-13.400947570800781
▁mott	-13.405301094055176
rama	-13.406692504882812
utz	-13.406795501708984
▁motif	-13.40976619720459
▁wha	-13.411347389221191
▁tron	-13.411965370178223
cuba	-13.413262367248535
▁290	-13.413616180419922
lund	-13.414950370788574
▁torpedo	-13.4183349609375
▁absorption	-13.418335914611816
▁enlarged	-13.418335914611816
▁erroneous	-13.418335914611816
▁garrison	-13.418335914611816
▁neptune	-13.418335914611816
▁repetitive	-13.418335914611816
▁muzzle	-13.418336868286133
▁immuno	-13.418338775634766
▁lantern	-13.418340682983398
▁merging	-13.418342590332031
▁orkney	-13.418343544006348
▁neutron	-13.418347358703613
▁saigon	-13.418351173400879
▁hymn	-13.418417930603027
▁namesake	-13.41853141784668
▁engrave	-13.418534278869629
▁copied	-13.418549537658691
▁nasser	-13.41862964630127
▁viii	-13.418810844421387
▁toxicity	-13.418988227844238
▁fanning	-13.419479370117188
▁dion	-13.419719696044922
▁tasmanian	-13.419821739196777
▁kaif	-13.419844627380371
▁rican	-13.420125961303711
▁sia	-13.421326637268066
clas	-13.42248821258545
▁zealanders	-13.422597885131836
▁1931	-13.423233032226562
▁exiled	-13.423380851745605
▁pickett	-13.42396068572998
champ	-13.426337242126465
▁realism	-13.42684268951416
▁situ	-13.433002471923828
▁1925	-13.435525894165039
xton	-13.440159797668457
ival	-13.440980911254883
▁suffi	-13.442455291748047
▁tao	-13.443264961242676
quar	-13.444138526916504
▁galli	-13.448319435119629
gov	-13.45008373260498
▁invalid	-13.450125694274902
▁950	-13.450883865356445
▁stefani	-13.45252799987793
▁discontinu	-13.45296573638916
chemical	-13.453128814697266
▁rectang	-13.453368186950684
▁petit	-13.453600883483887
▁milne	-13.4540433883667
▁buchanan	-13.454050064086914
▁elisabet	-13.454050064086914
▁lexington	-13.454050064086914
▁lodging	-13.454050064086914
▁muppet	-13.454050064086914
▁platoon	-13.454050064086914
▁pueblo	-13.454050064086914
▁satirical	-13.454050064086914
▁seymour	-13.454050064086914
▁mozart	-13.454051971435547
▁hitchcock	-13.454055786132812
▁varsity	-13.454062461853027
▁wessex	-13.454071044921875
▁regency	-13.454071998596191
▁quarry	-13.454102516174316
▁entrust	-13.454113006591797
▁mythology	-13.45412826538086
▁carcass	-13.454129219055176
▁condoms	-13.454214096069336
▁winchester	-13.454296112060547
▁retake	-13.454325675964355
▁engel	-13.454607009887695
▁ripley	-13.454761505126953
▁hardcore	-13.454916000366211
▁alamo	-13.455099105834961
▁vertically	-13.455269813537598
▁underworld	-13.455316543579102
▁treaties	-13.455382347106934
▁possesses	-13.455449104309082
▁utilized	-13.457780838012695
▁donkey	-13.458219528198242
▁alias	-13.459518432617188
▁1932	-13.459989547729492
▁expresses	-13.46058464050293
▁vega	-13.462199211120605
▁starling	-13.4647855758667
▁severn	-13.468603134155273
▁simba	-13.469352722167969
▁henrik	-13.47513198852539
▁fey	-13.47565746307373
illiard	-13.477790832519531
▁brod	-13.479324340820312
▁disk	-13.480087280273438
ór	-13.481444358825684
▁duch	-13.483512878417969
pora	-13.485418319702148
▁compose	-13.488993644714355
▁287	-13.489168167114258
mission	-13.489187240600586
▁commemorati	-13.490823745727539
▁viola	-13.49096965789795
▁homosexual	-13.491032600402832
▁archaeology	-13.491086959838867
▁belgrade	-13.491086959838867
▁bombardment	-13.491086959838867
▁disciple	-13.491086959838867
▁hemingway	-13.491086959838867
▁macleod	-13.491086959838867
▁melodies	-13.491086959838867
▁melodrama	-13.491086959838867
▁nucleus	-13.491086959838867
▁potassium	-13.491086959838867
▁skirmish	-13.491086959838867
▁strife	-13.491086959838867
▁telugu	-13.491086959838867
▁vulture	-13.491086959838867
▁viscount	-13.491087913513184
▁amphibi	-13.491090774536133
▁pulmonar	-13.491090774536133
▁worcestershire	-13.49109172821045
▁anarchy	-13.491093635559082
▁drummond	-13.491117477416992
▁privy	-13.491128921508789
▁trough	-13.491172790527344
▁finite	-13.49124813079834
▁ethanol	-13.49125862121582
▁610	-13.491348266601562
▁austen	-13.491368293762207
▁constantine	-13.4920072555542
▁spaceship	-13.492724418640137
▁rejoined	-13.494449615478516
▁1934	-13.496869087219238
▁pioneered	-13.496969223022461
bush	-13.497055053710938
▁moderately	-13.499473571777344
▁complexes	-13.499590873718262
▁necessitate	-13.503807067871094
▁concerto	-13.504993438720703
▁birk	-13.50522232055664
▁dime	-13.505946159362793
haven	-13.506644248962402
avia	-13.50711727142334
▁descendant	-13.510668754577637
amine	-13.5137357711792
▁cena	-13.514665603637695
▁470	-13.515040397644043
bility	-13.51587200164795
yang	-13.519024848937988
▁hamlin	-13.527546882629395
▁baha	-13.528536796569824
▁antarctic	-13.529077529907227
▁anglican	-13.529548645019531
▁cromwell	-13.529548645019531
▁emancipation	-13.529548645019531
▁hendrix	-13.529548645019531
▁oscillat	-13.529548645019531
▁proprietor	-13.529548645019531
▁rebellious	-13.529548645019531
▁unsuitable	-13.529548645019531
▁centenary	-13.529550552368164
▁emigrate	-13.52955436706543
▁dialect	-13.52960205078125
▁comedies	-13.529647827148438
▁pronunciation	-13.529654502868652
▁judas	-13.529656410217285
▁centennial	-13.529692649841309
▁posthumously	-13.529953956604004
▁maroon	-13.530275344848633
utobiographical	-13.530344009399414
▁lockhe	-13.530646324157715
▁banjo	-13.53075885772705
▁ramon	-13.530893325805664
▁methodist	-13.531211853027344
▁migrated	-13.531493186950684
cool	-13.531632423400879
▁attained	-13.532140731811523
▁diverge	-13.534311294555664
hau	-13.539488792419434
▁juno	-13.539674758911133
quez	-13.541136741638184
ethyl	-13.546506881713867
▁moro	-13.546515464782715
shore	-13.546966552734375
▁baptiste	-13.54708194732666
rö	-13.549638748168945
loi	-13.552824020385742
▁raider	-13.553152084350586
voy	-13.566102027893066
loop	-13.56726360321045
meyer	-13.568899154663086
▁approximate	-13.569053649902344
▁plural	-13.569506645202637
▁cinematography	-13.569548606872559
▁dissolution	-13.569548606872559
▁larvae	-13.569548606872559
▁primitive	-13.569548606872559
▁sioux	-13.569548606872559
▁wolverines	-13.569548606872559
▁wrestlemania	-13.569548606872559
▁macarthur	-13.569549560546875
▁pixar	-13.569549560546875
▁isotope	-13.569550514221191
▁munitions	-13.569550514221191
▁xxx	-13.569550514221191
▁minogue	-13.569560050964355
▁convergence	-13.569561958312988
▁commemorating	-13.569573402404785
▁tyrant	-13.569633483886719
▁foraging	-13.5697603225708
▁henson	-13.569762229919434
▁shankar	-13.569796562194824
▁missionaries	-13.569806098937988
▁buddha	-13.569955825805664
▁godwin	-13.570052146911621
▁expressway	-13.570148468017578
▁abyss	-13.57031536102295
▁quar	-13.570341110229492
▁royalties	-13.570450782775879
▁speedway	-13.570611953735352
▁volcanoes	-13.570971488952637
▁southbound	-13.571111679077148
▁divi	-13.571120262145996
▁kell	-13.571195602416992
▁1776	-13.571248054504395
▁prism	-13.571561813354492
▁josef	-13.5718355178833
▁mystical	-13.573770523071289
▁whitehead	-13.573853492736816
▁239	-13.574738502502441
▁burge	-13.577520370483398
▁pagan	-13.583597183227539
itter	-13.58394718170166
▁theodore	-13.585054397583008
▁warship	-13.59282398223877
▁rhythmic	-13.596450805664062
▁midland	-13.597896575927734
logical	-13.599042892456055
▁pong	-13.599772453308105
▁oceanic	-13.601923942565918
▁bribe	-13.604997634887695
▁maud	-13.605091094970703
ów	-13.605424880981445
phen	-13.609028816223145
▁brigad	-13.609142303466797
▁besieged	-13.611215591430664
▁bethlehem	-13.611215591430664
▁britannia	-13.611215591430664
▁magnate	-13.611215591430664
▁paranormal	-13.611215591430664
▁percussion	-13.611215591430664
▁philharmonic	-13.611215591430664
▁schwarz	-13.611215591430664
▁cannibal	-13.61121654510498
▁regenerate	-13.61121654510498
▁okinawa	-13.611218452453613
▁radcliffe	-13.611223220825195
▁improvisation	-13.611233711242676
▁sparrow	-13.611237525939941
▁gothic	-13.61124038696289
▁calibre	-13.611241340637207
▁kannada	-13.611248970031738
▁horsepower	-13.61133861541748
▁normandy	-13.611403465270996
ocracy	-13.611409187316895
▁tuft	-13.611781120300293
▁tripoli	-13.61197280883789
▁initiat	-13.612091064453125
▁feng	-13.612519264221191
▁patton	-13.612902641296387
▁machin	-13.61318588256836
▁tetra	-13.613238334655762
▁voyager	-13.613266944885254
▁chron	-13.61386775970459
▁flux	-13.614234924316406
▁pasture	-13.614651679992676
▁oriental	-13.61512279510498
▁1904	-13.615236282348633
▁yuki	-13.615763664245605
▁barley	-13.615915298461914
▁soloist	-13.616026878356934
uzzi	-13.621249198913574
icular	-13.625606536865234
▁yea	-13.625985145568848
▁pastoral	-13.626042366027832
▁specimen	-13.634634971618652
▁distributor	-13.634687423706055
▁papal	-13.641613960266113
trip	-13.646162033081055
▁giro	-13.647732734680176
tropic	-13.64897632598877
family	-13.653779983520508
sexual	-13.653840065002441
▁comparative	-13.654199600219727
▁contemporaries	-13.654693603515625
▁denomination	-13.654693603515625
▁gravitational	-13.654693603515625
▁hereditary	-13.654693603515625
▁locomotive	-13.654693603515625
▁nautical	-13.654693603515625
▁nocturnal	-13.654693603515625
▁numerical	-13.654693603515625
▁subdivision	-13.654693603515625
▁suffrage	-13.654693603515625
▁syllable	-13.654693603515625
▁zagreb	-13.654693603515625
▁seduce	-13.654694557189941
▁rufus	-13.654695510864258
▁reddish	-13.654701232910156
▁plunder	-13.654707908630371
▁gradient	-13.654711723327637
▁titanium	-13.654728889465332
▁omitted	-13.654729843139648
▁eliot	-13.654784202575684
▁sava	-13.654818534851074
▁scripture	-13.654870986938477
▁atheist	-13.654882431030273
▁transcription	-13.654913902282715
▁slant	-13.65502643585205
▁denny	-13.655058860778809
▁sandstone	-13.655086517333984
▁disbanded	-13.655399322509766
▁crete	-13.65552806854248
▁signify	-13.655558586120605
▁squadron	-13.655964851379395
▁weaponry	-13.65606689453125
▁schar	-13.657991409301758
▁grasses	-13.658136367797852
▁revolver	-13.658896446228027
▁lenin	-13.65970230102539
▁polit	-13.662059783935547
cision	-13.662189483642578
▁syl	-13.668306350708008
developed	-13.668644905090332
▁shaman	-13.669059753417969
▁cede	-13.67078971862793
▁modification	-13.68017292022705
▁trustee	-13.682659149169922
andra	-13.682805061340332
▁satya	-13.684281349182129
▁symbolize	-13.690401077270508
▁tav	-13.692209243774414
▁austral	-13.693330764770508
▁vick	-13.695289611816406
enthal	-13.69533634185791
▁supervis	-13.695385932922363
▁abbot	-13.69604206085205
▁vita	-13.69706916809082
▁mediocr	-13.69998836517334
▁cartwright	-13.700148582458496
▁eisenhower	-13.700148582458496
▁eurasian	-13.700148582458496
▁frequencies	-13.700148582458496
▁geometric	-13.700148582458496
▁pharaoh	-13.700148582458496
▁prequel	-13.700148582458496
▁repertoire	-13.700148582458496
▁sociology	-13.700149536132812
▁eminem	-13.700150489807129
▁oswald	-13.700157165527344
▁anzac	-13.700183868408203
▁banquet	-13.700187683105469
▁spoof	-13.7001953125
▁neumann	-13.700216293334961
▁vargas	-13.700250625610352
▁dudley	-13.700299263000488
▁fritz	-13.700528144836426
▁darlington	-13.700650215148926
▁confesses	-13.700672149658203
▁yoko	-13.701011657714844
▁excavated	-13.701192855834961
▁modernization	-13.701470375061035
▁shale	-13.70177936553955
▁cgi	-13.70302677154541
▁mariana	-13.703601837158203
▁grassland	-13.703847885131836
▁bergen	-13.704251289367676
▁petri	-13.707653045654297
▁pyro	-13.708559036254883
▁navi	-13.708780288696289
▁roa	-13.711054801940918
▁yong	-13.712712287902832
▁bulge	-13.712909698486328
▁ganesh	-13.716133117675781
chester	-13.716558456420898
▁synchron	-13.718547821044922
▁bridg	-13.724102020263672
suke	-13.732550621032715
▁scandinavia	-13.747161865234375
▁posthumous	-13.747262954711914
diction	-13.747506141662598
▁aguilera	-13.747767448425293
▁calculus	-13.747767448425293
▁counterattack	-13.747767448425293
▁czechoslovakia	-13.747767448425293
▁equilibrium	-13.747767448425293
▁furnace	-13.747767448425293
▁gilchrist	-13.747767448425293
▁harbhajan	-13.747767448425293
▁hiroshima	-13.747767448425293
▁inclination	-13.747767448425293
▁invertebrate	-13.747767448425293
▁monastery	-13.747767448425293
▁rockefeller	-13.747767448425293
▁scuttle	-13.747767448425293
▁tyrannosaur	-13.747767448425293
▁ultraviolet	-13.747767448425293
▁venetian	-13.747767448425293
▁wichita	-13.747767448425293
▁aubrey	-13.74776840209961
ectomy	-13.747769355773926
▁summariz	-13.747783660888672
▁wiggins	-13.747800827026367
▁narration	-13.747851371765137
▁limestone	-13.747854232788086
▁brahm	-13.748125076293945
▁advisories	-13.748160362243652
▁oakley	-13.748310089111328
▁patrolled	-13.748390197753906
▁lutheran	-13.748418807983398
▁winehouse	-13.748567581176758
▁headlining	-13.748896598815918
▁denote	-13.748991966247559
▁vocalist	-13.750383377075195
▁connector	-13.754170417785645
▁kraj	-13.763298988342285
▁equator	-13.765216827392578
finger	-13.767362594604492
ttering	-13.771651268005371
oxid	-13.786419868469238
▁nitro	-13.787604331970215
▁continu	-13.790448188781738
four	-13.79255485534668
historic	-13.79684829711914
▁cyclo	-13.797593116760254
▁confluence	-13.797767639160156
▁empirical	-13.797767639160156
▁enlightenment	-13.797767639160156
▁miniseries	-13.797767639160156
▁piccadilly	-13.797767639160156
▁thoroughbred	-13.797767639160156
▁baroque	-13.797768592834473
▁peptide	-13.797768592834473
▁coarse	-13.797791481018066
▁magdalen	-13.797795295715332
▁relativity	-13.79780101776123
▁cobain	-13.797810554504395
▁conquest	-13.79785442352295
▁favorably	-13.797922134399414
▁geologist	-13.797958374023438
▁lipid	-13.798224449157715
▁invaders	-13.798246383666992
▁madras	-13.798370361328125
ngular	-13.798727989196777
▁prepara	-13.798791885375977
leaf	-13.79887580871582
▁yoshi	-13.803511619567871
borg	-13.823169708251953
▁mahesh	-13.829988479614258
▁constituent	-13.830543518066406
▁luci	-13.831887245178223
▁leng	-13.83668041229248
▁tsar	-13.844305038452148
second	-13.8494873046875
▁accompaniment	-13.850399017333984
▁adriatic	-13.850399017333984
▁compilation	-13.850399017333984
▁decommissioned	-13.850399017333984
▁kubrick	-13.850399017333984
▁millimeter	-13.850399017333984
▁requiem	-13.850399017333984
▁saxophone	-13.850399017333984
▁diagonal	-13.8503999710083
▁kuiper	-13.850400924682617
▁jesuit	-13.85040283203125
▁synthesize	-13.850406646728516
▁divergence	-13.850412368774414
▁witchcraft	-13.850428581237793
▁hammersmith	-13.850448608398438
▁tombstone	-13.850469589233398
▁friedrich	-13.850492477416992
▁imitation	-13.850492477416992
▁spaniel	-13.85050106048584
▁genealog	-13.850530624389648
▁vickers	-13.850582122802734
▁wwf	-13.8506441116333
▁frigate	-13.850652694702148
▁chong	-13.851040840148926
▁greco	-13.851306915283203
▁eddy	-13.851444244384766
▁bisc	-13.851664543151855
▁scotia	-13.85198974609375
▁cartoonist	-13.853256225585938
▁magma	-13.853389739990234
▁rené	-13.85643196105957
cliff	-13.868327140808105
▁primo	-13.878092765808105
drome	-13.896390914916992
▁rook	-13.903353691101074
biographical	-13.90479850769043
extraterrestrial	-13.905954360961914
▁alternating	-13.905954360961914
▁archibald	-13.905954360961914
▁draught	-13.905954360961914
▁gymnasium	-13.905954360961914
▁labyrinth	-13.905954360961914
▁presbyterian	-13.905954360961914
▁prophecy	-13.905954360961914
▁shrewsbury	-13.905954360961914
▁yugoslavia	-13.905954360961914
▁encircle	-13.90595531463623
▁sulfur	-13.90595531463623
▁empress	-13.905960083007812
▁dartmouth	-13.905980110168457
▁louvre	-13.905994415283203
▁lockout	-13.906455993652344
street	-13.906587600708008
▁arbor	-13.906620025634766
▁gö	-13.908987045288086
temporal	-13.941853523254395
symmetrical	-13.953471183776855
▁amplifie	-13.963567733764648
▁abbreviated	-13.964777946472168
▁biographies	-13.964777946472168
▁calcutta	-13.964777946472168
▁confederacy	-13.964777946472168
▁corporal	-13.964777946472168
▁dungeon	-13.964777946472168
▁episcopal	-13.964777946472168
▁mathematician	-13.964777946472168
▁mitochondria	-13.964777946472168
▁oppenheim	-13.964777946472168
▁prerogative	-13.964777946472168
▁sarajevo	-13.964777946472168
▁propagate	-13.9647798538208
▁vulcan	-13.964780807495117
▁anarchist	-13.964783668518066
▁mountaineers	-13.964786529541016
▁heinrich	-13.964788436889648
ewicz	-13.964818000793457
▁cortex	-13.964824676513672
▁guildford	-13.9649076461792
▁morrissey	-13.964917182922363
▁clover	-13.964990615844727
▁mormon	-13.964994430541992
▁carlsen	-13.965113639831543
▁licht	-13.970026016235352
▁glob	-13.999201774597168
▁astronomer	-14.00731372833252
▁predominant	-14.02678108215332
▁convent	-14.027195930480957
▁cavalry	-14.027277946472168
▁cumberland	-14.027277946472168
▁pamphlet	-14.027277946472168
▁raccoon	-14.027277946472168
▁anterior	-14.027278900146484
▁pryce	-14.0272798538208
▁symphoni	-14.0272798538208
▁cassette	-14.027281761169434
▁nassau	-14.027284622192383
▁opined	-14.0272855758667
▁nuclei	-14.027294158935547
▁drumming	-14.027299880981445
▁smackdown	-14.02731990814209
▁chariot	-14.02734375
▁rosberg	-14.027433395385742
▁haifa	-14.027514457702637
fitted	-14.02849006652832
cephal	-14.036219596862793
▁iberia	-14.036243438720703
▁shrub	-14.073857307434082
▁archaeologist	-14.073914527893066
▁disband	-14.092927932739258
▁embankment	-14.093944549560547
▁galveston	-14.093944549560547
▁geometry	-14.093944549560547
▁populace	-14.093944549560547
▁sabbath	-14.093944549560547
▁subordinate	-14.093944549560547
▁geyser	-14.093945503234863
▁hydroxy	-14.09394645690918
▁whedon	-14.09394645690918
▁ambrose	-14.093950271606445
skeletal	-14.09397029876709
▁thunderbirds	-14.093982696533203
▁usurp	-14.094758987426758
▁twentie	-14.145374298095703
released	-14.16445541381836
▁metamorph	-14.165371894836426
▁commodore	-14.165372848510742
▁cretaceous	-14.165373802185059
▁dynasti	-14.165373802185059
▁elongated	-14.165373802185059
▁juniper	-14.165373802185059
▁northumbria	-14.165373802185059
▁periphery	-14.165373802185059
▁rendezvous	-14.165373802185059
▁scientology	-14.165373802185059
▁symmetry	-14.165373802185059
▁triangular	-14.165373802185059
▁vishnu	-14.165373802185059
▁atlantis	-14.165374755859375
▁edict	-14.165390968322754
▁helium	-14.16540241241455
▁puritan	-14.16540813446045
▁sherwood	-14.165410995483398
▁diagram	-14.165411949157715
▁guadal	-14.165420532226562
▁graphite	-14.165422439575195
▁middlesex	-14.165427207946777
▁marquis	-14.16543960571289
▁trunca	-14.165459632873535
▁pneu	-14.1654691696167
▁parasiti	-14.16549301147461
ectoral	-14.172036170959473
▁redevelop	-14.216039657592773
▁remnant	-14.222271919250488
cellular	-14.241371154785156
factory	-14.241377830505371
€	-15.511183738708496
★	-15.845406532287598
£	-15.84550666809082
